/*
SQLyog Enterprise - MySQL GUI v8.12 
MySQL - 5.6.21 : Database - www.wawjob.com
*********************************************************************
*/

/*!40101 SET NAMES utf8 */;

/*!40101 SET SQL_MODE=''*/;

/*!40014 SET @OLD_FOREIGN_KEY_CHECKS=@@FOREIGN_KEY_CHECKS, FOREIGN_KEY_CHECKS=0 */;
/*!40101 SET @OLD_SQL_MODE=@@SQL_MODE, SQL_MODE='NO_AUTO_VALUE_ON_ZERO' */;

CREATE DATABASE /*!32312 IF NOT EXISTS*/`www.wawjob.com` /*!40100 DEFAULT CHARACTER SET latin1 */;

USE `www.wawjob.com`;

/*Table structure for table `categories` */

DROP TABLE IF EXISTS `categories`;

CREATE TABLE `categories` (
  `id` int(10) unsigned NOT NULL AUTO_INCREMENT,
  `type` tinyint(3) unsigned NOT NULL DEFAULT '0',
  `name` varchar(256) COLLATE utf8_unicode_ci NOT NULL,
  `desc` varchar(255) COLLATE utf8_unicode_ci DEFAULT NULL,
  `parent_id` int(10) unsigned DEFAULT NULL,
  `order` smallint(5) unsigned DEFAULT NULL,
  `deleted_at` timestamp NULL DEFAULT NULL,
  PRIMARY KEY (`id`),
  KEY `categories_parent_id_index` (`parent_id`)
) ENGINE=InnoDB AUTO_INCREMENT=91 DEFAULT CHARSET=utf8 COLLATE=utf8_unicode_ci;

/*Data for the table `categories` */

insert  into `categories`(`id`,`type`,`name`,`desc`,`parent_id`,`order`,`deleted_at`) values (1,0,'<EN>Web Development</EN><kp>웨브개발</kp><ch>网站发展</ch>','Web Development',NULL,0,NULL),(2,0,'<en>Web Design</en><kp>웨브설계</kp><ch>网站设计</ch>','Web Design',1,0,NULL),(3,0,'<en>Web Programming</en><ch>网站编程</ch><kp>웨브프로그람</kp>','Web Programming',1,1,NULL),(4,0,'<en>Ecommerce</en><ch>电子商业</ch><kp>전자상업</kp>','Ecommerce',1,2,NULL),(5,0,'<en>UI Design</en><ch>接口设计</ch><kp>대면부설계</kp>','UI Design',1,3,NULL),(6,0,'<en>Website QA</en><ch>检验网站</ch><kp>웨브싸이트검사</kp>','Website QA',1,4,NULL),(7,0,'<en>Web Project Management</en><ch>Web项目管理</ch><kp>웨브프로젝트관리</kp>','Website Project Management',1,5,NULL),(8,0,'<en>Other Web Development</en><ch>其他Web开发</ch><kp>기타 웨브개발</kp>','Other - Web Development',1,6,NULL),(9,0,'<en>Software Development</en><ch>软件开发</ch><kp>쏘프트웨어개발</kp>','Software Development',NULL,1,NULL),(10,0,'<en>Desktop Applications</en><ch>Desktop应用程序</ch><kp>Desktop응용프로그람</kp>','Desktop Applications',9,0,NULL),(11,0,'<en>Game Development</en><ch>游戏开发</ch><kp>오락개발</kp>','Game Development',9,1,NULL),(12,0,'<en>Scripts & Utilities</en><ch>脚本和公用程序</ch><kp>스크립트 및 도구</kp>','Scripts & Utilities',9,2,NULL),(13,0,'<en>Software Plug-ins</en><ch>软件插件</ch><kp>쏘프트웨어 Plug-in</kp>','Software Plug-ins',9,3,NULL),(14,0,'<en>Mobile Apps</en><ch>移动端程序</ch><kp>이동말단용프로그람</kp>','Mobile Apps',9,4,NULL),(15,0,'<en>Application Interface Design</en><ch>程序接口设计</ch><kp>대면부설계</kp>','Application Interface Design',9,5,NULL),(16,0,'<en>Software Project Management</en><ch>软件项目管理</ch><kp>쏘프트웨어프로젝트관리</kp>','Software Project Management',9,6,NULL),(17,0,'<en>Software QA</en><ch>检验软件</ch><kp>쏘프트웨어검사</kp>','Software QA',9,7,NULL),(18,0,'<en>VOIP</en><ch>VOIP</ch><kp>VOIP</kp>','VOIP',9,8,NULL),(19,0,'<en>Other - Software Development</en><ch>其他软件开发</ch><kp>기타 쏘프트웨어개발</kp>','Other - Software Development',9,9,NULL),(20,0,'<en>Networking & Information Systems</en><ch>网络和信息系统</ch><kp>망 및 정보체계</kp>','Networking & Information Systems',NULL,2,NULL),(21,0,'<en>Network Administration</en><ch>网络管理</ch><kp>망관리</kp>','Network Administration',20,0,NULL),(22,0,'<en>DBA - Database Administration</en><ch>数据库管理</ch><kp>자료기지관리</kp>','DBA - Database Administration',20,1,NULL),(23,0,'<en>Server Administration</en><ch>服务器管理</ch><kp>봉사기관리</kp>','Server Administration',20,2,NULL),(24,0,'<en>Other - Networking & Information Systems</en><ch>其他网络管理系统</ch><kp>기타 망관리체계</kp>','Other - Networking & Information Systems',20,3,NULL),(25,0,'<en>ERP / CRM Implementation</en><ch>实现ERP / CRM</ch><kp>ERP / CRM실현</kp>','ERP / CRM Implementation',20,4,NULL),(26,0,'<en>Writing & Translation</en><ch>写作和翻译</ch><kp>글쓰기 및 번역</kp>','Writing & Translation',NULL,3,NULL),(27,0,'<en>Technical Writing</en><ch>技术关联</ch><kp>기술관련</kp>','Technical Writing',26,0,NULL),(28,0,'<en>Website Content</en><ch>网站内容</ch><kp>웨브싸이트내용</kp>','Website Content',26,1,NULL),(29,0,'<en>Blog & Article Writing</en><ch>写博客和文章</ch><kp>블로그 및 기사작성</kp>','Blog & Article Writing',26,2,NULL),(30,0,'<en>Copywriting</en><ch>写广告文</ch><kp>광고문작성</kp>','Copywriting',26,3,NULL),(31,0,'<en>Other - Writing & Translation</en><ch>其他写作和翻译</ch><kp>기타 글쓰기 및 번역</kp>','Other - Writing & Translation',26,4,NULL),(32,0,'<en>Translation</en><ch>翻译</ch><kp>번역</kp>','Translation',26,5,NULL),(33,0,'<en>Creative Writing</en><ch>创作</ch><kp>창작</kp>','Creative Writing',26,6,NULL),(34,0,'<en>Administrative Support</en><ch>管理支持</ch><kp>관리적지원</kp>','Administrative Support',NULL,4,NULL),(35,0,'<en>Data Entry</en><ch>数据输入</ch><kp>자료입력</kp>','Data Entry',34,0,NULL),(36,0,'<en>Personal Assistant</en><ch>个人助手</ch><kp>개인조수</kp>','Personal Assistant',34,1,NULL),(37,0,'<en>Web Research</en><ch>网站调查</ch><kp>망조사</kp>','Web Research',34,2,NULL),(38,0,'<en>Email Response Handling</en><ch>邮件答应处理</ch><kp>Email응답처리</kp>','Email Response Handling',34,3,NULL),(39,0,'<en>Other - Administrative Support</en><ch>其他管理支持</ch><kp>기타 관리적지원</kp>','Other - Administrative Support',34,4,NULL),(40,0,'<en>Transcription</en><ch>誊写</ch><kp>필사</kp>','Transcription',34,5,NULL),(41,0,'<en>Design & Multimedia</en><ch>设计和多媒体</ch><kp>설계 및 다매체</kp>','Design & Multimedia',NULL,5,NULL),(42,0,'<en>Graphic Design</en><ch>图形设计</ch><kp>그라픽설계</kp>','Graphic Design',41,0,NULL),(43,0,'<en>Logo Design</en><ch>标志设计</ch><kp>Logo설계</kp>','Logo Design',41,1,NULL),(44,0,'<en>Illustration</en><ch>插画</ch><kp>삽화</kp>','Illustration',41,2,NULL),(45,0,'<en>Print Design</en><ch>打印设计</ch><kp>인쇄설계</kp>','Print Design',41,3,NULL),(46,0,'<en>3D Modeling & CAD</en><ch>三维造型和CAD</ch><kp>3차원모델작성 및 CAD</kp>','3D Modeling & CAD',41,4,NULL),(47,0,'<en>Audio Production</en><ch>声音制作</ch><kp>음성제작</kp>','Audio Production',41,5,NULL),(48,0,'<en>Video Production</en><ch>视频制作</ch><kp>동영상제작</kp>','Video Production',41,6,NULL),(49,0,'<en>Voice Talent</en><ch>声音才能</ch><kp>목소리인재</kp>','Voice Talent',41,7,NULL),(50,0,'<en>Animation</en><ch>动画制作</ch><kp>동화제작</kp>','Animation',41,8,NULL),(51,0,'<en>Other - Design & Multimedia</en><ch>其他设计和多媒体</ch><kp>기타 설계 및 다매체</kp>','Other - Design & Multimedia',41,9,NULL),(52,0,'<en>Presentations</en><ch>展示物</ch><kp>선전물작성</kp>','Presentations',41,10,NULL),(53,0,'<en>Engineering & Technical Design</en><ch>工程技术和技术设计</ch><kp>기술공학 및 설계</kp>','Engineering & Technical Design',41,11,NULL),(54,0,'<en>Customer Service</en><ch>顾客服务</ch><kp>고객봉사</kp>','Customer Service',NULL,6,NULL),(55,0,'<en>Customer Service & Support</en><ch>顾客服务和支持</ch><kp>고객봉사 및 지원</kp>','Customer Service & Support',54,0,NULL),(56,0,'<en>Technical Support</en><ch>技术支持</ch><kp>기술봉사</kp>','Technical Support',54,1,NULL),(57,0,'<en>Phone Support</en><ch>电话支持</ch><kp>전화봉사</kp>','Phone Support',54,2,NULL),(58,0,'<en>Other - Customer Service</en><ch>其他顾客服务</ch><kp>기타 고객봉사</kp>','Other - Customer Service',54,4,NULL),(59,0,'<en>Order Processing</en><ch>处理订单</ch><kp>주문처리</kp>','Order Processing',54,3,NULL),(60,0,'<en>Sales & Marketing</en><ch>销售业务</ch><kp>판매 및 시장개척</kp>','Sales & Marketing',NULL,7,NULL),(61,0,'<en>Advertising</en><ch>广告</ch><kp>광고</kp>','Advertising',60,0,NULL),(62,0,'<en>Email Marketing</en><ch>邮件营销</ch><kp>전자우편마케팅</kp>','Email Marketing',60,1,NULL),(63,0,'<en>SEM - Search Engine Marketing</en><ch>搜索引擎营销</ch><kp>검색엔진마케팅</kp>','SEM - Search Engine Marketing',60,2,NULL),(64,0,'<en>SMM - Social Media Marketing</en><ch>社会媒体营销</ch><kp>사회매체마케팅</kp>','SMM - Social Media Marketing',60,4,NULL),(65,0,'<en>PR - Public Relations</en><ch>公报</ch><kp>공보활동</kp>','PR - Public Relations',60,5,NULL),(66,0,'<en>Telemarketing & Telesales</en><ch>电话广告和销售</ch><kp>전화를 통한 광고 및 판매</kp>','Telemarketing & Telesales',60,6,NULL),(67,0,'<en>Market Research & Surveys</en><ch>市场调查</ch><kp>시장조사 </kp>','Market Research & Surveys',60,7,NULL),(68,0,'<en>Sales & Lead Generation</en><ch>销售和联系</ch><kp>판매 및 통신</kp>','Sales & Lead Generation',60,8,NULL),(69,0,'<en>Other - Sales & Marketing</en><ch>其他营销</ch><kp>기타 판매 및 시장개척</kp>','Other - Sales & Marketing',60,10,NULL),(70,0,'<en>SEO - Search Engine Optimization</en><ch>搜索引擎优化</ch><kp>검색엔진최량화</kp>','SEO - Search Engine Optimization',60,3,NULL),(71,0,'<en>Business Plans & Marketing Strategy</en><ch>企业策划和营销战略</ch><kp>기업계획 및 시장전략</kp>','Business Plans & Marketing Strategy',60,9,NULL),(72,0,'<en>Business Services</en><ch>企业服务</ch><kp>기업봉사</kp>','Business Services',NULL,8,NULL),(73,0,'<en>Accounting</en><ch>会计</ch><kp>회계</kp>','Accounting',72,0,NULL),(74,0,'<en>HR / Payroll</en><ch>HR/工资单</ch><kp>HR/생활비목록</kp>','HR / Payroll',72,1,NULL),(75,0,'<en>Financial Services & Planning</en><ch>财政服务和计划</ch><kp>재정봉사 및 계획</kp>','Financial Services & Planning',72,2,NULL),(76,0,'<en>Payment Processing</en><ch>支付处理</ch><kp>지불처리</kp>','Payment Processing',72,3,NULL),(77,0,'<en>Legal</en><ch>法律上的</ch><kp>법률관련</kp>','Legal',72,4,NULL),(78,0,'<en>Project Management</en><ch>项目管理</ch><kp>프로젝트관리</kp>','Project Management',72,5,NULL),(79,0,'<en>Business Consulting</en><ch>企业咨询</ch><kp>기업자문</kp>','Business Consulting',72,6,NULL),(80,0,'<en>Recruiting</en><ch>征募</ch><kp>인원모집</kp>','Recruiting',72,7,NULL),(81,0,'<en>Statistical Analysis</en><ch>统计分析</ch><kp>통계분석</kp>','Statistical Analysis',72,8,NULL),(82,0,'<en>Other - Business Services</en><ch>其他企业服务</ch><kp>기타 기업봉사</kp>','Other - Business Services',72,10,NULL),(83,0,'<en>Bookkeeping</en><ch>簿记</ch><kp>부기</kp>','Bookkeeping',72,9,NULL),(84,3,'<en>General Questions</en><CH>一般的问题</CH><KP>일반적인 문제들:</KP>',NULL,NULL,0,NULL),(85,3,'Membership',NULL,NULL,1,NULL),(86,3,'Terms Of Service',NULL,NULL,2,NULL),(87,3,'License Terms',NULL,NULL,3,NULL),(88,3,'Payment Rules',NULL,NULL,4,NULL),(89,3,'Other Questions',NULL,NULL,5,NULL),(90,3,'Buyer',NULL,NULL,0,'2016-04-01 07:33:39');

/*Table structure for table `contract_feedbacks` */

DROP TABLE IF EXISTS `contract_feedbacks`;

CREATE TABLE `contract_feedbacks` (
  `id` int(10) unsigned NOT NULL AUTO_INCREMENT,
  `contract_id` int(10) unsigned NOT NULL,
  `buyer_score` double(8,2) DEFAULT NULL COMMENT 'Score buyer gets from freelancer.',
  `buyer_score_detail` varchar(1024) COLLATE utf8_unicode_ci DEFAULT NULL,
  `buyer_feedback` varchar(1024) COLLATE utf8_unicode_ci DEFAULT NULL COMMENT 'Feedback freelancer leaves to buyer.',
  `is_buyer_feedback_public` tinyint(1) NOT NULL DEFAULT '1',
  `buyer_feedback_status` tinyint(3) unsigned NOT NULL DEFAULT '0',
  `freelancer_score` double(8,2) DEFAULT NULL,
  `freelancer_score_detail` varchar(1024) COLLATE utf8_unicode_ci DEFAULT NULL,
  `freelancer_feedback` varchar(1024) COLLATE utf8_unicode_ci DEFAULT NULL,
  `is_freelancer_feedback_public` tinyint(1) NOT NULL DEFAULT '1',
  `freelancer_feedback_status` tinyint(3) unsigned NOT NULL DEFAULT '0',
  `created_at` timestamp NULL DEFAULT NULL,
  `updated_at` timestamp NULL DEFAULT NULL,
  `deleted_at` timestamp NULL DEFAULT NULL,
  PRIMARY KEY (`id`),
  KEY `contract_feedbacks_contract_id_index` (`contract_id`)
) ENGINE=InnoDB AUTO_INCREMENT=10 DEFAULT CHARSET=utf8 COLLATE=utf8_unicode_ci;

/*Data for the table `contract_feedbacks` */

insert  into `contract_feedbacks`(`id`,`contract_id`,`buyer_score`,`buyer_score_detail`,`buyer_feedback`,`is_buyer_feedback_public`,`buyer_feedback_status`,`freelancer_score`,`freelancer_score_detail`,`freelancer_feedback`,`is_freelancer_feedback_public`,`freelancer_feedback_status`,`created_at`,`updated_at`,`deleted_at`) values (1,11,NULL,NULL,NULL,1,0,3.00,NULL,'Good freelancer',1,0,NULL,NULL,NULL),(2,1,0.00,NULL,'',1,0,4.00,NULL,'Good freelancer',1,0,NULL,NULL,NULL),(3,2,5.00,NULL,'I clse this contract \r\nYou are a monster',1,0,2.00,NULL,'Good freelancer',1,0,NULL,NULL,NULL),(4,12,4.80,NULL,'Great',1,0,4.00,NULL,'Good freelancer',1,0,NULL,NULL,NULL),(5,13,0.00,NULL,'Rate = 0',1,0,2.00,NULL,'Good freelancer',1,0,NULL,NULL,NULL),(6,7,5.00,NULL,'He is very good\r\n',1,0,1.00,NULL,'Good freelancer',1,0,NULL,NULL,NULL),(7,4,NULL,NULL,NULL,1,0,4.00,NULL,'Good freelancer',1,0,NULL,NULL,NULL),(8,5,NULL,NULL,NULL,1,0,0.00,NULL,'',1,0,NULL,NULL,NULL),(9,6,NULL,NULL,NULL,1,0,5.00,NULL,'OooooooHhhhhhhh',1,0,NULL,NULL,NULL);

/*Table structure for table `contract_meters` */

DROP TABLE IF EXISTS `contract_meters`;

CREATE TABLE `contract_meters` (
  `id` int(10) unsigned NOT NULL AUTO_INCREMENT COMMENT 'Contract ID',
  `last_total_mins` int(10) unsigned NOT NULL DEFAULT '0' COMMENT 'Total minutes by last week',
  `last_total_amount` decimal(10,2) unsigned NOT NULL DEFAULT '0.00' COMMENT 'Total amount by last week (buyer)',
  `this_mins` smallint(5) unsigned NOT NULL DEFAULT '0' COMMENT 'Minutes this week\r\n',
  `this_amount` decimal(10,2) unsigned NOT NULL DEFAULT '0.00' COMMENT 'Amount of this week\r\n (buyer)',
  `total_mins` int(10) unsigned NOT NULL DEFAULT '0' COMMENT 'Total minutes by now\r\n',
  `total_amount` decimal(10,2) unsigned NOT NULL DEFAULT '0.00' COMMENT 'Total amounts by now\r\n (buyer)',
  PRIMARY KEY (`id`)
) ENGINE=InnoDB AUTO_INCREMENT=17 DEFAULT CHARSET=latin1;

/*Data for the table `contract_meters` */

insert  into `contract_meters`(`id`,`last_total_mins`,`last_total_amount`,`this_mins`,`this_amount`,`total_mins`,`total_amount`) values (1,0,'0.00',20,'7.41',20,'7.41'),(2,0,'0.00',0,'0.00',0,'100.00'),(4,0,'0.00',280,'119.28',40,'17.04'),(6,0,'0.00',0,'0.00',0,'400.00'),(7,0,'0.00',0,'0.00',0,'200.00'),(10,0,'0.00',60,'31.50',60,'31.50'),(12,0,'0.00',0,'0.00',0,'0.00'),(13,0,'0.00',0,'0.00',0,'333.00'),(14,0,'0.00',0,'0.00',0,'0.00'),(15,0,'0.00',0,'0.00',0,'0.00'),(16,0,'0.00',0,'0.00',0,'0.00');

/*Table structure for table `contracts` */

DROP TABLE IF EXISTS `contracts`;

CREATE TABLE `contracts` (
  `id` int(10) unsigned NOT NULL AUTO_INCREMENT,
  `title` varchar(255) COLLATE utf8_unicode_ci NOT NULL,
  `buyer_id` int(10) unsigned NOT NULL,
  `contractor_id` int(10) unsigned NOT NULL,
  `project_id` int(10) unsigned NOT NULL,
  `application_id` int(10) unsigned NOT NULL,
  `type` tinyint(1) NOT NULL DEFAULT '0' COMMENT '0: Fixed, 1: Hourly',
  `price` decimal(20,2) NOT NULL,
  `limit` smallint(5) unsigned NOT NULL DEFAULT '0',
  `is_allowed_manual_time` tinyint(1) NOT NULL DEFAULT '1',
  `status` smallint(5) unsigned NOT NULL DEFAULT '0',
  `started_at` timestamp NULL DEFAULT NULL,
  `ended_at` timestamp NULL DEFAULT NULL,
  `closed_by` tinyint(1) unsigned NOT NULL DEFAULT '0' COMMENT '0: by buyer, 1: by freelancer',
  `closed_reason` varchar(512) COLLATE utf8_unicode_ci NOT NULL DEFAULT '',
  `created_at` timestamp NULL DEFAULT NULL,
  `updated_at` timestamp NULL DEFAULT NULL,
  `deleted_at` timestamp NULL DEFAULT NULL,
  PRIMARY KEY (`id`),
  KEY `contracts_buyer_id_index` (`buyer_id`),
  KEY `contracts_contractor_id_index` (`contractor_id`),
  KEY `contracts_project_id_index` (`project_id`),
  KEY `contracts_application_id_index` (`application_id`)
) ENGINE=InnoDB AUTO_INCREMENT=17 DEFAULT CHARSET=utf8 COLLATE=utf8_unicode_ci;

/*Data for the table `contracts` */

insert  into `contracts`(`id`,`title`,`buyer_id`,`contractor_id`,`project_id`,`application_id`,`type`,`price`,`limit`,`is_allowed_manual_time`,`status`,`started_at`,`ended_at`,`closed_by`,`closed_reason`,`created_at`,`updated_at`,`deleted_at`) values (1,'Wordpress Developer',7,5,1,1,1,'22.22',3,1,9,'2015-09-10 09:48:03','2016-04-08 21:38:39',0,'Finished','2015-09-10 03:38:03','2016-04-08 21:38:39',NULL),(2,'Wordpress Developer Required',7,5,2,2,1,'27.78',0,1,9,'2015-10-26 09:48:03','2016-04-08 21:46:09',0,'Finished','2015-10-25 13:38:03','2016-04-08 21:46:09',NULL),(4,'Drupal Developer Required',7,2,2,3,1,'25.56',4,1,1,'2015-10-31 09:46:03','2016-04-08 18:21:31',0,'Finished','2015-10-30 12:38:09','2016-04-08 18:21:31',NULL),(5,'Another Drupal Developer Required',7,3,2,4,1,'44.44',2,1,1,'2015-11-03 09:46:03','2016-04-08 18:35:29',0,'Finished','2015-11-01 11:38:09','2016-04-08 18:35:29',NULL),(6,'Magento Developer Required',7,3,4,5,0,'9000.00',0,0,9,'2015-11-05 19:46:03','2016-04-08 19:01:45',0,'Finished','2015-11-04 03:39:09','2016-04-08 19:01:45',NULL),(7,'Magento Guru',7,5,4,6,0,'5000.00',0,0,9,'2015-11-05 19:46:03','0000-00-00 00:00:00',1,'Finished','2015-11-04 03:39:09','2016-04-08 23:04:33',NULL),(10,'Wawjob designer',9,2,8,8,1,'31.50',40,1,1,'2016-03-31 07:00:02','0000-00-00 00:00:00',0,'','2016-03-31 06:59:53','2016-03-31 07:00:02',NULL),(11,'Contract Price is not clear',9,2,9,9,1,'36.00',25,1,1,'2016-03-31 07:13:32','2016-04-03 17:33:47',0,'Finished','2016-03-31 07:12:54','2016-05-13 05:18:34',NULL),(12,'Total Score?',9,3,11,13,0,'2200.00',0,0,1,'2016-04-03 04:53:52','2016-04-03 17:33:47',0,'','2016-04-03 04:52:45','2016-04-03 04:53:52',NULL),(13,'$2000 project',9,3,12,14,0,'1800.00',0,0,1,'2016-04-03 05:16:45','2016-04-03 17:33:47',1,'Finished','2016-04-03 04:56:02','2016-04-03 05:17:52',NULL),(14,'Looking for Shopping Mall',7,2,14,20,1,'40.00',40,0,0,'2016-04-26 22:04:39','2016-04-26 22:05:48',0,'','2016-04-21 07:18:10','2016-04-26 22:05:48',NULL),(15,'Creative Writing - 기사요청',29,2,19,31,0,'345.00',0,0,0,NULL,NULL,0,'','2016-04-28 08:29:18','2016-04-28 08:29:18',NULL),(16,'Creative Writing - 기사요청',29,3,19,32,0,'345.00',0,0,1,'2016-04-28 08:35:49',NULL,0,'','2016-04-28 08:34:46','2016-04-28 08:35:49',NULL);

/*Table structure for table `countries` */

DROP TABLE IF EXISTS `countries`;

CREATE TABLE `countries` (
  `id` int(10) unsigned NOT NULL AUTO_INCREMENT,
  `charcode` varchar(2) COLLATE utf8_unicode_ci NOT NULL,
  `charcode3` varchar(3) COLLATE utf8_unicode_ci NOT NULL,
  `numcode` varchar(3) COLLATE utf8_unicode_ci NOT NULL,
  `name` varchar(64) COLLATE utf8_unicode_ci NOT NULL,
  `country_code` varchar(10) COLLATE utf8_unicode_ci NOT NULL,
  `deleted_at` timestamp NULL DEFAULT NULL,
  PRIMARY KEY (`id`),
  UNIQUE KEY `countries_charcode_unique` (`charcode`),
  UNIQUE KEY `countries_name_unique` (`name`),
  KEY `countries_charcode_name_index` (`charcode`,`name`)
) ENGINE=InnoDB AUTO_INCREMENT=248 DEFAULT CHARSET=utf8 COLLATE=utf8_unicode_ci;

/*Data for the table `countries` */

insert  into `countries`(`id`,`charcode`,`charcode3`,`numcode`,`name`,`country_code`,`deleted_at`) values (1,'AF','AFG','004','Afghanistan','93',NULL),(2,'AX','ALA','248','Aland Islands','358',NULL),(3,'AL','ALB','008','Albania','355',NULL),(4,'DZ','DZA','012','Algeria','213',NULL),(5,'AS','ASM','016','American Samoa','1 684',NULL),(6,'AD','AND','020','Andorra','376',NULL),(7,'AO','AGO','024','Angola','244',NULL),(8,'AI','AIA','660','Anguilla','1 264',NULL),(9,'AQ','ATA','010','Antarctica','672',NULL),(10,'AG','ATG','028','Antigua and Barbuda','1 268',NULL),(11,'AR','ARG','032','Argentina','54',NULL),(12,'AM','ARM','051','Armenia','374',NULL),(13,'AW','ABW','533','Aruba','297',NULL),(14,'AU','AUS','036','Australia','61',NULL),(15,'AT','AUT','040','Austria','43',NULL),(16,'AZ','AZE','031','Azerbaijan','994',NULL),(17,'BS','BHS','044','Bahamas','1 242',NULL),(18,'BH','BHR','048','Bahrain','973',NULL),(19,'BD','BGD','050','Bangladesh','880',NULL),(20,'BB','BRB','052','Barbados','1 246',NULL),(21,'BY','BLR','112','Belarus','375',NULL),(22,'BE','BEL','056','Belgium','32',NULL),(23,'BZ','BLZ','084','Belize','501',NULL),(24,'BJ','BEN','204','Benin','229',NULL),(25,'BM','BMU','060','Bermuda','1 441',NULL),(26,'BT','BTN','064','Bhutan','975',NULL),(27,'BO','BOL','068','Bolivia','591',NULL),(28,'BA','BIH','070','Bosnia and Herzegovina','387',NULL),(29,'BW','BWA','072','Botswana','267',NULL),(30,'BV','BVT','074','Bouvet Island','47',NULL),(31,'BR','BRA','076','Brazil','55',NULL),(32,'VG','VGB','092','British Virgin Islands','1 284',NULL),(33,'IO','IOT','086','British Indian Ocean Territory','246',NULL),(34,'BN','BRN','096','Brunei Darussalam','673',NULL),(35,'BG','BGR','100','Bulgaria','359',NULL),(36,'BF','BFA','854','Burkina Faso','226',NULL),(37,'BI','BDI','108','Burundi','257',NULL),(38,'KH','KHM','116','Cambodia','855',NULL),(39,'CM','CMR','120','Cameroon','237',NULL),(40,'CA','CAN','124','Canada','1',NULL),(41,'CV','CPV','132','Cape Verde','238',NULL),(42,'KY','CYM','136','Cayman Islands ','1 345',NULL),(43,'CF','CAF','140','Central African Republic','236',NULL),(44,'TD','TCD','148','Chad','235',NULL),(45,'CL','CHL','152','Chile','56',NULL),(46,'CN','CHN','156','China','86',NULL),(47,'HK','HKG','344','Hong Kong, Special Administrative Region of China','852',NULL),(48,'MO','MAC','446','Macao, Special Administrative Region of China','853',NULL),(49,'CX','CXR','162','Christmas Island','61',NULL),(50,'CC','CCK','166','Cocos (Keeling) Islands','61',NULL),(51,'CO','COL','170','Colombia','57',NULL),(52,'KM','COM','174','Comoros','269',NULL),(53,'CG','COG','178','Congo (Brazzaville)','242',NULL),(54,'CD','COD','180','Congo, Democratic Republic of the','243',NULL),(55,'CK','COK','184','Cook Islands','682',NULL),(56,'CR','CRI','188','Costa Rica','506',NULL),(57,'CI','CIV','384','Côte d\'Ivoire','225',NULL),(58,'HR','HRV','191','Croatia','385',NULL),(59,'CU','CUB','192','Cuba','53',NULL),(60,'CY','CYP','196','Cyprus','357',NULL),(61,'CZ','CZE','203','Czech Republic','420',NULL),(62,'DK','DNK','208','Denmark','45',NULL),(63,'DJ','DJI','262','Djibouti','253',NULL),(64,'DM','DMA','212','Dominica','1 767',NULL),(65,'DO','DOM','214','Dominican Republic','1 809',NULL),(66,'EC','ECU','218','Ecuador','593',NULL),(67,'EG','EGY','818','Egypt','20',NULL),(68,'SV','SLV','222','El Salvador','503',NULL),(69,'GQ','GNQ','226','Equatorial Guinea','240',NULL),(70,'ER','ERI','232','Eritrea','291',NULL),(71,'EE','EST','233','Estonia','372',NULL),(72,'ET','ETH','231','Ethiopia','251',NULL),(73,'FK','FLK','238','Falkland Islands (Malvinas) ','500',NULL),(74,'FO','FRO','234','Faroe Islands','298',NULL),(75,'FJ','FJI','242','Fiji','679',NULL),(76,'FI','FIN','246','Finland','358',NULL),(77,'FR','FRA','250','France','33',NULL),(78,'GF','GUF','254','French Guiana','594',NULL),(79,'PF','PYF','258','French Polynesia','689',NULL),(80,'TF','ATF','260','French Southern Territories','33',NULL),(81,'GA','GAB','266','Gabon','241',NULL),(82,'GM','GMB','270','Gambia','220',NULL),(83,'GE','GEO','268','Georgia','995',NULL),(84,'DE','DEU','276','Germany','49',NULL),(85,'GH','GHA','288','Ghana','233',NULL),(86,'GI','GIB','292','Gibraltar ','350',NULL),(87,'GR','GRC','300','Greece','30',NULL),(88,'GL','GRL','304','Greenland','299',NULL),(89,'GD','GRD','308','Grenada','1 473',NULL),(90,'GP','GLP','312','Guadeloupe','590',NULL),(91,'GU','GUM','316','Guam','1 671',NULL),(92,'GT','GTM','320','Guatemala','502',NULL),(93,'GG','GGY','831','Guernsey','44',NULL),(94,'GN','GIN','324','Guinea','224',NULL),(95,'GW','GNB','624','Guinea-Bissau','245',NULL),(96,'GY','GUY','328','Guyana','592',NULL),(97,'HT','HTI','332','Haiti','509',NULL),(98,'HM','HMD','334','Heard Island and Mcdonald Islands','672',NULL),(99,'VA','VAT','336','Holy See (Vatican City State)','39',NULL),(100,'HN','HND','340','Honduras','504',NULL),(101,'HU','HUN','348','Hungary','36',NULL),(102,'IS','ISL','352','Iceland','354',NULL),(103,'IN','IND','356','India','91',NULL),(104,'ID','IDN','360','Indonesia','62',NULL),(105,'IR','IRN','364','Iran, Islamic Republic of','98',NULL),(106,'IQ','IRQ','368','Iraq','964',NULL),(107,'IE','IRL','372','Ireland','353',NULL),(108,'IM','IMN','833','Isle of Man ','44',NULL),(109,'IL','ISR','376','Israel','972',NULL),(110,'IT','ITA','380','Italy','39',NULL),(111,'JM','JAM','388','Jamaica','1 876',NULL),(112,'JP','JPN','392','Japan','81',NULL),(113,'JE','JEY','832','Jersey','44',NULL),(114,'JO','JOR','400','Jordan','962',NULL),(115,'KZ','KAZ','398','Kazakhstan','7',NULL),(116,'KE','KEN','404','Kenya','254',NULL),(117,'KI','KIR','296','Kiribati','686',NULL),(118,'KP','PRK','408','Korea, Democratic People\'s Republic of','850',NULL),(119,'KR','KOR','410','Korea, Republic of','82',NULL),(120,'KW','KWT','414','Kuwait','965',NULL),(121,'KG','KGZ','417','Kyrgyzstan','996',NULL),(122,'LA','LAO','418','Lao PDR','856',NULL),(123,'LV','LVA','428','Latvia','371',NULL),(124,'LB','LBN','422','Lebanon','961',NULL),(125,'LS','LSO','426','Lesotho','266',NULL),(126,'LR','LBR','430','Liberia','231',NULL),(127,'LY','LBY','434','Libya','218',NULL),(128,'LI','LIE','438','Liechtenstein','423',NULL),(129,'LT','LTU','440','Lithuania','370',NULL),(130,'LU','LUX','442','Luxembourg','352',NULL),(131,'MK','MKD','807','Macedonia, Republic of','389',NULL),(132,'MG','MDG','450','Madagascar','261',NULL),(133,'MW','MWI','454','Malawi','265',NULL),(134,'MY','MYS','458','Malaysia','60',NULL),(135,'MV','MDV','462','Maldives','960',NULL),(136,'ML','MLI','466','Mali','223',NULL),(137,'MT','MLT','470','Malta','356',NULL),(138,'MH','MHL','584','Marshall Islands','692',NULL),(139,'MQ','MTQ','474','Martinique','596',NULL),(140,'MR','MRT','478','Mauritania','222',NULL),(141,'MU','MUS','480','Mauritius','230',NULL),(142,'YT','MYT','175','Mayotte','262',NULL),(143,'MX','MEX','484','Mexico','52',NULL),(144,'FM','FSM','583','Micronesia, Federated States of','691',NULL),(145,'MD','MDA','498','Moldova','373',NULL),(146,'MC','MCO','492','Monaco','377',NULL),(147,'MN','MNG','496','Mongolia','976',NULL),(148,'ME','MNE','499','Montenegro','382',NULL),(149,'MS','MSR','500','Montserrat','664',NULL),(150,'MA','MAR','504','Morocco','212',NULL),(151,'MZ','MOZ','508','Mozambique','258',NULL),(152,'MM','MMR','104','Myanmar','95',NULL),(153,'NA','NAM','516','Namibia','264',NULL),(154,'NR','NRU','520','Nauru','674',NULL),(155,'NP','NPL','524','Nepal','977',NULL),(156,'NL','NLD','528','Netherlands','31',NULL),(157,'AN','ANT','530','Netherlands Antilles','599',NULL),(158,'NC','NCL','540','New Caledonia','687',NULL),(159,'NZ','NZL','554','New Zealand','64',NULL),(160,'NI','NIC','558','Nicaragua','505',NULL),(161,'NE','NER','562','Niger','227',NULL),(162,'NG','NGA','566','Nigeria','234',NULL),(163,'NU','NIU','570','Niue ','683',NULL),(164,'NF','NFK','574','Norfolk Island','672',NULL),(165,'MP','MNP','580','Northern Mariana Islands','1 670',NULL),(166,'NO','NOR','578','Norway','47',NULL),(167,'OM','OMN','512','Oman','968',NULL),(168,'PK','PAK','586','Pakistan','92',NULL),(169,'PW','PLW','585','Palau','680',NULL),(170,'PS','PSE','275','Palestine‎','970',NULL),(171,'PA','PAN','591','Panama','507',NULL),(172,'PG','PNG','598','Papua New Guinea','675',NULL),(173,'PY','PRY','600','Paraguay','595',NULL),(174,'PE','PER','604','Peru','51',NULL),(175,'PH','PHL','608','Philippines','63',NULL),(176,'PN','PCN','612','Pitcairn','870',NULL),(177,'PL','POL','616','Poland','48',NULL),(178,'PT','PRT','620','Portugal','351',NULL),(179,'PR','PRI','630','Puerto Rico','1',NULL),(180,'QA','QAT','634','Qatar','974',NULL),(181,'RE','REU','638','R?union','262',NULL),(182,'RO','ROU','642','Romania','40',NULL),(183,'RU','RUS','643','Russian Federation','7',NULL),(184,'RW','RWA','646','Rwanda','250',NULL),(185,'BL','BLM','652','Saint-Barth?lemy','590',NULL),(186,'SH','SHN','654','Saint Helena','290',NULL),(187,'KN','KNA','659','Saint Kitts and Nevis','1 869',NULL),(188,'LC','LCA','662','Saint Lucia','1 758',NULL),(189,'MF','MAF','663','Saint-Martin (French part)','1 599',NULL),(190,'PM','SPM','666','Saint Pierre and Miquelon ','508',NULL),(191,'VC','VCT','670','Saint Vincent and Grenadines','1 784',NULL),(192,'WS','WSM','882','Samoa','685',NULL),(193,'SM','SMR','674','San Marino','378',NULL),(194,'ST','STP','678','Sao Tome and Principe','239',NULL),(195,'SA','SAU','682','Saudi Arabia','966',NULL),(196,'SN','SEN','686','Senegal','221',NULL),(197,'RS','SRB','688','Serbia','381',NULL),(198,'SC','SYC','690','Seychelles','248',NULL),(199,'SL','SLE','694','Sierra Leone','232',NULL),(200,'SG','SGP','702','Singapore','65',NULL),(201,'SK','SVK','703','Slovakia','421',NULL),(202,'SI','SVN','705','Slovenia','386',NULL),(203,'SB','SLB','090','Solomon Islands','677',NULL),(204,'SO','SOM','706','Somalia','252',NULL),(205,'ZA','ZAF','710','South Africa','27',NULL),(206,'GS','SGS','239','South Georgia and the South Sandwich Islands','500',NULL),(207,'SS','SSD','728','South Sudan','211',NULL),(208,'ES','ESP','724','Spain','34',NULL),(209,'LK','LKA','144','Sri Lanka','94',NULL),(210,'SD','SDN','736','Sudan','249',NULL),(211,'SR','SUR','740','Suriname','597',NULL),(212,'SJ','SJM','744','Svalbard and Jan Mayen Islands ','47',NULL),(213,'SZ','SWZ','748','Swaziland','268',NULL),(214,'SE','SWE','752','Sweden','46',NULL),(215,'CH','CHE','756','Switzerland','41',NULL),(216,'SY','SYR','760','Syrian Arab Republic (Syria)','963',NULL),(217,'TW','TWN','158','Taiwan, Republic of China','886',NULL),(218,'TJ','TJK','762','Tajikistan','992',NULL),(219,'TZ','TZA','834','Tanzania *, United Republic of','255',NULL),(220,'TH','THA','764','Thailand','66',NULL),(221,'TL','TLS','626','Timor-Leste','670',NULL),(222,'TG','TGO','768','Togo','228',NULL),(223,'TK','TKL','772','Tokelau ','690',NULL),(224,'TO','TON','776','Tonga','676',NULL),(225,'TT','TTO','780','Trinidad and Tobago','1 868',NULL),(226,'TN','TUN','788','Tunisia','216',NULL),(227,'TR','TUR','792','Turkey','90',NULL),(228,'TM','TKM','795','Turkmenistan','993',NULL),(229,'TC','TCA','796','Turks and Caicos Islands ','1 649',NULL),(230,'TV','TUV','798','Tuvalu','688',NULL),(231,'UG','UGA','800','Uganda','256',NULL),(232,'UA','UKR','804','Ukraine','380',NULL),(233,'AE','ARE','784','United Arab Emirates','971',NULL),(234,'GB','GBR','826','United Kingdom','44',NULL),(235,'US','USA','840','United States of America','1',NULL),(236,'UM','UMI','581','United States Minor Outlying Islands','1',NULL),(237,'UY','URY','858','Uruguay','598',NULL),(238,'UZ','UZB','860','Uzbekistan','998',NULL),(239,'VU','VUT','548','Vanuatu','678',NULL),(240,'VE','VEN','862','Venezuela (Bolivarian Republic of)','58',NULL),(241,'VN','VNM','704','Viet Nam','84',NULL),(242,'VI','VIR','850','Virgin Islands, US','1 340',NULL),(243,'WF','WLF','876','Wallis and Futuna Islands ','681',NULL),(244,'EH','ESH','732','Western Sahara','212',NULL),(245,'YE','YEM','887','Yemen','967',NULL),(246,'ZM','ZMB','894','Zambia','260',NULL),(247,'ZW','ZWE','716','Zimbabwe','263',NULL);

/*Table structure for table `cronjobs` */

DROP TABLE IF EXISTS `cronjobs`;

CREATE TABLE `cronjobs` (
  `id` int(10) unsigned NOT NULL AUTO_INCREMENT,
  `type` int(10) unsigned NOT NULL,
  `meta` text COLLATE utf8_unicode_ci NOT NULL,
  `max_runtime` int(10) unsigned NOT NULL,
  `status` int(10) unsigned NOT NULL,
  `created_at` timestamp NOT NULL DEFAULT '0000-00-00 00:00:00',
  `updated_at` timestamp NOT NULL DEFAULT '0000-00-00 00:00:00',
  PRIMARY KEY (`id`),
  KEY `cronjobs_type_index` (`type`),
  KEY `cronjobs_max_runtime_index` (`max_runtime`),
  KEY `cronjobs_status_index` (`status`)
) ENGINE=InnoDB AUTO_INCREMENT=5 DEFAULT CHARSET=utf8 COLLATE=utf8_unicode_ci;

/*Data for the table `cronjobs` */

insert  into `cronjobs`(`id`,`type`,`meta`,`max_runtime`,`status`,`created_at`,`updated_at`) values (1,0,'{\"notication_id\":7,\"usrs\":[\"2\",\"4\",\"6\",\"7\",\"5\",\"3\"]}',7200,2,'0000-00-00 00:00:00','2016-04-09 09:57:22'),(2,1,'{\"last_started_at\":\"2016-04-01 07:45:32\"}',3600,3,'2016-04-01 01:00:00','2016-04-01 08:45:32'),(3,0,'{\"notification_id\":1,\"sender\":1,\"receivers\":[\"2\",\"7\"],\"params\":{\"EN-US\":{\"@#job_title#\":\"ok\"},\"KP-KP\":{\"@#job_title#\":\"\\ud648\\ud398\\uc9c0\"}},\"valid_date\":\"\"}',7200,3,'0000-00-00 00:00:00','2016-04-09 10:04:16'),(4,0,'{\"notification_id\":1,\"sender\":1,\"receivers\":[\"2\",\"7\"],\"params\":{\"EN-US\":{\"@#job_title#\":\"ok\"},\"KP-KP\":{\"@#job_title#\":\"\\ud648\\ud398\\uc9c0\"}},\"valid_date\":\"2016-04-20 16:46\"}',7200,3,'0000-00-00 00:00:00','2016-04-09 10:04:16');

/*Table structure for table `faqs` */

DROP TABLE IF EXISTS `faqs`;

CREATE TABLE `faqs` (
  `id` int(10) unsigned NOT NULL AUTO_INCREMENT,
  `title` varchar(1024) COLLATE utf8_unicode_ci NOT NULL,
  `content` text COLLATE utf8_unicode_ci NOT NULL,
  `type` tinyint(3) unsigned NOT NULL DEFAULT '1',
  `visible` tinyint(3) unsigned NOT NULL DEFAULT '1',
  `cat_id` int(12) DEFAULT NULL,
  `order` int(12) DEFAULT NULL,
  PRIMARY KEY (`id`)
) ENGINE=InnoDB AUTO_INCREMENT=22 DEFAULT CHARSET=utf8 COLLATE=utf8_unicode_ci;

/*Data for the table `faqs` */

insert  into `faqs`(`id`,`title`,`content`,`type`,`visible`,`cat_id`,`order`) values (16,'<en>What is Wawjob?</en><ch>Wawjob是什吗?</ch><kp>Wawjob이란 무엇인가?</kp>','<en>Wawjob is a world-class outsourcing platform which involves up to 1 million clients and freelancers across the spheres of IT technologies.  Especially, web application development is a top trend these days among most freelancers.</en>\n<kp>Wawjob은 IT령역을 통하여 백만명이상의 수요자들과 개발자들이 거래하는 세계적인 과제주문platform이다.</kp>',1,1,84,0),(17,'Who can use this Wawjob?','The answer to this question is quite simple, EVERYONE !<br>If you need to hire developers or you are looking for online jobs, you can just sign up our platform and start your new life as a client. <br><br>There are quite many chances to make your business much better than ever.  The same is true for developers who love career as freelancers.  A freelancer or (freelance worker) is a self-employed person working in a profession or trade in which full-time employment is also common.',1,1,84,2),(18,'How does it work?','We acquire 10% fee from all the contracts between clients and freelancers. Whether it is hourly or fixed-price contract, we get 10% from the payment by clients.\n\nHourly:  Every Monday, a new cycle for weekly hourly payment begins.\nClients can review work diaries of contractors they hired and they can request dispute or something else.\n\nFixed-price: This is the other type of contracts which is typically used for small to medium scale projects.  Clients set milestones that contractors should achieve in given periods.',1,1,84,1),(19,'Buyer','Please update this FAQ for Buyer.',0,1,86,1),(20,'Freelancer','Please update this FAQ for freelancer.',2,1,86,0),(21,'all','Please update this FAQ for all.',1,1,86,2);

/*Table structure for table `files` */

DROP TABLE IF EXISTS `files`;

CREATE TABLE `files` (
  `id` int(10) unsigned NOT NULL AUTO_INCREMENT,
  `user_id` int(10) unsigned NOT NULL,
  `name` varchar(128) COLLATE utf8_unicode_ci NOT NULL,
  `type` tinyint(3) unsigned NOT NULL DEFAULT '0',
  `ext` varchar(5) COLLATE utf8_unicode_ci NOT NULL,
  `size` bigint(20) NOT NULL,
  `path` varchar(255) COLLATE utf8_unicode_ci NOT NULL,
  `uploaded_at` timestamp NOT NULL DEFAULT '0000-00-00 00:00:00',
  `is_approved` tinyint(1) NOT NULL DEFAULT '1',
  `deleted_at` timestamp NULL DEFAULT NULL,
  PRIMARY KEY (`id`),
  KEY `files_user_id_index` (`user_id`)
) ENGINE=InnoDB DEFAULT CHARSET=utf8 COLLATE=utf8_unicode_ci;

/*Data for the table `files` */

/*Table structure for table `groups` */

DROP TABLE IF EXISTS `groups`;

CREATE TABLE `groups` (
  `id` int(10) unsigned NOT NULL AUTO_INCREMENT,
  `name` varchar(64) NOT NULL COMMENT 'Group name',
  `desc` varchar(1024) NOT NULL COMMENT 'Group description',
  `created_at` timestamp NOT NULL DEFAULT CURRENT_TIMESTAMP ON UPDATE CURRENT_TIMESTAMP,
  `updated_at` timestamp NOT NULL DEFAULT '0000-00-00 00:00:00',
  `deleted_at` timestamp NOT NULL DEFAULT '0000-00-00 00:00:00',
  PRIMARY KEY (`id`)
) ENGINE=InnoDB AUTO_INCREMENT=9 DEFAULT CHARSET=latin1;

/*Data for the table `groups` */

insert  into `groups`(`id`,`name`,`desc`,`created_at`,`updated_at`,`deleted_at`) values (1,'Wordpress','This is the Wordpress group.','2016-04-02 20:12:55','0000-00-00 00:00:00','0000-00-00 00:00:00'),(2,'Joomla','This is the Joomla group.','2016-04-02 20:12:49','0000-00-00 00:00:00','0000-00-00 00:00:00'),(3,'Magento','This is the Magento group.','2016-04-02 20:13:02','0000-00-00 00:00:00','0000-00-00 00:00:00'),(4,'Laravel','Laravel is a fantastic PHP framework we can use.','2016-04-02 20:13:18','0000-00-00 00:00:00','0000-00-00 00:00:00'),(5,'Phpfox','This is the phpfox group.','2016-04-02 20:13:31','0000-00-00 00:00:00','0000-00-00 00:00:00'),(6,'CakePHP','CakePHP group','2016-04-02 20:13:41','0000-00-00 00:00:00','0000-00-00 00:00:00'),(7,'Unity','Unity 3D','2016-04-02 20:16:28','0000-00-00 00:00:00','0000-00-00 00:00:00'),(8,'Photoshop','Photoshop group','2016-04-02 20:16:36','0000-00-00 00:00:00','0000-00-00 00:00:00');

/*Table structure for table `hourly_log_maps` */

DROP TABLE IF EXISTS `hourly_log_maps`;

CREATE TABLE `hourly_log_maps` (
  `id` int(10) unsigned NOT NULL AUTO_INCREMENT,
  `contract_id` int(11) NOT NULL,
  `date` date NOT NULL,
  `mins` smallint(4) NOT NULL DEFAULT '0' COMMENT 'min: 0, max: 1440',
  `act` text NOT NULL COMMENT 'Daily activity in JSON',
  `created_at` timestamp NULL DEFAULT NULL,
  `updated_at` timestamp NULL DEFAULT NULL,
  PRIMARY KEY (`id`),
  UNIQUE KEY `c_date` (`contract_id`,`date`)
) ENGINE=InnoDB AUTO_INCREMENT=11 DEFAULT CHARSET=latin1;

/*Data for the table `hourly_log_maps` */

insert  into `hourly_log_maps`(`id`,`contract_id`,`date`,`mins`,`act`,`created_at`,`updated_at`) values (3,10,'2016-03-31',60,'[{\"c\":\"1212\",\"m\":10,\"is_m\":1},{\"c\":\"WAWAW\",\"m\":10,\"is_m\":1},{\"c\":\"Test123\",\"m\":40,\"is_m\":1}]','2016-04-01 08:43:17','2016-04-01 08:43:17'),(4,4,'2016-03-28',240,'[{\"c\":\"\",\"m\":120,\"is_m\":1},{\"c\":\"Testing\",\"m\":120,\"is_m\":1}]','2016-04-02 22:40:34','2016-04-02 23:44:43'),(6,1,'2016-03-28',180,'[{\"c\":\"eee\",\"m\":50,\"is_m\":1},{\"c\":\"\",\"m\":130,\"is_m\":1}]','2016-04-02 08:38:55','2016-04-02 08:39:29'),(7,4,'2016-03-22',120,'[{\"c\":\"at1\",\"m\":10,\"is_m\":1},{\"c\":\"\",\"m\":70,\"is_m\":1},{\"c\":\"Building Admin Dashboard\",\"m\":10},{\"c\":\"Job Search page\",\"m\":10},{\"c\":\"HTML v5\",\"m\":10},{\"c\":\"Building Admin Dashboard\",\"m\":10,\"is_m\":1}]','2016-04-03 00:39:35','2016-04-03 00:39:35'),(8,4,'2016-04-06',240,'[{\"c\":\"\",\"m\":10,\"is_m\":1},{\"c\":\"aaa\",\"m\":10,\"is_m\":1},{\"c\":\"\",\"m\":220,\"is_m\":1}]','2016-04-06 01:23:25','2016-04-06 09:10:42'),(9,10,'2016-04-28',120,'[{\"c\":\"Hello !!!\",\"m\":20},{\"c\":\"My name is Paul.\",\"m\":100}]','2016-04-28 06:25:59','2016-04-28 07:11:58'),(10,4,'2016-05-24',70,'[{\"c\":\"111\",\"m\":70,\"is_m\":1}]','2016-05-24 06:28:51','2016-05-24 06:28:51');

/*Table structure for table `hourly_logs` */

DROP TABLE IF EXISTS `hourly_logs`;

CREATE TABLE `hourly_logs` (
  `id` int(10) unsigned NOT NULL AUTO_INCREMENT,
  `contract_id` int(10) unsigned NOT NULL,
  `comment` varchar(4096) COLLATE utf8_unicode_ci DEFAULT NULL,
  `activity` varchar(600) COLLATE utf8_unicode_ci NOT NULL DEFAULT '',
  `score` tinyint(3) unsigned NOT NULL DEFAULT '0',
  `active_window` varchar(255) COLLATE utf8_unicode_ci NOT NULL,
  `is_manual` tinyint(1) DEFAULT '0',
  `is_overlimit` tinyint(1) DEFAULT '0',
  `taken_at` timestamp NOT NULL DEFAULT '0000-00-00 00:00:00',
  `updated_at` timestamp NULL DEFAULT NULL,
  `deleted_at` timestamp NULL DEFAULT NULL,
  PRIMARY KEY (`id`),
  KEY `hourly_logs_contract_id_index` (`contract_id`)
) ENGINE=InnoDB AUTO_INCREMENT=857 DEFAULT CHARSET=utf8 COLLATE=utf8_unicode_ci;

/*Data for the table `hourly_logs` */

insert  into `hourly_logs`(`id`,`contract_id`,`comment`,`activity`,`score`,`active_window`,`is_manual`,`is_overlimit`,`taken_at`,`updated_at`,`deleted_at`) values (3,4,'HTML v5','{\"00:21\":{\"k\":46,\"m\":2},\"00:22\":{\"k\":26,\"m\":93},\"00:23\":{\"k\":52,\"m\":96},\"00:24\":{\"k\":16,\"m\":75},\"00:25\":{\"k\":81,\"m\":46},\"00:26\":{\"k\":26,\"m\":43},\"00:27\":{\"k\":1,\"m\":99},\"00:28\":{\"k\":75,\"m\":18},\"00:29\":{\"k\":183,\"m\":51}}',5,'QQ Player',0,0,'2016-03-21 01:50:40',NULL,NULL),(4,4,'Building Admin Dashboard','{\"01:16\":{\"k\":177,\"m\":36},\"01:17\":{\"k\":189,\"m\":60},\"01:18\":{\"k\":105,\"m\":52},\"01:19\":{\"k\":36,\"m\":30},\"01:20\":{\"k\":183,\"m\":22},\"01:21\":{\"k\":192,\"m\":40},\"01:22\":{\"k\":103,\"m\":56},\"01:23\":{\"k\":100,\"m\":74},\"01:24\":{\"k\":61,\"m\":11},\"01:25\":{\"k\":106,\"m\":67},\"01:26\":{\"k\":150,\"m\":99},\"01:27\":{\"k\":51,\"m\":2},\"01:28\":{\"k\":163,\"m\":78},\"01:29\":{\"k\":81,\"m\":14},\"01:30\":{\"k\":195,\"m\":57},\"01:31\":{\"k\":38,\"m\":88},\"01:32\":{\"k\":38,\"m\":96},\"01:33\":{\"k\":67,\"m\":57},\"01:34\":{\"k\":188,\"m\":5},\"01:35\":{\"k\":11,\"m\":7}}',8,'Any Video Converter',0,0,'2016-03-21 02:00:08',NULL,NULL),(5,4,'Building Admin Dashboard','{\"01:17\":{\"k\":5,\"m\":16},\"01:18\":{\"k\":190,\"m\":14},\"01:19\":{\"k\":158,\"m\":38},\"01:20\":{\"k\":144,\"m\":18},\"01:21\":{\"k\":74,\"m\":94},\"01:22\":{\"k\":120,\"m\":92},\"01:23\":{\"k\":45,\"m\":95},\"01:24\":{\"k\":160,\"m\":22},\"01:25\":{\"k\":66,\"m\":0},\"01:26\":{\"k\":10,\"m\":41},\"01:27\":{\"k\":31,\"m\":17},\"01:28\":{\"k\":113,\"m\":34},\"01:29\":{\"k\":132,\"m\":7}}',5,'XAMPP Control Panel',0,0,'2016-03-21 02:10:42',NULL,NULL),(6,4,'Building Admin Dashboard','{\"02:13\":{\"k\":147,\"m\":64},\"02:14\":{\"k\":78,\"m\":23},\"02:15\":{\"k\":85,\"m\":73},\"02:16\":{\"k\":71,\"m\":94},\"02:17\":{\"k\":182,\"m\":47},\"02:18\":{\"k\":157,\"m\":54},\"02:19\":{\"k\":81,\"m\":70},\"02:20\":{\"k\":131,\"m\":61},\"02:21\":{\"k\":127,\"m\":77},\"02:22\":{\"k\":85,\"m\":26}}',3,'Sublime Text 3',0,0,'2016-03-21 03:50:51',NULL,NULL),(7,4,'Building Admin Dashboard','{\"03:12\":{\"k\":70,\"m\":3},\"03:13\":{\"k\":150,\"m\":74},\"03:14\":{\"k\":86,\"m\":88},\"03:15\":{\"k\":185,\"m\":63},\"03:16\":{\"k\":50,\"m\":27},\"03:17\":{\"k\":128,\"m\":91},\"03:18\":{\"k\":59,\"m\":29},\"03:19\":{\"k\":25,\"m\":44},\"03:20\":{\"k\":104,\"m\":53},\"03:21\":{\"k\":17,\"m\":55},\"03:22\":{\"k\":80,\"m\":9},\"03:23\":{\"k\":150,\"m\":9},\"03:24\":{\"k\":181,\"m\":57},\"03:25\":{\"k\":167,\"m\":40},\"03:26\":{\"k\":100,\"m\":5},\"03:27\":{\"k\":112,\"m\":33},\"03:28\":{\"k\":31,\"m\":13},\"03:29\":{\"k\":128,\"m\":21},\"03:30\":{\"k\":68,\"m\":90}}',10,'XAMPP Control Panel',0,0,'2016-03-21 04:00:07',NULL,NULL),(8,4,'Building Admin Dashboard','{\"03:17\":{\"k\":123,\"m\":45},\"03:18\":{\"k\":177,\"m\":90},\"03:19\":{\"k\":164,\"m\":36},\"03:20\":{\"k\":118,\"m\":13},\"03:21\":{\"k\":167,\"m\":61},\"03:22\":{\"k\":81,\"m\":6}}',8,'Command Line',0,0,'2016-03-21 04:10:18',NULL,NULL),(9,4,'Hiring Manager','{\"03:15\":{\"k\":50,\"m\":97},\"03:16\":{\"k\":180,\"m\":25},\"03:17\":{\"k\":76,\"m\":20},\"03:18\":{\"k\":144,\"m\":80},\"03:19\":{\"k\":157,\"m\":1},\"03:20\":{\"k\":8,\"m\":49},\"03:21\":{\"k\":61,\"m\":39},\"03:22\":{\"k\":93,\"m\":4},\"03:23\":{\"k\":56,\"m\":79},\"03:24\":{\"k\":17,\"m\":67},\"03:25\":{\"k\":112,\"m\":19},\"03:26\":{\"k\":98,\"m\":9},\"03:27\":{\"k\":98,\"m\":6},\"03:28\":{\"k\":155,\"m\":52},\"03:29\":{\"k\":181,\"m\":37}}',8,'Sublime Text 3',0,0,'2016-03-21 04:25:52',NULL,NULL),(10,4,'Building Admin Dashboard','{\"03:03\":{\"k\":170,\"m\":81},\"03:04\":{\"k\":139,\"m\":56},\"03:05\":{\"k\":175,\"m\":33},\"03:06\":{\"k\":47,\"m\":67},\"03:07\":{\"k\":191,\"m\":59},\"03:08\":{\"k\":62,\"m\":32},\"03:09\":{\"k\":86,\"m\":7},\"03:10\":{\"k\":4,\"m\":74},\"03:11\":{\"k\":29,\"m\":73},\"03:12\":{\"k\":190,\"m\":64}}',4,'HTML viewer',0,0,'2016-03-21 04:30:05',NULL,NULL),(11,4,'Building Admin Dashboard','{\"03:28\":{\"k\":24,\"m\":30},\"03:29\":{\"k\":190,\"m\":85},\"03:30\":{\"k\":149,\"m\":76},\"03:31\":{\"k\":109,\"m\":72},\"03:32\":{\"k\":173,\"m\":51},\"03:33\":{\"k\":87,\"m\":74},\"03:34\":{\"k\":190,\"m\":64},\"03:35\":{\"k\":167,\"m\":75},\"03:36\":{\"k\":195,\"m\":74},\"03:37\":{\"k\":95,\"m\":10},\"03:38\":{\"k\":81,\"m\":91},\"03:39\":{\"k\":112,\"m\":62},\"03:40\":{\"k\":41,\"m\":75},\"03:41\":{\"k\":163,\"m\":67},\"03:42\":{\"k\":169,\"m\":34},\"03:43\":{\"k\":92,\"m\":7},\"03:44\":{\"k\":60,\"m\":28}}',8,'Sublime Text 3',0,0,'2016-03-21 04:40:32',NULL,NULL),(12,4,'Building Admin Dashboard','{\"03:13\":{\"k\":142,\"m\":63},\"03:14\":{\"k\":161,\"m\":74},\"03:15\":{\"k\":18,\"m\":91},\"03:16\":{\"k\":35,\"m\":13},\"03:17\":{\"k\":126,\"m\":0},\"03:18\":{\"k\":149,\"m\":45},\"03:19\":{\"k\":58,\"m\":51},\"03:20\":{\"k\":47,\"m\":4},\"03:21\":{\"k\":108,\"m\":52},\"03:22\":{\"k\":173,\"m\":75},\"03:23\":{\"k\":71,\"m\":63},\"03:24\":{\"k\":71,\"m\":91}}',3,'Total Command',0,0,'2016-03-21 04:50:05',NULL,NULL),(13,4,'Building Admin Dashboard','{\"13:03\":{\"k\":91,\"m\":75},\"13:04\":{\"k\":109,\"m\":73},\"13:05\":{\"k\":94,\"m\":81},\"13:06\":{\"k\":132,\"m\":25},\"13:07\":{\"k\":129,\"m\":53},\"13:08\":{\"k\":160,\"m\":11},\"13:09\":{\"k\":16,\"m\":14}}',4,'Fox it Reader',0,0,'2016-03-22 14:30:39',NULL,NULL),(14,4,'Job Search page','{\"14:26\":{\"k\":73,\"m\":84},\"14:27\":{\"k\":190,\"m\":37},\"14:28\":{\"k\":41,\"m\":33},\"14:29\":{\"k\":141,\"m\":30},\"14:30\":{\"k\":149,\"m\":24},\"14:31\":{\"k\":17,\"m\":15},\"14:32\":{\"k\":141,\"m\":92},\"14:33\":{\"k\":111,\"m\":1},\"14:34\":{\"k\":61,\"m\":22},\"14:35\":{\"k\":17,\"m\":47},\"14:36\":{\"k\":52,\"m\":48},\"14:37\":{\"k\":29,\"m\":61},\"14:38\":{\"k\":158,\"m\":55},\"14:39\":{\"k\":141,\"m\":5},\"14:40\":{\"k\":124,\"m\":75},\"14:41\":{\"k\":46,\"m\":87},\"14:42\":{\"k\":192,\"m\":95}}',9,'Windows Explorer',0,0,'2016-03-22 15:10:56',NULL,NULL),(15,4,'HTML v5','{\"14:13\":{\"k\":64,\"m\":33},\"14:14\":{\"k\":5,\"m\":76},\"14:15\":{\"k\":190,\"m\":2},\"14:16\":{\"k\":66,\"m\":93},\"14:17\":{\"k\":4,\"m\":4},\"14:18\":{\"k\":38,\"m\":35},\"14:19\":{\"k\":25,\"m\":10},\"14:20\":{\"k\":189,\"m\":48},\"14:21\":{\"k\":73,\"m\":42},\"14:22\":{\"k\":88,\"m\":30},\"14:23\":{\"k\":66,\"m\":73},\"14:24\":{\"k\":4,\"m\":28},\"14:25\":{\"k\":22,\"m\":24},\"14:26\":{\"k\":106,\"m\":38},\"14:27\":{\"k\":61,\"m\":67},\"14:28\":{\"k\":61,\"m\":7},\"14:29\":{\"k\":1,\"m\":24},\"14:30\":{\"k\":40,\"m\":32},\"14:31\":{\"k\":161,\"m\":66}}',9,'HTML viewer',0,0,'2016-03-22 15:20:45',NULL,NULL),(16,4,'Building Admin Dashboard','',0,'',1,0,'2016-03-22 15:30:00',NULL,NULL),(18,4,'Building Admin Dashboard','',0,'',1,1,'2016-03-22 15:40:00',NULL,NULL),(21,4,'at','',0,'',1,0,'2016-03-22 01:20:00',NULL,'2016-03-28 06:43:35'),(23,4,'at','',0,'',1,0,'2016-03-22 01:10:00',NULL,'2016-04-03 00:38:18'),(25,4,'at1','',0,'',1,0,'2016-03-22 01:00:00',NULL,NULL),(28,4,'With existing','',0,'',1,0,'2016-03-22 14:20:00',NULL,'2016-03-28 07:34:22'),(30,4,'With existing','',0,'',1,1,'2016-03-22 14:40:00',NULL,'2016-03-28 06:49:43'),(53,4,'Intersecting','',0,'',1,0,'2016-03-21 01:20:00',NULL,'2016-03-28 07:31:28'),(54,4,'Intersecting','',0,'',1,0,'2016-03-21 01:30:00',NULL,'2016-03-28 07:31:28'),(55,4,'Intersecting1','',0,'',1,0,'2016-03-21 01:40:00',NULL,'2016-03-28 07:24:28'),(56,4,'Intersecting','',0,'',1,0,'2016-03-21 02:20:00',NULL,'2016-03-28 07:31:28'),(58,4,'111','',0,'',1,0,'2016-03-21 02:40:00',NULL,'2016-03-28 07:30:32'),(59,4,'ewr','',0,'',1,0,'2016-03-21 02:30:00',NULL,'2016-03-28 07:30:32'),(60,4,'Test','',0,'',1,0,'2016-03-21 02:50:00',NULL,'2016-03-28 07:31:28'),(61,4,'Test','',0,'',1,0,'2016-03-21 03:00:00',NULL,'2016-03-28 07:31:28'),(62,4,'Manual time','',0,'',1,0,'2016-03-21 01:00:00',NULL,NULL),(63,4,'Manual time','',0,'',1,0,'2016-03-21 01:10:00',NULL,NULL),(64,4,'Test','',0,'',1,1,'2016-03-22 19:00:00',NULL,NULL),(65,4,'Test','',0,'',1,1,'2016-03-22 19:10:00',NULL,NULL),(66,4,'Test','',0,'',1,0,'2016-03-22 19:20:00',NULL,'2016-03-28 07:35:24'),(67,4,'Test','',0,'',1,1,'2016-03-22 19:30:00',NULL,NULL),(68,4,'Test','',0,'',1,1,'2016-03-22 19:40:00',NULL,NULL),(69,4,'Test','',0,'',1,1,'2016-03-22 19:50:00',NULL,NULL),(70,4,'Test','',0,'',1,1,'2016-03-22 20:00:00',NULL,NULL),(71,4,'tEST','',0,'',1,0,'2016-03-28 01:00:00',NULL,'2016-04-02 22:40:17'),(72,4,'tEST','',0,'',1,0,'2016-03-28 01:10:00',NULL,'2016-04-02 22:40:17'),(73,4,'tEST','',0,'',1,0,'2016-03-28 01:20:00',NULL,'2016-04-02 22:40:17'),(74,4,'333','',0,'',1,0,'2016-03-28 01:30:00',NULL,'2016-04-02 22:40:17'),(75,4,'333','',0,'',1,0,'2016-03-28 01:40:00',NULL,'2016-04-02 22:40:17'),(76,4,'Test123','',0,'',1,1,'2016-03-31 01:00:00',NULL,NULL),(77,4,'Test123','',0,'',1,0,'2016-03-31 01:10:00',NULL,'2016-03-31 11:29:18'),(78,4,'333','',0,'',1,0,'2016-03-31 01:20:00',NULL,'2016-03-31 06:26:11'),(79,10,'Test123','',0,'',1,0,'2016-03-31 03:50:00',NULL,NULL),(80,10,'Test123','',0,'',1,0,'2016-03-31 04:00:00',NULL,NULL),(81,10,'Test123','',0,'',1,0,'2016-03-31 04:10:00',NULL,NULL),(82,10,'Test123','',0,'',1,0,'2016-03-31 04:20:00',NULL,NULL),(83,10,'1212','',0,'',1,0,'2016-03-31 01:00:00',NULL,NULL),(84,10,'WAWAW','',0,'',1,0,'2016-03-31 01:40:00',NULL,NULL),(85,4,'Manual Time','',0,'',1,1,'2016-03-31 02:40:00',NULL,NULL),(86,4,'Manual Time','',0,'',1,1,'2016-03-31 02:50:00',NULL,NULL),(87,4,'Manual Time','',0,'',1,1,'2016-03-31 03:00:00',NULL,NULL),(88,1,'1','',0,'',1,0,'2016-04-01 01:00:00',NULL,'2016-04-01 08:44:54'),(89,1,'11','',0,'',1,0,'2016-03-23 01:00:00',NULL,NULL),(90,10,'MMMM','',0,'',1,0,'2016-04-01 02:50:00',NULL,'2016-04-01 07:55:56'),(91,10,'MMMM','',0,'',1,0,'2016-04-01 03:00:00',NULL,'2016-04-01 07:54:56'),(92,1,'2-10','',0,'',1,1,'2016-04-01 03:00:00',NULL,NULL),(93,1,'2-10','',0,'',1,1,'2016-04-01 03:10:00',NULL,NULL),(94,4,'Testing','',0,'',1,0,'2016-03-28 10:00:00',NULL,NULL),(95,4,'Testing','',0,'',1,0,'2016-03-28 10:10:00',NULL,NULL),(96,4,'Testing','',0,'',1,0,'2016-03-28 10:20:00',NULL,NULL),(97,4,'Testing','',0,'',1,0,'2016-03-28 10:30:00',NULL,NULL),(98,4,'Testing','',0,'',1,0,'2016-03-28 10:40:00',NULL,NULL),(99,4,'Testing','',0,'',1,0,'2016-03-28 10:50:00',NULL,NULL),(100,4,'Testing','',0,'',1,0,'2016-03-28 11:00:00',NULL,NULL),(101,4,'Testing','',0,'',1,0,'2016-03-28 11:10:00',NULL,NULL),(102,4,'Testing','',0,'',1,0,'2016-03-28 11:20:00',NULL,NULL),(103,4,'Testing','',0,'',1,0,'2016-03-28 11:30:00',NULL,NULL),(104,4,'Testing','',0,'',1,0,'2016-03-28 11:40:00',NULL,NULL),(105,4,'Testing','',0,'',1,0,'2016-03-28 11:50:00',NULL,NULL),(106,4,'Testing','',0,'',1,1,'2016-03-28 12:00:00',NULL,NULL),(107,4,'Testing','',0,'',1,1,'2016-03-28 12:10:00',NULL,NULL),(108,4,'Testing','',0,'',1,1,'2016-03-28 12:20:00',NULL,NULL),(109,4,'Testing','',0,'',1,1,'2016-03-28 12:30:00',NULL,NULL),(110,4,'Testing','',0,'',1,1,'2016-03-28 12:40:00',NULL,NULL),(111,4,'Testing','',0,'',1,1,'2016-03-28 12:50:00',NULL,NULL),(112,4,'Testing','',0,'',1,1,'2016-03-28 13:00:00',NULL,NULL),(113,4,'Testing','',0,'',1,1,'2016-03-28 13:10:00',NULL,NULL),(114,4,'Testing','',0,'',1,1,'2016-03-28 13:20:00',NULL,NULL),(115,4,'Testing','',0,'',1,1,'2016-03-28 13:30:00',NULL,NULL),(116,4,'Testing','',0,'',1,1,'2016-03-28 13:40:00',NULL,NULL),(117,4,'Testing','',0,'',1,1,'2016-03-28 13:50:00',NULL,NULL),(118,4,'Testing','',0,'',1,1,'2016-03-28 14:00:00',NULL,NULL),(119,4,'Testing','',0,'',1,1,'2016-03-28 14:10:00',NULL,NULL),(120,4,'Testing','',0,'',1,1,'2016-03-28 14:20:00',NULL,NULL),(121,4,'Testing','',0,'',1,1,'2016-03-28 14:30:00',NULL,NULL),(122,4,'Testing','',0,'',1,1,'2016-03-28 14:40:00',NULL,NULL),(123,4,'Testing','',0,'',1,1,'2016-03-28 14:50:00',NULL,NULL),(124,4,'Testing','',0,'',1,1,'2016-03-28 15:00:00',NULL,NULL),(125,4,'Testing','',0,'',1,1,'2016-03-28 15:10:00',NULL,NULL),(126,4,'Testing','',0,'',1,1,'2016-03-28 15:20:00',NULL,NULL),(127,4,'Testing','',0,'',1,1,'2016-03-28 15:30:00',NULL,NULL),(128,4,'Testing','',0,'',1,1,'2016-03-28 15:40:00',NULL,NULL),(129,4,'Testing','',0,'',1,1,'2016-03-28 15:50:00',NULL,NULL),(130,4,'Testing','',0,'',1,1,'2016-03-28 16:00:00',NULL,NULL),(131,4,'Testing','',0,'',1,1,'2016-03-28 16:10:00',NULL,NULL),(132,4,'Testing','',0,'',1,1,'2016-03-28 16:20:00',NULL,NULL),(133,4,'Testing','',0,'',1,1,'2016-03-28 16:30:00',NULL,NULL),(134,4,'Testing','',0,'',1,1,'2016-03-28 16:40:00',NULL,NULL),(135,4,'Testing','',0,'',1,1,'2016-03-28 16:50:00',NULL,NULL),(136,4,'Testing','',0,'',1,1,'2016-03-28 17:00:00',NULL,NULL),(137,4,'Testing','',0,'',1,1,'2016-03-28 17:10:00',NULL,NULL),(138,4,'Testing','',0,'',1,1,'2016-03-28 17:20:00',NULL,NULL),(139,4,'Testing','',0,'',1,1,'2016-03-28 17:30:00',NULL,NULL),(140,4,'Testing','',0,'',1,1,'2016-03-28 17:40:00',NULL,NULL),(141,4,'Testing','',0,'',1,1,'2016-03-28 17:50:00',NULL,NULL),(142,4,'Testing','',0,'',1,1,'2016-03-28 18:00:00',NULL,NULL),(143,4,'Testing','',0,'',1,1,'2016-03-28 18:10:00',NULL,NULL),(144,4,'Testing','',0,'',1,1,'2016-03-28 18:20:00',NULL,NULL),(145,4,'Testing','',0,'',1,1,'2016-03-28 18:30:00',NULL,NULL),(146,4,'Testing','',0,'',1,1,'2016-03-28 18:40:00',NULL,NULL),(147,4,'Testing','',0,'',1,1,'2016-03-28 18:50:00',NULL,NULL),(148,4,'Testing','',0,'',1,1,'2016-03-28 19:00:00',NULL,NULL),(149,1,'Test','',0,'',1,1,'2016-03-29 01:00:00',NULL,NULL),(150,1,'Test','',0,'',1,1,'2016-03-29 01:10:00',NULL,NULL),(151,1,'Test','',0,'',1,1,'2016-03-29 01:20:00',NULL,NULL),(152,1,'Test','',0,'',1,1,'2016-03-29 01:30:00',NULL,NULL),(153,1,'Test','',0,'',1,1,'2016-03-29 01:40:00',NULL,NULL),(154,1,'Test','',0,'',1,1,'2016-03-29 01:50:00',NULL,NULL),(155,1,'Test','',0,'',1,1,'2016-03-29 02:00:00',NULL,NULL),(156,1,'Test','',0,'',1,1,'2016-03-29 02:10:00',NULL,NULL),(157,1,'Test','',0,'',1,1,'2016-03-29 02:20:00',NULL,NULL),(158,1,'Test','',0,'',1,1,'2016-03-29 02:30:00',NULL,NULL),(159,1,'Test','',0,'',1,1,'2016-03-29 02:40:00',NULL,NULL),(160,1,'Test','',0,'',1,1,'2016-03-29 02:50:00',NULL,NULL),(161,1,'Test','',0,'',1,1,'2016-03-29 03:00:00',NULL,NULL),(162,1,'Test','',0,'',1,1,'2016-03-29 03:10:00',NULL,NULL),(163,1,'Test','',0,'',1,1,'2016-03-29 03:20:00',NULL,NULL),(164,1,'Test','',0,'',1,1,'2016-03-29 03:30:00',NULL,NULL),(165,1,'Test','',0,'',1,1,'2016-03-29 03:40:00',NULL,NULL),(166,1,'Test','',0,'',1,1,'2016-03-29 03:50:00',NULL,NULL),(167,1,'eee','',0,'',1,0,'2016-03-28 01:00:00',NULL,NULL),(168,1,'eee','',0,'',1,0,'2016-03-28 01:10:00',NULL,NULL),(169,1,'eee','',0,'',1,0,'2016-03-28 01:20:00',NULL,NULL),(170,1,'eee','',0,'',1,0,'2016-03-28 01:30:00',NULL,NULL),(171,1,'eee','',0,'',1,0,'2016-03-28 01:40:00',NULL,NULL),(172,1,'','',0,'',1,0,'2016-03-28 06:00:00',NULL,NULL),(173,1,'','',0,'',1,0,'2016-03-28 06:10:00',NULL,NULL),(174,1,'','',0,'',1,0,'2016-03-28 06:20:00',NULL,NULL),(175,1,'','',0,'',1,0,'2016-03-28 06:30:00',NULL,NULL),(176,1,'','',0,'',1,0,'2016-03-28 06:40:00',NULL,NULL),(177,1,'','',0,'',1,0,'2016-03-28 06:50:00',NULL,NULL),(178,1,'','',0,'',1,0,'2016-03-28 07:00:00',NULL,NULL),(179,1,'','',0,'',1,0,'2016-03-28 07:10:00',NULL,NULL),(180,1,'','',0,'',1,0,'2016-03-28 07:20:00',NULL,NULL),(181,1,'','',0,'',1,0,'2016-03-28 07:30:00',NULL,NULL),(182,1,'','',0,'',1,0,'2016-03-28 07:40:00',NULL,NULL),(183,1,'','',0,'',1,0,'2016-03-28 07:50:00',NULL,NULL),(184,1,'','',0,'',1,0,'2016-03-28 08:00:00',NULL,NULL),(185,1,'','',0,'',1,1,'2016-03-28 08:10:00',NULL,NULL),(186,1,'','',0,'',1,1,'2016-03-28 08:20:00',NULL,NULL),(187,1,'','',0,'',1,1,'2016-03-28 08:30:00',NULL,NULL),(188,1,'','',0,'',1,1,'2016-03-28 08:40:00',NULL,NULL),(189,1,'','',0,'',1,1,'2016-03-28 08:50:00',NULL,NULL),(190,1,'','',0,'',1,1,'2016-03-28 09:00:00',NULL,NULL),(191,1,'','',0,'',1,1,'2016-03-28 09:10:00',NULL,NULL),(192,1,'','',0,'',1,1,'2016-03-28 09:20:00',NULL,NULL),(193,1,'','',0,'',1,1,'2016-03-28 09:30:00',NULL,NULL),(194,1,'','',0,'',1,1,'2016-03-28 09:40:00',NULL,NULL),(195,1,'','',0,'',1,1,'2016-03-28 09:50:00',NULL,NULL),(196,1,'','',0,'',1,1,'2016-03-28 10:00:00',NULL,NULL),(197,1,'','',0,'',1,1,'2016-03-28 10:10:00',NULL,NULL),(198,1,'','',0,'',1,1,'2016-03-28 10:20:00',NULL,NULL),(199,1,'','',0,'',1,1,'2016-03-28 10:30:00',NULL,NULL),(200,1,'','',0,'',1,1,'2016-03-28 10:40:00',NULL,NULL),(201,1,'','',0,'',1,1,'2016-03-28 10:50:00',NULL,NULL),(202,1,'','',0,'',1,1,'2016-03-28 11:00:00',NULL,NULL),(203,1,'','',0,'',1,1,'2016-03-28 11:10:00',NULL,NULL),(204,1,'','',0,'',1,1,'2016-03-28 11:20:00',NULL,NULL),(205,1,'','',0,'',1,1,'2016-03-28 11:30:00',NULL,NULL),(206,1,'','',0,'',1,1,'2016-03-28 11:40:00',NULL,NULL),(207,1,'','',0,'',1,1,'2016-03-28 11:50:00',NULL,NULL),(208,1,'','',0,'',1,1,'2016-03-28 12:00:00',NULL,NULL),(209,4,'','',0,'',1,0,'2016-03-28 08:00:00',NULL,NULL),(210,4,'','',0,'',1,0,'2016-03-28 08:10:00',NULL,NULL),(211,4,'','',0,'',1,0,'2016-03-28 08:20:00',NULL,NULL),(212,4,'','',0,'',1,0,'2016-03-28 08:30:00',NULL,NULL),(213,4,'','',0,'',1,0,'2016-03-28 08:40:00',NULL,NULL),(214,4,'','',0,'',1,0,'2016-03-28 08:50:00',NULL,NULL),(215,4,'','',0,'',1,0,'2016-03-28 09:00:00',NULL,NULL),(216,4,'','',0,'',1,0,'2016-03-28 09:10:00',NULL,NULL),(217,4,'','',0,'',1,0,'2016-03-28 09:20:00',NULL,NULL),(218,4,'','',0,'',1,0,'2016-03-28 09:30:00',NULL,NULL),(219,4,'','',0,'',1,0,'2016-03-28 09:40:00',NULL,NULL),(220,4,'','',0,'',1,0,'2016-03-28 09:50:00',NULL,NULL),(221,4,'','',0,'',1,0,'2016-03-22 05:00:00',NULL,NULL),(222,4,'','',0,'',1,0,'2016-03-22 05:10:00',NULL,NULL),(223,4,'','',0,'',1,0,'2016-03-22 05:20:00',NULL,NULL),(224,4,'','',0,'',1,0,'2016-03-22 05:30:00',NULL,NULL),(225,4,'','',0,'',1,0,'2016-03-22 05:40:00',NULL,NULL),(226,4,'','',0,'',1,0,'2016-03-22 05:50:00',NULL,NULL),(227,4,'','',0,'',1,0,'2016-03-22 06:00:00',NULL,NULL),(228,5,'','{\"01:02\":{\"k\":3,\"m\":7}}',10,'Test',0,0,'2016-04-05 09:02:52',NULL,NULL),(229,5,'','{\"01:02\":{\"k\":3,\"m\":7},\"01:03\":{\"k\":86,\"m\":8},\"01:04\":{\"k\":0,\"m\":0},\"01:05\":{\"k\":0,\"m\":0},\"01:06\":{\"k\":0,\"m\":0},\"01:07\":{\"k\":0,\"m\":0},\"01:08\":{\"k\":0,\"m\":0},\"01:09\":{\"k\":0,\"m\":0},\"01:10\":{\"k\":0,\"m\":0},\"01:11\":{\"k\":0,\"m\":0},\"01:12\":{\"k\":0,\"m\":0},\"01:13\":{\"k\":0,\"m\":0}}',2,'Test',0,0,'2016-04-05 09:13:52',NULL,NULL),(230,4,'','',0,'',1,1,'2016-04-06 13:00:00',NULL,NULL),(231,4,'','',0,'',1,1,'2016-04-06 13:10:00',NULL,NULL),(232,4,'','',0,'',1,1,'2016-04-06 13:20:00',NULL,NULL),(233,4,'','',0,'',1,1,'2016-04-06 13:30:00',NULL,NULL),(234,4,'','',0,'',1,1,'2016-04-06 13:40:00',NULL,NULL),(235,4,'','',0,'',1,1,'2016-04-06 13:50:00',NULL,NULL),(236,4,'','',0,'',1,1,'2016-04-06 14:00:00',NULL,NULL),(237,4,'','',0,'',1,1,'2016-04-06 14:10:00',NULL,NULL),(238,4,'','',0,'',1,1,'2016-04-06 14:20:00',NULL,NULL),(239,4,'','',0,'',1,1,'2016-04-06 14:30:00',NULL,NULL),(240,4,'','',0,'',1,1,'2016-04-06 14:40:00',NULL,NULL),(241,4,'','',0,'',1,1,'2016-04-06 14:50:00',NULL,NULL),(242,4,'','',0,'',1,1,'2016-04-06 15:00:00',NULL,NULL),(250,4,'','',0,'',1,0,'2016-04-06 03:00:00',NULL,NULL),(251,4,'','',0,'',1,0,'2016-04-06 03:10:00',NULL,NULL),(252,4,'','',0,'',1,0,'2016-04-06 03:20:00',NULL,NULL),(253,4,'','',0,'',1,0,'2016-04-06 03:30:00',NULL,NULL),(254,4,'','',0,'',1,0,'2016-04-06 03:40:00',NULL,NULL),(255,4,'','',0,'',1,0,'2016-04-06 03:50:00',NULL,NULL),(256,4,'','',0,'',1,0,'2016-04-06 04:00:00',NULL,NULL),(257,5,'','{\"02:22\":{\"k\":3,\"m\":46}}',10,'Test',0,0,'2016-04-05 10:22:52',NULL,NULL),(258,5,'','{\"02:26\":{\"k\":0,\"m\":9}}',10,'Test',0,0,'2016-04-05 10:26:09',NULL,NULL),(259,5,'','{\"02:54\":{\"k\":0,\"m\":18}}',10,'Test',0,0,'2016-04-05 10:54:41',NULL,NULL),(260,5,'','{\"02:54\":{\"k\":0,\"m\":18},\"02:55\":{\"k\":0,\"m\":3},\"02:56\":{\"k\":0,\"m\":4},\"02:57\":{\"k\":0,\"m\":0},\"02:58\":{\"k\":0,\"m\":0},\"02:59\":{\"k\":0,\"m\":0},\"03:00\":{\"k\":0,\"m\":0},\"03:01\":{\"k\":0,\"m\":0}}',4,'Test',0,0,'2016-04-05 11:01:41',NULL,NULL),(261,5,'','{\"02:54\":{\"k\":0,\"m\":18},\"02:55\":{\"k\":0,\"m\":3},\"02:56\":{\"k\":0,\"m\":4},\"02:57\":{\"k\":0,\"m\":0},\"02:58\":{\"k\":0,\"m\":0},\"02:59\":{\"k\":0,\"m\":0},\"03:00\":{\"k\":0,\"m\":0},\"03:01\":{\"k\":0,\"m\":0},\"03:02\":{\"k\":51,\"m\":15},\"03:03\":{\"k\":18,\"m\":2},\"03:04\":{\"k\":0,\"m\":0},\"03:05\":{\"k\":0,\"m\":0}}',4,'Test',0,0,'2016-04-05 11:05:41',NULL,NULL),(262,5,'','{\"03:47\":{\"k\":14,\"m\":22}}',10,'Test',0,0,'2016-04-05 11:47:22',NULL,NULL),(263,5,'','{\"03:47\":{\"k\":14,\"m\":22},\"03:48\":{\"k\":0,\"m\":1},\"03:49\":{\"k\":0,\"m\":0},\"03:50\":{\"k\":2,\"m\":5},\"03:51\":{\"k\":11,\"m\":10},\"03:52\":{\"k\":0,\"m\":0},\"03:53\":{\"k\":0,\"m\":1},\"03:54\":{\"k\":7,\"m\":2},\"03:55\":{\"k\":1,\"m\":0}}',8,'Test',0,0,'2016-04-05 11:55:22',NULL,NULL),(264,5,'','{\"03:59\":{\"k\":0,\"m\":3}}',10,'Test',0,0,'2016-04-05 11:59:58',NULL,NULL),(265,5,'','{\"04:01\":{\"k\":0,\"m\":4}}',10,'Test',0,0,'2016-04-05 12:01:35',NULL,NULL),(266,5,'','{\"04:03\":{\"k\":0,\"m\":4}}',10,'Test',0,0,'2016-04-05 12:03:23',NULL,NULL),(267,5,'','{\"04:04\":{\"k\":0,\"m\":28}}',10,'Test',0,0,'2016-04-05 12:04:57',NULL,NULL),(268,5,'','{\"04:04\":{\"k\":0,\"m\":28},\"04:05\":{\"k\":0,\"m\":14},\"04:06\":{\"k\":0,\"m\":2},\"04:07\":{\"k\":0,\"m\":11}}',10,'Test',0,0,'2016-04-05 12:07:57',NULL,NULL),(269,5,'','{\"22:57\":{\"k\":0,\"m\":1}}',10,'Test',0,0,'2016-04-06 06:57:19',NULL,NULL),(270,5,'','{\"22:57\":{\"k\":0,\"m\":1},\"22:58\":{\"k\":1,\"m\":12},\"22:59\":{\"k\":0,\"m\":0},\"23:00\":{\"k\":0,\"m\":0},\"23:01\":{\"k\":0,\"m\":0},\"23:02\":{\"k\":0,\"m\":0},\"23:03\":{\"k\":0,\"m\":0},\"23:04\":{\"k\":0,\"m\":0},\"23:05\":{\"k\":0,\"m\":0}}',2,'Test',0,0,'2016-04-06 07:05:19',NULL,NULL),(271,5,'','{\"22:57\":{\"k\":0,\"m\":1},\"22:58\":{\"k\":1,\"m\":12},\"22:59\":{\"k\":0,\"m\":0},\"23:00\":{\"k\":0,\"m\":0},\"23:01\":{\"k\":0,\"m\":0},\"23:02\":{\"k\":0,\"m\":0},\"23:03\":{\"k\":0,\"m\":0},\"23:04\":{\"k\":0,\"m\":0},\"23:05\":{\"k\":0,\"m\":0},\"23:06\":{\"k\":0,\"m\":0},\"23:07\":{\"k\":0,\"m\":0},\"23:08\":{\"k\":0,\"m\":0},\"23:09\":{\"k\":0,\"m\":0},\"23:10\":{\"k\":0,\"m\":0},\"23:11\":{\"k\":0,\"m\":0},\"23:12\":{\"k\":0,\"m\":0},\"23:13\":{\"k\":0,\"m\":0},\"23:14\":{\"k\":0,\"m\":0},\"23:15\":{\"k\":0,\"m\":0},\"23:16\":{\"k\":0,\"m\":0},\"23:17\":{\"k\":0,\"m\":5},\"23:18\":{\"k\":0,\"m\":8},\"23:19\":{\"k\":0,\"m\":29},\"23:20\":{\"k\":0,\"m\":0},\"23:21\":{\"k\":15,\"m\":10},\"23:22\":{\"k\":36,\"m\":1},\"23:23\":{\"k\":0,\"m\":8}}',3,'Test',0,0,'2016-04-06 07:23:19',NULL,NULL),(272,5,'','{\"22:57\":{\"k\":0,\"m\":1},\"22:58\":{\"k\":1,\"m\":12},\"22:59\":{\"k\":0,\"m\":0},\"23:00\":{\"k\":0,\"m\":0},\"23:01\":{\"k\":0,\"m\":0},\"23:02\":{\"k\":0,\"m\":0},\"23:03\":{\"k\":0,\"m\":0},\"23:04\":{\"k\":0,\"m\":0},\"23:05\":{\"k\":0,\"m\":0},\"23:06\":{\"k\":0,\"m\":0},\"23:07\":{\"k\":0,\"m\":0},\"23:08\":{\"k\":0,\"m\":0},\"23:09\":{\"k\":0,\"m\":0},\"23:10\":{\"k\":0,\"m\":0},\"23:11\":{\"k\":0,\"m\":0},\"23:12\":{\"k\":0,\"m\":0},\"23:13\":{\"k\":0,\"m\":0},\"23:14\":{\"k\":0,\"m\":0},\"23:15\":{\"k\":0,\"m\":0},\"23:16\":{\"k\":0,\"m\":0},\"23:17\":{\"k\":0,\"m\":5},\"23:18\":{\"k\":0,\"m\":8},\"23:19\":{\"k\":0,\"m\":29},\"23:20\":{\"k\":0,\"m\":0},\"23:21\":{\"k\":15,\"m\":10},\"23:22\":{\"k\":36,\"m\":1},\"23:23\":{\"k\":0,\"m\":8},',2,'Test',0,0,'2016-04-06 07:30:19',NULL,NULL),(273,5,'','{\"22:57\":{\"k\":0,\"m\":1},\"22:58\":{\"k\":1,\"m\":12},\"22:59\":{\"k\":0,\"m\":0},\"23:00\":{\"k\":0,\"m\":0},\"23:01\":{\"k\":0,\"m\":0},\"23:02\":{\"k\":0,\"m\":0},\"23:03\":{\"k\":0,\"m\":0},\"23:04\":{\"k\":0,\"m\":0},\"23:05\":{\"k\":0,\"m\":0},\"23:06\":{\"k\":0,\"m\":0},\"23:07\":{\"k\":0,\"m\":0},\"23:08\":{\"k\":0,\"m\":0},\"23:09\":{\"k\":0,\"m\":0},\"23:10\":{\"k\":0,\"m\":0},\"23:11\":{\"k\":0,\"m\":0},\"23:12\":{\"k\":0,\"m\":0},\"23:13\":{\"k\":0,\"m\":0},\"23:14\":{\"k\":0,\"m\":0},\"23:15\":{\"k\":0,\"m\":0},\"23:16\":{\"k\":0,\"m\":0},\"23:17\":{\"k\":0,\"m\":5},\"23:18\":{\"k\":0,\"m\":8},\"23:19\":{\"k\":0,\"m\":29},\"23:20\":{\"k\":0,\"m\":0},\"23:21\":{\"k\":15,\"m\":10},\"23:22\":{\"k\":36,\"m\":1},\"23:23\":{\"k\":0,\"m\":8},',3,'Test',0,0,'2016-04-06 07:40:19',NULL,NULL),(274,5,'','{\"22:57\":{\"k\":0,\"m\":1},\"22:58\":{\"k\":1,\"m\":12},\"22:59\":{\"k\":0,\"m\":0},\"23:00\":{\"k\":0,\"m\":0},\"23:01\":{\"k\":0,\"m\":0},\"23:02\":{\"k\":0,\"m\":0},\"23:03\":{\"k\":0,\"m\":0},\"23:04\":{\"k\":0,\"m\":0},\"23:05\":{\"k\":0,\"m\":0},\"23:06\":{\"k\":0,\"m\":0},\"23:07\":{\"k\":0,\"m\":0},\"23:08\":{\"k\":0,\"m\":0},\"23:09\":{\"k\":0,\"m\":0},\"23:10\":{\"k\":0,\"m\":0},\"23:11\":{\"k\":0,\"m\":0},\"23:12\":{\"k\":0,\"m\":0},\"23:13\":{\"k\":0,\"m\":0},\"23:14\":{\"k\":0,\"m\":0},\"23:15\":{\"k\":0,\"m\":0},\"23:16\":{\"k\":0,\"m\":0},\"23:17\":{\"k\":0,\"m\":5},\"23:18\":{\"k\":0,\"m\":8},\"23:19\":{\"k\":0,\"m\":29},\"23:20\":{\"k\":0,\"m\":0},\"23:21\":{\"k\":15,\"m\":10},\"23:22\":{\"k\":36,\"m\":1},\"23:23\":{\"k\":0,\"m\":8},',3,'Test',0,0,'2016-04-06 07:51:19',NULL,NULL),(275,4,'','',0,'',1,0,'2016-04-06 01:00:00',NULL,NULL),(276,4,'aaa','',0,'',1,0,'2016-04-06 01:10:00',NULL,NULL),(277,4,'','',0,'',1,0,'2016-04-06 01:20:00',NULL,NULL),(278,4,'','',0,'',1,0,'2016-04-06 01:30:00',NULL,NULL),(279,4,'','',0,'',1,0,'2016-04-06 01:40:00',NULL,NULL),(280,4,'','',0,'',1,0,'2016-04-06 01:50:00',NULL,NULL),(281,4,'','',0,'',1,0,'2016-04-06 02:00:00',NULL,NULL),(282,4,'','',0,'',1,0,'2016-04-06 02:10:00',NULL,NULL),(283,4,'','',0,'',1,0,'2016-04-06 02:20:00',NULL,NULL),(284,4,'','',0,'',1,0,'2016-04-06 02:30:00',NULL,NULL),(285,4,'','',0,'',1,0,'2016-04-06 02:40:00',NULL,NULL),(286,4,'','',0,'',1,0,'2016-04-06 02:50:00',NULL,NULL),(287,4,'','',0,'',1,0,'2016-04-06 04:10:00',NULL,NULL),(288,4,'','',0,'',1,0,'2016-04-06 04:20:00',NULL,NULL),(289,4,'','',0,'',1,0,'2016-04-06 04:30:00',NULL,NULL),(290,4,'','',0,'',1,0,'2016-04-06 04:40:00',NULL,NULL),(291,4,'','',0,'',1,0,'2016-04-06 04:50:00',NULL,NULL),(292,4,'','',0,'',1,1,'2016-04-06 05:00:00',NULL,NULL),(293,4,'','',0,'',1,1,'2016-04-06 05:10:00',NULL,NULL),(294,4,'','',0,'',1,1,'2016-04-06 05:20:00',NULL,NULL),(295,4,'','',0,'',1,1,'2016-04-06 05:30:00',NULL,NULL),(296,4,'','',0,'',1,1,'2016-04-06 05:40:00',NULL,NULL),(297,4,'','',0,'',1,1,'2016-04-06 05:50:00',NULL,NULL),(298,4,'','',0,'',1,1,'2016-04-06 06:00:00',NULL,NULL),(299,4,'','',0,'',1,1,'2016-04-06 06:10:00',NULL,NULL),(300,4,'','',0,'',1,1,'2016-04-06 06:20:00',NULL,NULL),(301,4,'','',0,'',1,1,'2016-04-06 06:30:00',NULL,NULL),(302,4,'','',0,'',1,1,'2016-04-06 06:40:00',NULL,NULL),(303,4,'','',0,'',1,1,'2016-04-06 06:50:00',NULL,NULL),(304,4,'','',0,'',1,1,'2016-04-06 07:00:00',NULL,NULL),(305,4,'','',0,'',1,1,'2016-04-06 07:10:00',NULL,NULL),(306,4,'','',0,'',1,1,'2016-04-06 07:20:00',NULL,NULL),(307,4,'','',0,'',1,1,'2016-04-06 07:30:00',NULL,NULL),(308,4,'','',0,'',1,1,'2016-04-06 07:40:00',NULL,NULL),(309,4,'','',0,'',1,1,'2016-04-06 07:50:00',NULL,NULL),(310,4,'','',0,'',1,1,'2016-04-06 08:00:00',NULL,NULL),(311,4,'','',0,'',1,1,'2016-04-06 08:10:00',NULL,NULL),(312,4,'','',0,'',1,1,'2016-04-06 08:20:00',NULL,NULL),(313,4,'','',0,'',1,1,'2016-04-06 08:30:00',NULL,NULL),(314,4,'','',0,'',1,1,'2016-04-06 08:40:00',NULL,NULL),(315,4,'','',0,'',1,1,'2016-04-06 08:50:00',NULL,NULL),(316,4,'','',0,'',1,1,'2016-04-06 09:00:00',NULL,NULL),(317,4,'','',0,'',1,1,'2016-04-06 09:10:00',NULL,NULL),(318,4,'','',0,'',1,1,'2016-04-06 09:20:00',NULL,NULL),(319,4,'','',0,'',1,1,'2016-04-06 09:30:00',NULL,NULL),(320,4,'','',0,'',1,1,'2016-04-06 09:40:00',NULL,NULL),(321,4,'','',0,'',1,1,'2016-04-06 09:50:00',NULL,NULL),(322,4,'','',0,'',1,1,'2016-04-06 10:00:00',NULL,NULL),(323,4,'','',0,'',1,1,'2016-04-06 10:10:00',NULL,NULL),(324,4,'','',0,'',1,1,'2016-04-06 10:20:00',NULL,NULL),(325,4,'','',0,'',1,1,'2016-04-06 10:30:00',NULL,NULL),(326,4,'','',0,'',1,1,'2016-04-06 10:40:00',NULL,NULL),(327,4,'','',0,'',1,1,'2016-04-06 10:50:00',NULL,NULL),(328,4,'','',0,'',1,1,'2016-04-06 11:00:00',NULL,NULL),(329,4,'','',0,'',1,1,'2016-04-06 11:10:00',NULL,NULL),(330,4,'','',0,'',1,1,'2016-04-06 11:20:00',NULL,NULL),(331,4,'','',0,'',1,1,'2016-04-06 11:30:00',NULL,NULL),(332,4,'','',0,'',1,1,'2016-04-06 11:40:00',NULL,NULL),(333,4,'','',0,'',1,1,'2016-04-06 11:50:00',NULL,NULL),(334,4,'','',0,'',1,1,'2016-04-06 12:00:00',NULL,NULL),(335,4,'','',0,'',1,1,'2016-04-06 12:10:00',NULL,NULL),(336,4,'','',0,'',1,1,'2016-04-06 12:20:00',NULL,NULL),(337,4,'','',0,'',1,1,'2016-04-06 12:30:00',NULL,NULL),(338,4,'','',0,'',1,1,'2016-04-06 12:40:00',NULL,NULL),(339,4,'','',0,'',1,1,'2016-04-06 12:50:00',NULL,NULL),(340,4,'','',0,'',1,1,'2016-04-06 15:10:00',NULL,NULL),(341,4,'','',0,'',1,1,'2016-04-06 15:20:00',NULL,NULL),(342,4,'','',0,'',1,1,'2016-04-06 15:30:00',NULL,NULL),(343,4,'','',0,'',1,1,'2016-04-06 15:40:00',NULL,NULL),(344,4,'','',0,'',1,1,'2016-04-06 15:50:00',NULL,NULL),(345,4,'','',0,'',1,1,'2016-04-06 16:00:00',NULL,NULL),(346,4,'','',0,'',1,1,'2016-04-06 16:10:00',NULL,NULL),(347,4,'','',0,'',1,1,'2016-04-06 16:20:00',NULL,NULL),(348,4,'','',0,'',1,1,'2016-04-06 16:30:00',NULL,NULL),(349,4,'','',0,'',1,1,'2016-04-06 16:40:00',NULL,NULL),(350,4,'','',0,'',1,1,'2016-04-06 16:50:00',NULL,NULL),(351,4,'','',0,'',1,1,'2016-04-06 17:00:00',NULL,NULL),(352,4,'','',0,'',1,1,'2016-04-06 17:10:00',NULL,NULL),(353,4,'','',0,'',1,1,'2016-04-06 17:20:00',NULL,NULL),(354,4,'','',0,'',1,1,'2016-04-06 17:30:00',NULL,NULL),(355,4,'','',0,'',1,1,'2016-04-06 17:40:00',NULL,NULL),(356,4,'','',0,'',1,1,'2016-04-06 17:50:00',NULL,NULL),(357,4,'','',0,'',1,1,'2016-04-06 18:00:00',NULL,NULL),(358,4,'','',0,'',1,1,'2016-04-06 18:10:00',NULL,NULL),(359,4,'','',0,'',1,1,'2016-04-06 18:20:00',NULL,NULL),(360,4,'','',0,'',1,1,'2016-04-06 18:30:00',NULL,NULL),(361,4,'','',0,'',1,1,'2016-04-06 18:40:00',NULL,NULL),(362,4,'','',0,'',1,1,'2016-04-06 18:50:00',NULL,NULL),(363,4,'','',0,'',1,1,'2016-04-06 19:00:00',NULL,NULL),(364,4,'','',0,'',1,1,'2016-04-06 19:10:00',NULL,NULL),(365,4,'','',0,'',1,1,'2016-04-06 19:20:00',NULL,NULL),(366,4,'','',0,'',1,1,'2016-04-06 19:30:00',NULL,NULL),(367,4,'','',0,'',1,1,'2016-04-06 19:40:00',NULL,NULL),(368,4,'','',0,'',1,1,'2016-04-06 19:50:00',NULL,NULL),(369,4,'','',0,'',1,1,'2016-04-06 20:00:00',NULL,NULL),(370,4,'','',0,'',1,1,'2016-04-06 20:10:00',NULL,NULL),(371,4,'','',0,'',1,1,'2016-04-06 20:20:00',NULL,NULL),(372,4,'','',0,'',1,1,'2016-04-06 20:30:00',NULL,NULL),(373,4,'','',0,'',1,1,'2016-04-06 20:40:00',NULL,NULL),(374,4,'','',0,'',1,1,'2016-04-06 20:50:00',NULL,NULL),(375,4,'','',0,'',1,1,'2016-04-06 21:00:00',NULL,NULL),(376,4,'','',0,'',1,1,'2016-04-06 21:10:00',NULL,NULL),(377,4,'','',0,'',1,1,'2016-04-06 21:20:00',NULL,NULL),(378,4,'','',0,'',1,1,'2016-04-06 21:30:00',NULL,NULL),(379,4,'','',0,'',1,1,'2016-04-06 21:40:00',NULL,NULL),(380,4,'','',0,'',1,1,'2016-04-06 21:50:00',NULL,NULL),(381,4,'','',0,'',1,1,'2016-04-06 22:00:00',NULL,NULL),(382,4,'','',0,'',1,1,'2016-04-06 22:10:00',NULL,NULL),(383,4,'','',0,'',1,1,'2016-04-06 22:20:00',NULL,NULL),(384,4,'','',0,'',1,1,'2016-04-06 22:30:00',NULL,NULL),(385,4,'','',0,'',1,1,'2016-04-06 22:40:00',NULL,NULL),(386,4,'','',0,'',1,1,'2016-04-06 22:50:00',NULL,NULL),(387,4,'','',0,'',1,1,'2016-04-06 23:00:00',NULL,NULL),(388,4,'','',0,'',1,1,'2016-04-06 23:10:00',NULL,NULL),(389,4,'','',0,'',1,1,'2016-04-06 23:20:00',NULL,NULL),(390,4,'','',0,'',1,1,'2016-04-06 23:30:00',NULL,NULL),(391,4,'','',0,'',1,1,'2016-04-06 23:40:00',NULL,NULL),(392,4,'','',0,'',1,1,'2016-04-06 23:50:00',NULL,NULL),(393,4,'','',0,'',1,1,'2016-04-07 00:00:00',NULL,NULL),(394,5,'','{\"03:21\":{\"k\":0,\"m\":9}}',10,'Test',0,0,'2016-04-06 11:21:10',NULL,NULL),(395,5,'','{\"03:21\":{\"k\":0,\"m\":9},\"03:22\":{\"k\":0,\"m\":1}}',10,'Test',0,0,'2016-04-06 11:22:10',NULL,NULL),(396,5,'','{\"03:21\":{\"k\":0,\"m\":9},\"03:22\":{\"k\":0,\"m\":1},\"03:23\":{\"k\":0,\"m\":0}}',7,'Test',0,0,'2016-04-06 11:23:10',NULL,NULL),(397,5,'','{\"03:25\":{\"k\":0,\"m\":2}}',10,'Test',0,0,'2016-04-06 11:25:36',NULL,NULL),(398,4,'','',0,'',1,1,'2016-04-07 01:00:00',NULL,NULL),(399,4,'','',0,'',1,1,'2016-04-07 01:10:00',NULL,NULL),(400,4,'','',0,'',1,1,'2016-04-07 01:20:00',NULL,NULL),(401,4,'','',0,'',1,1,'2016-04-07 01:30:00',NULL,NULL),(402,4,'','',0,'',1,1,'2016-04-07 01:40:00',NULL,NULL),(403,4,'','',0,'',1,1,'2016-04-07 01:50:00',NULL,NULL),(404,4,'','',0,'',1,1,'2016-04-07 02:00:00',NULL,NULL),(405,4,'','',0,'',1,1,'2016-04-07 02:10:00',NULL,NULL),(406,4,'','',0,'',1,1,'2016-04-07 02:20:00',NULL,NULL),(407,4,'','',0,'',1,1,'2016-04-07 02:30:00',NULL,NULL),(408,4,'','',0,'',1,1,'2016-04-07 02:40:00',NULL,NULL),(409,4,'','',0,'',1,1,'2016-04-07 02:50:00',NULL,NULL),(410,4,'','',0,'',1,1,'2016-04-07 03:00:00',NULL,NULL),(411,4,'','',0,'',1,1,'2016-04-07 03:10:00',NULL,NULL),(412,4,'','',0,'',1,1,'2016-04-07 03:20:00',NULL,NULL),(413,4,'','',0,'',1,1,'2016-04-07 03:30:00',NULL,NULL),(414,4,'','',0,'',1,1,'2016-04-07 03:40:00',NULL,NULL),(415,4,'','',0,'',1,1,'2016-04-07 03:50:00',NULL,NULL),(416,4,'','',0,'',1,1,'2016-04-07 04:00:00',NULL,NULL),(417,4,'','',0,'',1,1,'2016-04-07 04:10:00',NULL,NULL),(418,4,'','',0,'',1,1,'2016-04-07 04:20:00',NULL,NULL),(419,4,'','',0,'',1,1,'2016-04-07 04:30:00',NULL,NULL),(420,4,'','',0,'',1,1,'2016-04-07 04:40:00',NULL,NULL),(421,4,'','',0,'',1,1,'2016-04-07 04:50:00',NULL,NULL),(422,4,'','',0,'',1,1,'2016-04-07 05:00:00',NULL,NULL),(423,4,'','',0,'',1,1,'2016-04-07 05:10:00',NULL,NULL),(424,4,'','',0,'',1,1,'2016-04-07 05:20:00',NULL,NULL),(425,4,'','',0,'',1,1,'2016-04-07 05:30:00',NULL,NULL),(426,4,'','',0,'',1,1,'2016-04-07 05:40:00',NULL,NULL),(427,4,'','',0,'',1,1,'2016-04-07 05:50:00',NULL,NULL),(428,4,'','',0,'',1,1,'2016-04-07 06:00:00',NULL,NULL),(429,4,'','',0,'',1,1,'2016-04-07 06:10:00',NULL,NULL),(430,4,'','',0,'',1,1,'2016-04-07 06:20:00',NULL,NULL),(431,4,'','',0,'',1,1,'2016-04-07 06:30:00',NULL,NULL),(432,4,'','',0,'',1,1,'2016-04-07 06:40:00',NULL,NULL),(433,4,'','',0,'',1,1,'2016-04-07 06:50:00',NULL,NULL),(434,4,'','',0,'',1,1,'2016-04-07 07:00:00',NULL,NULL),(435,4,'','',0,'',1,1,'2016-04-07 07:10:00',NULL,NULL),(436,4,'','',0,'',1,1,'2016-04-07 07:20:00',NULL,NULL),(437,4,'','',0,'',1,1,'2016-04-07 07:30:00',NULL,NULL),(438,4,'','',0,'',1,1,'2016-04-07 07:40:00',NULL,NULL),(439,4,'','',0,'',1,1,'2016-04-07 07:50:00',NULL,NULL),(440,4,'','',0,'',1,1,'2016-04-07 08:00:00',NULL,NULL),(441,4,'','',0,'',1,1,'2016-04-07 08:10:00',NULL,NULL),(442,4,'','',0,'',1,1,'2016-04-07 08:20:00',NULL,NULL),(443,4,'','',0,'',1,1,'2016-04-07 08:30:00',NULL,NULL),(444,4,'','',0,'',1,1,'2016-04-07 08:40:00',NULL,NULL),(445,4,'','',0,'',1,1,'2016-04-07 08:50:00',NULL,NULL),(446,4,'','',0,'',1,1,'2016-04-07 09:00:00',NULL,NULL),(447,4,'','',0,'',1,1,'2016-04-07 09:10:00',NULL,NULL),(448,4,'','',0,'',1,1,'2016-04-07 09:20:00',NULL,NULL),(449,4,'','',0,'',1,1,'2016-04-07 09:30:00',NULL,NULL),(450,4,'','',0,'',1,1,'2016-04-07 09:40:00',NULL,NULL),(451,4,'','',0,'',1,1,'2016-04-07 09:50:00',NULL,NULL),(452,4,'','',0,'',1,1,'2016-04-07 10:00:00',NULL,NULL),(453,4,'','',0,'',1,1,'2016-04-07 10:10:00',NULL,NULL),(454,4,'','',0,'',1,1,'2016-04-07 10:20:00',NULL,NULL),(455,4,'','',0,'',1,1,'2016-04-07 10:30:00',NULL,NULL),(456,4,'','',0,'',1,1,'2016-04-07 10:40:00',NULL,NULL),(457,4,'','',0,'',1,1,'2016-04-07 10:50:00',NULL,NULL),(458,4,'','',0,'',1,1,'2016-04-07 11:00:00',NULL,NULL),(459,4,'','',0,'',1,1,'2016-04-07 11:10:00',NULL,NULL),(460,4,'','',0,'',1,1,'2016-04-07 11:20:00',NULL,NULL),(461,4,'','',0,'',1,1,'2016-04-07 11:30:00',NULL,NULL),(462,4,'','',0,'',1,1,'2016-04-07 11:40:00',NULL,NULL),(463,4,'','',0,'',1,1,'2016-04-07 11:50:00',NULL,NULL),(464,4,'','',0,'',1,1,'2016-04-07 12:00:00',NULL,NULL),(465,4,'','',0,'',1,1,'2016-04-07 12:10:00',NULL,NULL),(466,4,'','',0,'',1,1,'2016-04-07 12:20:00',NULL,NULL),(467,4,'','',0,'',1,1,'2016-04-07 12:30:00',NULL,NULL),(468,4,'','',0,'',1,1,'2016-04-07 12:40:00',NULL,NULL),(469,4,'','',0,'',1,1,'2016-04-07 12:50:00',NULL,NULL),(470,4,'','',0,'',1,1,'2016-04-07 13:00:00',NULL,NULL),(471,4,'','',0,'',1,1,'2016-04-07 13:10:00',NULL,NULL),(472,4,'','',0,'',1,1,'2016-04-07 13:20:00',NULL,NULL),(473,4,'','',0,'',1,1,'2016-04-07 13:30:00',NULL,NULL),(474,4,'','',0,'',1,1,'2016-04-07 13:40:00',NULL,NULL),(475,4,'','',0,'',1,1,'2016-04-07 13:50:00',NULL,NULL),(476,4,'','',0,'',1,1,'2016-04-07 14:00:00',NULL,NULL),(477,4,'','',0,'',1,1,'2016-04-07 14:10:00',NULL,NULL),(478,4,'','',0,'',1,1,'2016-04-07 14:20:00',NULL,NULL),(479,4,'','',0,'',1,1,'2016-04-07 14:30:00',NULL,NULL),(480,4,'','',0,'',1,1,'2016-04-07 14:40:00',NULL,NULL),(481,4,'','',0,'',1,1,'2016-04-07 14:50:00',NULL,NULL),(482,4,'','',0,'',1,1,'2016-04-07 15:00:00',NULL,NULL),(483,4,'','',0,'',1,1,'2016-04-07 15:10:00',NULL,NULL),(484,4,'','',0,'',1,1,'2016-04-07 15:20:00',NULL,NULL),(485,4,'','',0,'',1,1,'2016-04-07 15:30:00',NULL,NULL),(486,4,'','',0,'',1,1,'2016-04-07 15:40:00',NULL,NULL),(487,4,'','',0,'',1,1,'2016-04-07 15:50:00',NULL,NULL),(488,4,'','',0,'',1,1,'2016-04-07 16:00:00',NULL,NULL),(489,4,'','',0,'',1,1,'2016-04-07 16:10:00',NULL,NULL),(490,4,'','',0,'',1,1,'2016-04-07 16:20:00',NULL,NULL),(491,4,'','',0,'',1,1,'2016-04-07 16:30:00',NULL,NULL),(492,4,'','',0,'',1,1,'2016-04-07 16:40:00',NULL,NULL),(493,4,'','',0,'',1,1,'2016-04-07 16:50:00',NULL,NULL),(494,4,'','',0,'',1,1,'2016-04-07 17:00:00',NULL,NULL),(495,4,'','',0,'',1,1,'2016-04-07 17:10:00',NULL,NULL),(496,4,'','',0,'',1,1,'2016-04-07 17:20:00',NULL,NULL),(497,4,'','',0,'',1,1,'2016-04-07 17:30:00',NULL,NULL),(498,4,'','',0,'',1,1,'2016-04-07 17:40:00',NULL,NULL),(499,4,'','',0,'',1,1,'2016-04-07 17:50:00',NULL,NULL),(500,4,'','',0,'',1,1,'2016-04-07 18:00:00',NULL,NULL),(501,4,'','',0,'',1,1,'2016-04-07 18:10:00',NULL,NULL),(502,4,'','',0,'',1,1,'2016-04-07 18:20:00',NULL,NULL),(503,4,'','',0,'',1,1,'2016-04-07 18:30:00',NULL,NULL),(504,4,'','',0,'',1,1,'2016-04-07 18:40:00',NULL,NULL),(505,4,'','',0,'',1,1,'2016-04-07 18:50:00',NULL,NULL),(506,4,'','',0,'',1,1,'2016-04-07 19:00:00',NULL,NULL),(507,4,'','',0,'',1,1,'2016-04-07 19:10:00',NULL,NULL),(508,4,'','',0,'',1,1,'2016-04-07 19:20:00',NULL,NULL),(509,4,'','',0,'',1,1,'2016-04-07 19:30:00',NULL,NULL),(510,4,'','',0,'',1,1,'2016-04-07 19:40:00',NULL,NULL),(511,4,'','',0,'',1,1,'2016-04-07 19:50:00',NULL,NULL),(512,4,'','',0,'',1,1,'2016-04-07 20:00:00',NULL,NULL),(513,4,'','',0,'',1,1,'2016-04-07 20:10:00',NULL,NULL),(514,4,'','',0,'',1,1,'2016-04-07 20:20:00',NULL,NULL),(515,4,'','',0,'',1,1,'2016-04-07 20:30:00',NULL,NULL),(516,4,'','',0,'',1,1,'2016-04-07 20:40:00',NULL,NULL),(517,4,'','',0,'',1,1,'2016-04-07 20:50:00',NULL,NULL),(518,4,'','',0,'',1,1,'2016-04-07 21:00:00',NULL,NULL),(519,4,'','',0,'',1,1,'2016-04-07 21:10:00',NULL,NULL),(520,4,'','',0,'',1,1,'2016-04-07 21:20:00',NULL,NULL),(521,4,'','',0,'',1,1,'2016-04-07 21:30:00',NULL,NULL),(522,4,'','',0,'',1,1,'2016-04-07 21:40:00',NULL,NULL),(523,4,'','',0,'',1,1,'2016-04-07 21:50:00',NULL,NULL),(524,4,'','',0,'',1,1,'2016-04-07 22:00:00',NULL,NULL),(525,4,'','',0,'',1,1,'2016-04-07 22:10:00',NULL,NULL),(526,4,'','',0,'',1,1,'2016-04-07 22:20:00',NULL,NULL),(527,4,'','',0,'',1,1,'2016-04-07 22:30:00',NULL,NULL),(528,4,'','',0,'',1,1,'2016-04-07 22:40:00',NULL,NULL),(529,4,'','',0,'',1,1,'2016-04-07 22:50:00',NULL,NULL),(530,4,'','',0,'',1,1,'2016-04-07 23:00:00',NULL,NULL),(531,4,'','',0,'',1,1,'2016-04-07 23:10:00',NULL,NULL),(532,4,'','',0,'',1,1,'2016-04-07 23:20:00',NULL,NULL),(533,4,'','',0,'',1,1,'2016-04-07 23:30:00',NULL,NULL),(534,4,'','',0,'',1,1,'2016-04-07 23:40:00',NULL,NULL),(535,4,'','',0,'',1,1,'2016-04-07 23:50:00',NULL,NULL),(536,4,'','',0,'',1,1,'2016-04-08 00:00:00',NULL,NULL),(537,5,'','{\"00:41\":{\"k\":0,\"m\":8}}',10,'Test',0,0,'2016-04-07 08:41:18',NULL,NULL),(538,5,'','{\"00:55\":{\"k\":0,\"m\":0}}',0,'Test',0,0,'2016-04-07 08:55:02',NULL,NULL),(539,5,'','{\"01:10\":{\"k\":0,\"m\":9}}',10,'Test',0,0,'2016-04-07 09:10:59',NULL,NULL),(540,5,'','{\"01:10\":{\"k\":0,\"m\":9},\"01:13\":{\"k\":0,\"m\":4}}',10,'Test',0,0,'2016-04-07 09:13:42',NULL,NULL),(541,5,'','{\"01:10\":{\"k\":0,\"m\":9},\"01:13\":{\"k\":0,\"m\":4},\"01:14\":{\"k\":0,\"m\":15}}',10,'Test',0,0,'2016-04-07 09:14:42',NULL,NULL),(542,5,'','{\"01:10\":{\"k\":0,\"m\":9},\"01:13\":{\"k\":0,\"m\":4},\"01:14\":{\"k\":0,\"m\":15},\"01:15\":{\"k\":0,\"m\":0}}',8,'Test',0,0,'2016-04-07 09:15:42',NULL,NULL),(543,5,'','{\"01:10\":{\"k\":0,\"m\":9},\"01:13\":{\"k\":0,\"m\":4},\"01:14\":{\"k\":0,\"m\":15},\"01:15\":{\"k\":0,\"m\":0},\"01:16\":{\"k\":0,\"m\":0}}',6,'Test',0,0,'2016-04-07 09:16:42',NULL,NULL),(544,5,'','{\"01:10\":{\"k\":0,\"m\":9},\"01:13\":{\"k\":0,\"m\":4},\"01:14\":{\"k\":0,\"m\":15},\"01:15\":{\"k\":0,\"m\":0},\"01:16\":{\"k\":0,\"m\":0},\"01:17\":{\"k\":0,\"m\":0}}',5,'Test',0,0,'2016-04-07 09:17:42',NULL,NULL),(545,5,'','{\"01:10\":{\"k\":0,\"m\":9},\"01:13\":{\"k\":0,\"m\":4},\"01:14\":{\"k\":0,\"m\":15},\"01:15\":{\"k\":0,\"m\":0},\"01:16\":{\"k\":0,\"m\":0},\"01:17\":{\"k\":0,\"m\":0},\"01:18\":{\"k\":0,\"m\":0}}',4,'Test',0,0,'2016-04-07 09:18:42',NULL,NULL),(546,5,'','{\"01:10\":{\"k\":0,\"m\":9},\"01:13\":{\"k\":0,\"m\":4},\"01:14\":{\"k\":0,\"m\":15},\"01:15\":{\"k\":0,\"m\":0},\"01:16\":{\"k\":0,\"m\":0},\"01:17\":{\"k\":0,\"m\":0},\"01:18\":{\"k\":0,\"m\":0},\"01:19\":{\"k\":0,\"m\":0}}',4,'Test',0,0,'2016-04-07 09:19:42',NULL,NULL),(547,5,'','{\"01:10\":{\"k\":0,\"m\":9},\"01:13\":{\"k\":0,\"m\":4},\"01:14\":{\"k\":0,\"m\":15},\"01:15\":{\"k\":0,\"m\":0},\"01:16\":{\"k\":0,\"m\":0},\"01:17\":{\"k\":0,\"m\":0},\"01:18\":{\"k\":0,\"m\":0},\"01:19\":{\"k\":0,\"m\":0},\"01:20\":{\"k\":0,\"m\":0}}',3,'Test',0,0,'2016-04-07 09:20:42',NULL,NULL),(548,5,'','{\"01:10\":{\"k\":0,\"m\":9},\"01:13\":{\"k\":0,\"m\":4},\"01:14\":{\"k\":0,\"m\":15},\"01:15\":{\"k\":0,\"m\":0},\"01:16\":{\"k\":0,\"m\":0},\"01:17\":{\"k\":0,\"m\":0},\"01:18\":{\"k\":0,\"m\":0},\"01:19\":{\"k\":0,\"m\":0},\"01:20\":{\"k\":0,\"m\":0},\"01:21\":{\"k\":0,\"m\":0}}',3,'Test',0,0,'2016-04-07 09:21:42',NULL,NULL),(549,5,'','{\"01:10\":{\"k\":0,\"m\":9},\"01:13\":{\"k\":0,\"m\":4},\"01:14\":{\"k\":0,\"m\":15},\"01:15\":{\"k\":0,\"m\":0},\"01:16\":{\"k\":0,\"m\":0},\"01:17\":{\"k\":0,\"m\":0},\"01:18\":{\"k\":0,\"m\":0},\"01:19\":{\"k\":0,\"m\":0},\"01:20\":{\"k\":0,\"m\":0},\"01:21\":{\"k\":0,\"m\":0},\"01:22\":{\"k\":0,\"m\":0}}',3,'Test',0,0,'2016-04-07 09:22:42',NULL,NULL),(550,5,'','{\"01:24\":{\"k\":5,\"m\":12}}',10,'Test',0,0,'2016-04-07 09:24:26',NULL,NULL),(551,5,'','{\"01:25\":{\"k\":0,\"m\":14}}',10,'Test',0,0,'2016-04-07 09:25:49',NULL,NULL),(552,5,'','{\"01:28\":{\"k\":0,\"m\":2}}',10,'Test',0,0,'2016-04-07 09:28:01',NULL,NULL),(553,5,'','{\"01:28\":{\"k\":0,\"m\":2},\"01:29\":{\"k\":2,\"m\":4}}',10,'Test',0,0,'2016-04-07 09:29:01',NULL,NULL),(554,5,'','{\"01:34\":{\"k\":0,\"m\":0}}',0,'Test',0,0,'2016-04-07 09:34:52',NULL,NULL),(555,5,'','{\"01:43\":{\"k\":0,\"m\":14}}',10,'Test',0,0,'2016-04-07 09:43:32',NULL,NULL),(556,5,'','{\"03:32\":{\"k\":0,\"m\":0}}',0,'Test',0,0,'2016-04-07 11:32:09',NULL,NULL),(557,5,'','{\"19:15\":{\"k\":0,\"m\":20}}',10,'Test',0,0,'2016-04-08 03:15:59',NULL,NULL),(558,5,'','{\"02:53\":{\"k\":0,\"m\":23}}',10,'Test',0,0,'2016-04-06 10:53:14',NULL,NULL),(559,5,'','{\"19:26\":{\"k\":0,\"m\":10}}',10,'Test',0,0,'2016-04-08 03:26:57',NULL,NULL),(560,5,'','{\"19:29\":{\"k\":0,\"m\":0}}',0,'Test',0,0,'2016-04-08 03:29:03',NULL,NULL),(561,5,'','{\"02:56\":{\"k\":0,\"m\":8}}',10,'Test',0,0,'2016-04-06 10:56:22',NULL,NULL),(562,5,'','{\"19:30\":{\"k\":0,\"m\":2}}',10,'Test',0,0,'2016-04-08 03:30:57',NULL,NULL),(563,5,'','{\"02:56\":{\"k\":0,\"m\":8},\"02:57\":{\"k\":0,\"m\":11}}',10,'Test',0,0,'2016-04-06 10:57:22',NULL,NULL),(564,5,'','{\"02:56\":{\"k\":0,\"m\":8},\"02:57\":{\"k\":0,\"m\":11},\"02:58\":{\"k\":6,\"m\":28}}',10,'Test',0,0,'2016-04-06 10:58:22',NULL,NULL),(565,5,'','{\"02:56\":{\"k\":0,\"m\":8},\"02:57\":{\"k\":0,\"m\":11},\"02:58\":{\"k\":6,\"m\":28},\"02:59\":{\"k\":2,\"m\":19}}',10,'Test',0,0,'2016-04-06 10:59:22',NULL,NULL),(566,5,'','{\"02:56\":{\"k\":0,\"m\":8},\"02:57\":{\"k\":0,\"m\":11},\"02:58\":{\"k\":6,\"m\":28},\"02:59\":{\"k\":2,\"m\":19},\"03:00\":{\"k\":0,\"m\":0}}',8,'Test',0,0,'2016-04-06 11:00:22',NULL,NULL),(567,5,'','{\"03:01\":{\"k\":0,\"m\":5}}',10,'Test',0,0,'2016-04-06 11:01:58',NULL,NULL),(568,5,'','{\"03:03\":{\"k\":0,\"m\":5}}',10,'Test',0,0,'2016-04-06 11:03:57',NULL,NULL),(569,5,'','{\"03:03\":{\"k\":0,\"m\":5},\"03:04\":{\"k\":0,\"m\":9}}',10,'Test',0,0,'2016-04-06 11:04:57',NULL,NULL),(570,5,'','{\"03:07\":{\"k\":0,\"m\":2}}',10,'Test',0,0,'2016-04-06 11:07:50',NULL,NULL),(571,5,'','{\"03:07\":{\"k\":0,\"m\":2},\"03:08\":{\"k\":0,\"m\":0}}',5,'Test',0,0,'2016-04-06 11:08:50',NULL,NULL),(572,5,'','{\"03:07\":{\"k\":0,\"m\":2},\"03:08\":{\"k\":0,\"m\":0},\"03:09\":{\"k\":0,\"m\":0}}',3,'Test',0,0,'2016-04-06 11:09:50',NULL,NULL),(573,5,'','{\"01:00\":{\"k\":0,\"m\":14}}',10,'Test',0,0,'2016-04-07 09:00:30',NULL,NULL),(574,5,'','{\"01:00\":{\"k\":0,\"m\":14},\"01:01\":{\"k\":37,\"m\":30}}',10,'Test',0,0,'2016-04-07 09:01:30',NULL,NULL),(575,5,'','{\"03:37\":{\"k\":0,\"m\":2}}',10,'Test',0,0,'2016-04-07 11:37:55',NULL,NULL),(576,5,'','{\"19:30\":{\"k\":0,\"m\":2},\"19:31\":{\"k\":0,\"m\":0}}',5,'Test',0,0,'2016-04-08 03:31:57',NULL,NULL),(577,5,'','{\"20:53\":{\"k\":0,\"m\":0}}',0,'Test',0,0,'2016-04-08 04:53:48',NULL,NULL),(578,5,'','{\"20:56\":{\"k\":0,\"m\":2}}',10,'Test',0,0,'2016-04-08 04:56:13',NULL,NULL),(579,5,'atasdfasdf','{\"23:12\":{\"k\":10,\"m\":5}}',10,'Test',0,0,'2016-04-08 07:12:39',NULL,NULL),(580,5,'Yong','{\"20:56\":{\"k\":0,\"m\":2},\"20:57\":{\"k\":33,\"m\":0},\"20:58\":{\"k\":0,\"m\":0},\"20:59\":{\"k\":0,\"m\":0},\"21:00\":{\"k\":0,\"m\":0},\"21:01\":{\"k\":5,\"m\":0},\"21:02\":{\"k\":0,\"m\":0},\"21:03\":{\"k\":0,\"m\":0},\"21:04\":{\"k\":0,\"m\":0},\"21:05\":{\"k\":0,\"m\":0},\"21:06\":{\"k\":0,\"m\":0},\"21:07\":{\"k\":0,\"m\":0},\"21:08\":{\"k\":0,\"m\":0}}',2,'Test',0,0,'2016-04-08 05:08:13',NULL,NULL),(581,5,'Yong','{\"20:56\":{\"k\":0,\"m\":2},\"20:57\":{\"k\":33,\"m\":0},\"20:58\":{\"k\":0,\"m\":0},\"20:59\":{\"k\":0,\"m\":0},\"21:00\":{\"k\":0,\"m\":0},\"21:01\":{\"k\":5,\"m\":0},\"21:02\":{\"k\":0,\"m\":0},\"21:03\":{\"k\":0,\"m\":0},\"21:04\":{\"k\":0,\"m\":0},\"21:05\":{\"k\":0,\"m\":0},\"21:06\":{\"k\":0,\"m\":0},\"21:07\":{\"k\":0,\"m\":0},\"21:08\":{\"k\":0,\"m\":0},\"21:09\":{\"k\":0,\"m\":0},\"21:10\":{\"k\":0,\"m\":0},\"21:11\":{\"k\":0,\"m\":0},\"21:12\":{\"k\":0,\"m\":0},\"21:13\":{\"k\":0,\"m\":0},\"21:14\":{\"k\":0,\"m\":0},\"21:15\":{\"k\":0,\"m\":0},\"21:16\":{\"k\":0,\"m\":0},\"21:17\":{\"k\":0,\"m\":0},\"21:18\":{\"k\":0,\"m\":0},\"21:19\":{\"k\":0,\"m\":0}}',1,'Test',0,0,'2016-04-08 05:19:13',NULL,NULL),(582,5,'Yong','{\"20:56\":{\"k\":0,\"m\":2},\"20:57\":{\"k\":33,\"m\":0},\"20:58\":{\"k\":0,\"m\":0},\"20:59\":{\"k\":0,\"m\":0},\"21:00\":{\"k\":0,\"m\":0},\"21:01\":{\"k\":5,\"m\":0},\"21:02\":{\"k\":0,\"m\":0},\"21:03\":{\"k\":0,\"m\":0},\"21:04\":{\"k\":0,\"m\":0},\"21:05\":{\"k\":0,\"m\":0},\"21:06\":{\"k\":0,\"m\":0},\"21:07\":{\"k\":0,\"m\":0},\"21:08\":{\"k\":0,\"m\":0},\"21:09\":{\"k\":0,\"m\":0},\"21:10\":{\"k\":0,\"m\":0},\"21:11\":{\"k\":0,\"m\":0},\"21:12\":{\"k\":0,\"m\":0},\"21:13\":{\"k\":0,\"m\":0},\"21:14\":{\"k\":0,\"m\":0},\"21:15\":{\"k\":0,\"m\":0},\"21:16\":{\"k\":0,\"m\":0},\"21:17\":{\"k\":0,\"m\":0},\"21:18\":{\"k\":0,\"m\":0},\"21:19\":{\"k\":0,\"m\":0},\"21:20\":{\"k\":0,\"m\":0},\"21:21\":{\"k\":0,\"m\":0},\"21:22\":{\"k\":0,\"m\":0},\"21:',1,'Test',0,0,'2016-04-08 05:30:13',NULL,NULL),(583,5,'Yong','{\"20:56\":{\"k\":0,\"m\":2},\"20:57\":{\"k\":33,\"m\":0},\"20:58\":{\"k\":0,\"m\":0},\"20:59\":{\"k\":0,\"m\":0},\"21:00\":{\"k\":0,\"m\":0},\"21:01\":{\"k\":5,\"m\":0},\"21:02\":{\"k\":0,\"m\":0},\"21:03\":{\"k\":0,\"m\":0},\"21:04\":{\"k\":0,\"m\":0},\"21:05\":{\"k\":0,\"m\":0},\"21:06\":{\"k\":0,\"m\":0},\"21:07\":{\"k\":0,\"m\":0},\"21:08\":{\"k\":0,\"m\":0},\"21:09\":{\"k\":0,\"m\":0},\"21:10\":{\"k\":0,\"m\":0},\"21:11\":{\"k\":0,\"m\":0},\"21:12\":{\"k\":0,\"m\":0},\"21:13\":{\"k\":0,\"m\":0},\"21:14\":{\"k\":0,\"m\":0},\"21:15\":{\"k\":0,\"m\":0},\"21:16\":{\"k\":0,\"m\":0},\"21:17\":{\"k\":0,\"m\":0},\"21:18\":{\"k\":0,\"m\":0},\"21:19\":{\"k\":0,\"m\":0},\"21:20\":{\"k\":0,\"m\":0},\"21:21\":{\"k\":0,\"m\":0},\"21:22\":{\"k\":0,\"m\":0},\"21:',1,'Test',0,0,'2016-04-08 05:44:13',NULL,NULL),(584,5,'Yong','{\"20:56\":{\"k\":0,\"m\":2},\"20:57\":{\"k\":33,\"m\":0},\"20:58\":{\"k\":0,\"m\":0},\"20:59\":{\"k\":0,\"m\":0},\"21:00\":{\"k\":0,\"m\":0},\"21:01\":{\"k\":5,\"m\":0},\"21:02\":{\"k\":0,\"m\":0},\"21:03\":{\"k\":0,\"m\":0},\"21:04\":{\"k\":0,\"m\":0},\"21:05\":{\"k\":0,\"m\":0},\"21:06\":{\"k\":0,\"m\":0},\"21:07\":{\"k\":0,\"m\":0},\"21:08\":{\"k\":0,\"m\":0},\"21:09\":{\"k\":0,\"m\":0},\"21:10\":{\"k\":0,\"m\":0},\"21:11\":{\"k\":0,\"m\":0},\"21:12\":{\"k\":0,\"m\":0},\"21:13\":{\"k\":0,\"m\":0},\"21:14\":{\"k\":0,\"m\":0},\"21:15\":{\"k\":0,\"m\":0},\"21:16\":{\"k\":0,\"m\":0},\"21:17\":{\"k\":0,\"m\":0},\"21:18\":{\"k\":0,\"m\":0},\"21:19\":{\"k\":0,\"m\":0},\"21:20\":{\"k\":0,\"m\":0},\"21:21\":{\"k\":0,\"m\":0},\"21:22\":{\"k\":0,\"m\":0},\"21:',1,'Test',0,0,'2016-04-08 05:50:13',NULL,NULL),(585,5,'atasdfasdf','{\"23:12\":{\"k\":10,\"m\":5},\"23:13\":{\"k\":0,\"m\":13},\"23:14\":{\"k\":0,\"m\":14},\"23:15\":{\"k\":0,\"m\":2},\"23:16\":{\"k\":0,\"m\":0},\"23:17\":{\"k\":0,\"m\":0},\"23:18\":{\"k\":0,\"m\":0}}',6,'Test',0,0,'2016-04-08 07:18:39',NULL,NULL),(586,5,'atasdfasdf','{\"23:12\":{\"k\":10,\"m\":5},\"23:13\":{\"k\":0,\"m\":13},\"23:14\":{\"k\":0,\"m\":14},\"23:15\":{\"k\":0,\"m\":2},\"23:16\":{\"k\":0,\"m\":0},\"23:17\":{\"k\":0,\"m\":0},\"23:18\":{\"k\":0,\"m\":0},\"23:19\":{\"k\":0,\"m\":18},\"23:20\":{\"k\":95,\"m\":24},\"23:21\":{\"k\":101,\"m\":21},\"23:22\":{\"k\":22,\"m\":22},\"23:23\":{\"k\":0,\"m\":0},\"23:24\":{\"k\":0,\"m\":0},\"23:25\":{\"k\":0,\"m\":0},\"23:26\":{\"k\":0,\"m\":0},\"23:27\":{\"k\":0,\"m\":0},\"23:28\":{\"k\":0,\"m\":0},\"23:29\":{\"k\":0,\"m\":0},\"23:30\":{\"k\":0,\"m\":0}}',4,'Test',0,0,'2016-04-08 07:30:39',NULL,NULL),(587,5,'atasdfasdf','{\"23:12\":{\"k\":10,\"m\":5},\"23:13\":{\"k\":0,\"m\":13},\"23:14\":{\"k\":0,\"m\":14},\"23:15\":{\"k\":0,\"m\":2},\"23:16\":{\"k\":0,\"m\":0},\"23:17\":{\"k\":0,\"m\":0},\"23:18\":{\"k\":0,\"m\":0},\"23:19\":{\"k\":0,\"m\":18},\"23:20\":{\"k\":95,\"m\":24},\"23:21\":{\"k\":101,\"m\":21},\"23:22\":{\"k\":22,\"m\":22},\"23:23\":{\"k\":0,\"m\":0},\"23:24\":{\"k\":0,\"m\":0},\"23:25\":{\"k\":0,\"m\":0},\"23:26\":{\"k\":0,\"m\":0},\"23:27\":{\"k\":0,\"m\":0},\"23:28\":{\"k\":0,\"m\":0},\"23:29\":{\"k\":0,\"m\":0},\"23:30\":{\"k\":0,\"m\":0},\"23:31\":{\"k\":0,\"m\":0},\"23:32\":{\"k\":0,\"m\":0},\"23:33\":{\"k\":0,\"m\":0},\"23:34\":{\"k\":0,\"m\":0},\"23:35\":{\"k\":0,\"m\":11},\"23:36\":{\"k\":5,\"m\":28},\"23:37\":{\"k\":0,\"m\":0},\"23:38\":{\"k\":0',3,'Test',0,0,'2016-04-08 07:43:39',NULL,NULL),(588,5,'atasdfasdf','{\"23:12\":{\"k\":10,\"m\":5},\"23:13\":{\"k\":0,\"m\":13},\"23:14\":{\"k\":0,\"m\":14},\"23:15\":{\"k\":0,\"m\":2},\"23:16\":{\"k\":0,\"m\":0},\"23:17\":{\"k\":0,\"m\":0},\"23:18\":{\"k\":0,\"m\":0},\"23:19\":{\"k\":0,\"m\":18},\"23:20\":{\"k\":95,\"m\":24},\"23:21\":{\"k\":101,\"m\":21},\"23:22\":{\"k\":22,\"m\":22},\"23:23\":{\"k\":0,\"m\":0},\"23:24\":{\"k\":0,\"m\":0},\"23:25\":{\"k\":0,\"m\":0},\"23:26\":{\"k\":0,\"m\":0},\"23:27\":{\"k\":0,\"m\":0},\"23:28\":{\"k\":0,\"m\":0},\"23:29\":{\"k\":0,\"m\":0},\"23:30\":{\"k\":0,\"m\":0},\"23:31\":{\"k\":0,\"m\":0},\"23:32\":{\"k\":0,\"m\":0},\"23:33\":{\"k\":0,\"m\":0},\"23:34\":{\"k\":0,\"m\":0},\"23:35\":{\"k\":0,\"m\":11},\"23:36\":{\"k\":5,\"m\":28},\"23:37\":{\"k\":0,\"m\":0},\"23:38\":{\"k\":0',3,'Test',0,0,'2016-04-08 07:48:39',NULL,NULL),(589,5,'atasdfasdf','{\"23:12\":{\"k\":10,\"m\":5},\"23:13\":{\"k\":0,\"m\":13},\"23:14\":{\"k\":0,\"m\":14},\"23:15\":{\"k\":0,\"m\":2},\"23:16\":{\"k\":0,\"m\":0},\"23:17\":{\"k\":0,\"m\":0},\"23:18\":{\"k\":0,\"m\":0},\"23:19\":{\"k\":0,\"m\":18},\"23:20\":{\"k\":95,\"m\":24},\"23:21\":{\"k\":101,\"m\":21},\"23:22\":{\"k\":22,\"m\":22},\"23:23\":{\"k\":0,\"m\":0},\"23:24\":{\"k\":0,\"m\":0},\"23:25\":{\"k\":0,\"m\":0},\"23:26\":{\"k\":0,\"m\":0},\"23:27\":{\"k\":0,\"m\":0},\"23:28\":{\"k\":0,\"m\":0},\"23:29\":{\"k\":0,\"m\":0},\"23:30\":{\"k\":0,\"m\":0},\"23:31\":{\"k\":0,\"m\":0},\"23:32\":{\"k\":0,\"m\":0},\"23:33\":{\"k\":0,\"m\":0},\"23:34\":{\"k\":0,\"m\":0},\"23:35\":{\"k\":0,\"m\":11},\"23:36\":{\"k\":5,\"m\":28},\"23:37\":{\"k\":0,\"m\":0},\"23:38\":{\"k\":0',4,'Test',0,0,'2016-04-08 07:58:39',NULL,NULL),(590,5,'atasdfasdf','{\"00:00\":{\"k\":0,\"m\":33},\"00:01\":{\"k\":0,\"m\":10},\"00:49\":{\"k\":0,\"m\":5},\"00:50\":{\"k\":0,\"m\":13},\"00:51\":{\"k\":0,\"m\":30},\"00:52\":{\"k\":0,\"m\":41},\"00:53\":{\"k\":0,\"m\":35},\"23:12\":{\"k\":10,\"m\":5},\"23:13\":{\"k\":0,\"m\":13},\"23:14\":{\"k\":0,\"m\":14},\"23:15\":{\"k\":0,\"m\":2},\"23:16\":{\"k\":0,\"m\":0},\"23:17\":{\"k\":0,\"m\":0},\"23:18\":{\"k\":0,\"m\":0},\"23:19\":{\"k\":0,\"m\":18},\"23:20\":{\"k\":95,\"m\":24},\"23:21\":{\"k\":101,\"m\":21},\"23:22\":{\"k\":22,\"m\":22},\"23:23\":{\"k\":0,\"m\":0},\"23:24\":{\"k\":0,\"m\":0},\"23:25\":{\"k\":0,\"m\":0},\"23:26\":{\"k\":0,\"m\":0},\"23:27\":{\"k\":0,\"m\":0},\"23:28\":{\"k\":0,\"m\":0},\"23:29\":{\"k\":0,\"m\":0},\"23:30\":{\"k\":0,\"m\":0},\"23:31\":{\"',4,'Test',0,0,'2016-04-08 08:53:52',NULL,NULL),(591,5,'','{\"02:16\":{\"k\":0,\"m\":0}}',0,'Test',0,0,'2016-04-08 10:16:01',NULL,NULL),(592,5,'','{\"02:26\":{\"k\":0,\"m\":1}}',10,'Test',0,0,'2016-04-08 10:26:36',NULL,NULL),(593,5,'','{\"02:28\":{\"k\":0,\"m\":1}}',10,'Test',0,0,'2016-04-08 10:28:26',NULL,NULL),(594,5,'','{\"02:38\":{\"k\":0,\"m\":3}}',10,'Test',0,0,'2016-04-08 10:38:33',NULL,NULL),(595,5,'','{\"02:20\":{\"k\":0,\"m\":0}}',0,'Test',0,0,'2016-04-09 10:20:49',NULL,NULL),(596,5,'','{\"02:39\":{\"k\":0,\"m\":0},\"02:40\":{\"k\":0,\"m\":5},\"02:41\":{\"k\":0,\"m\":0},\"02:42\":{\"k\":0,\"m\":0},\"02:43\":{\"k\":0,\"m\":0},\"02:44\":{\"k\":0,\"m\":0},\"02:45\":{\"k\":0,\"m\":0},\"02:46\":{\"k\":0,\"m\":0},\"02:47\":{\"k\":0,\"m\":0},\"02:48\":{\"k\":0,\"m\":0},\"02:49\":{\"k\":0,\"m\":0},\"02:50\":{\"k\":0,\"m\":13},\"02:51\":{\"k\":0,\"m\":0},\"02:52\":{\"k\":0,\"m\":2},\"02:53\":{\"k\":0,\"m\":0}}',2,'Test',0,0,'2016-04-08 10:53:33',NULL,NULL),(597,5,'','{\"02:54\":{\"k\":0,\"m\":0},\"02:55\":{\"k\":0,\"m\":0},\"02:56\":{\"k\":0,\"m\":0},\"02:57\":{\"k\":0,\"m\":0},\"02:58\":{\"k\":0,\"m\":0},\"02:59\":{\"k\":0,\"m\":0},\"03:00\":{\"k\":0,\"m\":0}}',0,'Test',0,0,'2016-04-08 11:00:33',NULL,NULL),(598,5,'','{\"03:01\":{\"k\":0,\"m\":0},\"03:02\":{\"k\":0,\"m\":0},\"03:03\":{\"k\":0,\"m\":0},\"03:04\":{\"k\":0,\"m\":0},\"03:05\":{\"k\":0,\"m\":0},\"03:06\":{\"k\":0,\"m\":0},\"03:07\":{\"k\":0,\"m\":0},\"03:08\":{\"k\":0,\"m\":0},\"03:09\":{\"k\":0,\"m\":0},\"03:10\":{\"k\":0,\"m\":0},\"03:11\":{\"k\":0,\"m\":0},\"03:12\":{\"k\":0,\"m\":0},\"03:13\":{\"k\":0,\"m\":0}}',0,'Test',0,0,'2016-04-08 11:13:33',NULL,NULL),(599,5,'','{\"03:14\":{\"k\":0,\"m\":0},\"03:15\":{\"k\":0,\"m\":0},\"03:16\":{\"k\":0,\"m\":0},\"03:17\":{\"k\":0,\"m\":0},\"03:18\":{\"k\":0,\"m\":0},\"03:19\":{\"k\":0,\"m\":0},\"03:20\":{\"k\":0,\"m\":0},\"03:21\":{\"k\":0,\"m\":0},\"03:22\":{\"k\":0,\"m\":0}}',0,'Test',0,0,'2016-04-08 11:22:33',NULL,NULL),(600,5,'','{\"03:23\":{\"k\":0,\"m\":0},\"03:24\":{\"k\":0,\"m\":0},\"03:25\":{\"k\":0,\"m\":0},\"03:26\":{\"k\":0,\"m\":0},\"03:27\":{\"k\":0,\"m\":0},\"03:28\":{\"k\":0,\"m\":0},\"03:29\":{\"k\":0,\"m\":0},\"03:30\":{\"k\":0,\"m\":0},\"03:31\":{\"k\":0,\"m\":0},\"03:32\":{\"k\":0,\"m\":0},\"03:33\":{\"k\":0,\"m\":0}}',0,'Test',0,0,'2016-04-08 11:33:33',NULL,NULL),(601,5,'','{\"03:34\":{\"k\":0,\"m\":0},\"03:35\":{\"k\":0,\"m\":0},\"03:36\":{\"k\":0,\"m\":0},\"03:37\":{\"k\":0,\"m\":0},\"03:38\":{\"k\":0,\"m\":0},\"03:39\":{\"k\":0,\"m\":0},\"03:40\":{\"k\":0,\"m\":0}}',0,'Test',0,0,'2016-04-08 11:40:33',NULL,NULL),(602,5,'','{\"03:41\":{\"k\":0,\"m\":0},\"03:42\":{\"k\":0,\"m\":0},\"03:43\":{\"k\":0,\"m\":0},\"03:44\":{\"k\":0,\"m\":0},\"03:45\":{\"k\":0,\"m\":0}}',0,'Test',0,0,'2016-04-08 11:45:33',NULL,NULL),(603,5,'','{\"03:46\":{\"k\":0,\"m\":0},\"03:47\":{\"k\":0,\"m\":0},\"03:48\":{\"k\":0,\"m\":0},\"03:49\":{\"k\":0,\"m\":0},\"03:50\":{\"k\":0,\"m\":0},\"03:51\":{\"k\":0,\"m\":0},\"03:52\":{\"k\":0,\"m\":0},\"03:53\":{\"k\":0,\"m\":0},\"03:54\":{\"k\":0,\"m\":0},\"03:55\":{\"k\":0,\"m\":0},\"03:56\":{\"k\":0,\"m\":0},\"03:57\":{\"k\":0,\"m\":0},\"03:58\":{\"k\":0,\"m\":0},\"03:59\":{\"k\":0,\"m\":0},\"04:00\":{\"k\":0,\"m\":0},\"04:01\":{\"k\":0,\"m\":0},\"04:02\":{\"k\":0,\"m\":0}}',0,'Test',0,0,'2016-04-08 12:02:33',NULL,NULL),(604,5,'','{\"04:03\":{\"k\":0,\"m\":0},\"04:04\":{\"k\":0,\"m\":0},\"04:05\":{\"k\":0,\"m\":0},\"04:06\":{\"k\":0,\"m\":0},\"04:07\":{\"k\":0,\"m\":0},\"04:08\":{\"k\":0,\"m\":0},\"04:09\":{\"k\":0,\"m\":0},\"04:10\":{\"k\":0,\"m\":0},\"04:11\":{\"k\":0,\"m\":0},\"04:12\":{\"k\":0,\"m\":0},\"04:13\":{\"k\":0,\"m\":0}}',0,'Test',0,0,'2016-04-08 12:13:33',NULL,NULL),(605,5,'','{\"04:14\":{\"k\":0,\"m\":0},\"04:15\":{\"k\":0,\"m\":0},\"04:16\":{\"k\":0,\"m\":0}}',0,'Test',0,0,'2016-04-08 12:16:33',NULL,NULL),(606,5,'','{\"04:17\":{\"k\":0,\"m\":0},\"04:18\":{\"k\":0,\"m\":0},\"04:19\":{\"k\":0,\"m\":0},\"04:20\":{\"k\":0,\"m\":0},\"04:21\":{\"k\":0,\"m\":0},\"04:22\":{\"k\":0,\"m\":0},\"04:23\":{\"k\":0,\"m\":0},\"04:24\":{\"k\":0,\"m\":0},\"04:25\":{\"k\":0,\"m\":0},\"04:26\":{\"k\":0,\"m\":0},\"04:27\":{\"k\":0,\"m\":0},\"04:28\":{\"k\":0,\"m\":0},\"04:29\":{\"k\":0,\"m\":0},\"04:30\":{\"k\":0,\"m\":0}}',0,'Test',0,0,'2016-04-08 12:30:33',NULL,NULL),(607,5,'','{\"04:31\":{\"k\":0,\"m\":0},\"04:32\":{\"k\":0,\"m\":0},\"04:33\":{\"k\":0,\"m\":0},\"04:34\":{\"k\":0,\"m\":0},\"04:35\":{\"k\":0,\"m\":0},\"04:36\":{\"k\":0,\"m\":0},\"04:37\":{\"k\":0,\"m\":0},\"04:38\":{\"k\":0,\"m\":0},\"04:39\":{\"k\":0,\"m\":0},\"04:40\":{\"k\":0,\"m\":0}}',0,'Test',0,0,'2016-04-08 12:40:33',NULL,NULL),(608,5,'','{\"04:41\":{\"k\":0,\"m\":0},\"04:42\":{\"k\":0,\"m\":0},\"04:43\":{\"k\":0,\"m\":0},\"04:44\":{\"k\":0,\"m\":0},\"04:45\":{\"k\":0,\"m\":0},\"04:46\":{\"k\":0,\"m\":0},\"04:47\":{\"k\":0,\"m\":0},\"04:48\":{\"k\":0,\"m\":0},\"04:49\":{\"k\":0,\"m\":0},\"04:50\":{\"k\":0,\"m\":0}}',0,'Test',0,0,'2016-04-08 12:50:33',NULL,NULL),(609,5,'','{\"02:21\":{\"k\":0,\"m\":0},\"02:22\":{\"k\":0,\"m\":0},\"02:23\":{\"k\":0,\"m\":0},\"02:24\":{\"k\":2,\"m\":6},\"02:25\":{\"k\":0,\"m\":12},\"02:26\":{\"k\":0,\"m\":0},\"02:27\":{\"k\":0,\"m\":0},\"02:28\":{\"k\":0,\"m\":0},\"02:29\":{\"k\":0,\"m\":0},\"02:30\":{\"k\":0,\"m\":0},\"02:31\":{\"k\":0,\"m\":0},\"02:32\":{\"k\":0,\"m\":0}}',2,'Test',0,0,'2016-04-09 10:32:49',NULL,NULL),(610,5,'','{\"02:33\":{\"k\":0,\"m\":0},\"02:34\":{\"k\":0,\"m\":0},\"02:35\":{\"k\":0,\"m\":0},\"02:36\":{\"k\":0,\"m\":0},\"02:37\":{\"k\":0,\"m\":0},\"02:38\":{\"k\":0,\"m\":1},\"02:39\":{\"k\":0,\"m\":0},\"02:40\":{\"k\":0,\"m\":0}}',1,'Test',0,0,'2016-04-09 10:40:49',NULL,NULL),(611,5,'','{\"02:41\":{\"k\":0,\"m\":14},\"02:42\":{\"k\":0,\"m\":0},\"02:43\":{\"k\":0,\"m\":6},\"02:44\":{\"k\":0,\"m\":16},\"02:45\":{\"k\":0,\"m\":0},\"02:46\":{\"k\":0,\"m\":1},\"02:47\":{\"k\":0,\"m\":6}}',7,'Test',0,0,'2016-04-09 10:47:49',NULL,NULL),(612,5,'','{\"02:48\":{\"k\":0,\"m\":16},\"02:49\":{\"k\":0,\"m\":1},\"02:50\":{\"k\":0,\"m\":0},\"02:51\":{\"k\":0,\"m\":0},\"02:52\":{\"k\":0,\"m\":0},\"02:53\":{\"k\":0,\"m\":0},\"02:54\":{\"k\":0,\"m\":0},\"02:55\":{\"k\":0,\"m\":13},\"02:56\":{\"k\":0,\"m\":0},\"02:57\":{\"k\":0,\"m\":0},\"02:58\":{\"k\":0,\"m\":0},\"02:59\":{\"k\":0,\"m\":0},\"03:00\":{\"k\":0,\"m\":0},\"03:01\":{\"k\":0,\"m\":0}}',2,'Test',0,0,'2016-04-09 11:01:49',NULL,NULL),(613,5,'','{\"03:02\":{\"k\":0,\"m\":0},\"03:03\":{\"k\":0,\"m\":0},\"03:04\":{\"k\":0,\"m\":0},\"03:05\":{\"k\":0,\"m\":0}}',0,'Test',0,0,'2016-04-09 11:05:49',NULL,NULL),(614,5,'','{\"03:27\":{\"k\":4,\"m\":7}}',10,'Test',0,0,'2016-04-09 11:27:00',NULL,NULL),(615,5,'','{\"03:28\":{\"k\":3,\"m\":9}}',10,'Test',0,0,'2016-04-09 11:28:35',NULL,NULL),(616,5,'','{\"03:29\":{\"k\":0,\"m\":15},\"03:30\":{\"k\":0,\"m\":8},\"03:31\":{\"k\":0,\"m\":0},\"03:32\":{\"k\":0,\"m\":0},\"03:33\":{\"k\":0,\"m\":0},\"03:34\":{\"k\":0,\"m\":0},\"03:35\":{\"k\":0,\"m\":0},\"03:36\":{\"k\":1,\"m\":1}}',4,'Test',0,0,'2016-04-09 11:36:35',NULL,NULL),(617,5,'','{\"03:37\":{\"k\":0,\"m\":0},\"03:38\":{\"k\":0,\"m\":17},\"03:39\":{\"k\":0,\"m\":9},\"03:40\":{\"k\":3,\"m\":7},\"03:41\":{\"k\":0,\"m\":0},\"03:42\":{\"k\":0,\"m\":0}}',5,'Test',0,0,'2016-04-09 11:42:35',NULL,NULL),(618,5,'sdfasd asdfdfsd','{\"18:49\":{\"k\":15,\"m\":30}}',10,'Test',0,0,'2016-04-10 02:49:22',NULL,NULL),(619,5,'','{\"00:38\":{\"k\":0,\"m\":16}}',10,'Test',0,0,'2016-04-11 08:38:43',NULL,NULL),(620,5,'sdfasd asdfdfsd','{\"18:50\":{\"k\":3,\"m\":5},\"18:51\":{\"k\":0,\"m\":0},\"18:52\":{\"k\":0,\"m\":17},\"18:53\":{\"k\":0,\"m\":0},\"18:54\":{\"k\":0,\"m\":0},\"18:55\":{\"k\":0,\"m\":0},\"18:56\":{\"k\":0,\"m\":0},\"18:57\":{\"k\":0,\"m\":0},\"18:58\":{\"k\":0,\"m\":0}}',2,'Test',0,0,'2016-04-10 02:58:22',NULL,NULL),(621,5,'sdfasd asdfdfsd','{\"18:59\":{\"k\":0,\"m\":0},\"19:00\":{\"k\":0,\"m\":0},\"19:01\":{\"k\":0,\"m\":0},\"19:02\":{\"k\":0,\"m\":0},\"19:03\":{\"k\":0,\"m\":0}}',0,'Test',0,0,'2016-04-10 03:03:22',NULL,NULL),(622,5,'sdfasd asdfdfsd','{\"19:04\":{\"k\":0,\"m\":0},\"19:05\":{\"k\":0,\"m\":0},\"19:06\":{\"k\":0,\"m\":0},\"19:07\":{\"k\":0,\"m\":0},\"19:08\":{\"k\":0,\"m\":0},\"19:09\":{\"k\":0,\"m\":0},\"19:10\":{\"k\":0,\"m\":0},\"19:11\":{\"k\":0,\"m\":0}}',0,'Test',0,0,'2016-04-10 03:11:22',NULL,NULL),(623,5,'sdfasd asdfdfsd','{\"19:12\":{\"k\":0,\"m\":0},\"19:13\":{\"k\":0,\"m\":0},\"19:14\":{\"k\":0,\"m\":0},\"19:15\":{\"k\":0,\"m\":0},\"19:16\":{\"k\":0,\"m\":0},\"19:17\":{\"k\":0,\"m\":0},\"19:18\":{\"k\":0,\"m\":0},\"19:19\":{\"k\":0,\"m\":0},\"19:20\":{\"k\":0,\"m\":0},\"19:21\":{\"k\":0,\"m\":0},\"19:22\":{\"k\":0,\"m\":0},\"19:23\":{\"k\":0,\"m\":0},\"19:24\":{\"k\":0,\"m\":0},\"19:25\":{\"k\":0,\"m\":0}}',0,'Test',0,0,'2016-04-10 03:25:22',NULL,NULL),(624,5,'sdfasd asdfdfsd','{\"19:26\":{\"k\":0,\"m\":0},\"19:27\":{\"k\":0,\"m\":0},\"19:28\":{\"k\":0,\"m\":0},\"19:29\":{\"k\":0,\"m\":0},\"19:30\":{\"k\":0,\"m\":0},\"19:31\":{\"k\":0,\"m\":0},\"19:32\":{\"k\":0,\"m\":0},\"19:33\":{\"k\":0,\"m\":0},\"19:34\":{\"k\":0,\"m\":0},\"19:35\":{\"k\":0,\"m\":0}}',0,'Test',0,0,'2016-04-10 03:35:22',NULL,NULL),(625,5,'sdfasd asdfdfsd','{\"19:36\":{\"k\":0,\"m\":0},\"19:37\":{\"k\":0,\"m\":0},\"19:38\":{\"k\":0,\"m\":0},\"19:39\":{\"k\":0,\"m\":0},\"19:40\":{\"k\":0,\"m\":0},\"19:41\":{\"k\":0,\"m\":0},\"19:42\":{\"k\":0,\"m\":0}}',0,'Test',0,0,'2016-04-10 03:42:22',NULL,NULL),(626,5,'sdfasd asdfdfsd','{\"19:43\":{\"k\":0,\"m\":0},\"19:44\":{\"k\":0,\"m\":0},\"19:45\":{\"k\":0,\"m\":0},\"19:46\":{\"k\":0,\"m\":0},\"19:47\":{\"k\":0,\"m\":0},\"19:48\":{\"k\":0,\"m\":0},\"19:49\":{\"k\":0,\"m\":0},\"19:50\":{\"k\":0,\"m\":0},\"19:51\":{\"k\":0,\"m\":0},\"19:52\":{\"k\":0,\"m\":0},\"19:53\":{\"k\":0,\"m\":0}}',0,'Test',0,0,'2016-04-10 03:53:22',NULL,NULL),(627,5,'sdfasd asdfdfsd','{\"19:54\":{\"k\":0,\"m\":0},\"19:55\":{\"k\":0,\"m\":0},\"19:56\":{\"k\":0,\"m\":0},\"19:57\":{\"k\":0,\"m\":0},\"19:58\":{\"k\":0,\"m\":0},\"19:59\":{\"k\":0,\"m\":0},\"20:00\":{\"k\":0,\"m\":0},\"20:01\":{\"k\":0,\"m\":0},\"20:02\":{\"k\":0,\"m\":0},\"20:03\":{\"k\":0,\"m\":0}}',0,'Test',0,0,'2016-04-10 04:03:22',NULL,NULL),(628,5,'sdfasd asdfdfsd','{\"20:04\":{\"k\":0,\"m\":0},\"20:05\":{\"k\":0,\"m\":0},\"20:06\":{\"k\":0,\"m\":0},\"20:07\":{\"k\":0,\"m\":0},\"20:08\":{\"k\":0,\"m\":0},\"20:09\":{\"k\":0,\"m\":0},\"20:10\":{\"k\":0,\"m\":0},\"20:11\":{\"k\":0,\"m\":0},\"20:12\":{\"k\":0,\"m\":0},\"20:13\":{\"k\":0,\"m\":0}}',0,'Test',0,0,'2016-04-10 04:13:22',NULL,NULL),(629,5,'sdfasd asdfdfsd','{\"20:14\":{\"k\":0,\"m\":0},\"20:15\":{\"k\":0,\"m\":0},\"20:16\":{\"k\":0,\"m\":0},\"20:17\":{\"k\":0,\"m\":0},\"20:18\":{\"k\":0,\"m\":0},\"20:19\":{\"k\":0,\"m\":0},\"20:20\":{\"k\":0,\"m\":0},\"20:21\":{\"k\":0,\"m\":0},\"20:22\":{\"k\":0,\"m\":0},\"20:23\":{\"k\":0,\"m\":0},\"20:24\":{\"k\":0,\"m\":0},\"20:25\":{\"k\":0,\"m\":0},\"20:26\":{\"k\":0,\"m\":0},\"20:27\":{\"k\":0,\"m\":0}}',0,'Test',0,0,'2016-04-10 04:27:22',NULL,NULL),(630,5,'sdfasd asdfdfsd','{\"20:28\":{\"k\":0,\"m\":0},\"20:29\":{\"k\":0,\"m\":0},\"20:30\":{\"k\":0,\"m\":0},\"20:31\":{\"k\":0,\"m\":0},\"20:32\":{\"k\":0,\"m\":0},\"20:33\":{\"k\":0,\"m\":0},\"20:34\":{\"k\":0,\"m\":0},\"20:35\":{\"k\":0,\"m\":0},\"20:36\":{\"k\":0,\"m\":0},\"20:37\":{\"k\":0,\"m\":0},\"20:38\":{\"k\":0,\"m\":0}}',0,'Test',0,0,'2016-04-10 04:38:22',NULL,NULL),(631,5,'sdfasd asdfdfsd','{\"20:39\":{\"k\":0,\"m\":0},\"20:40\":{\"k\":0,\"m\":0},\"20:41\":{\"k\":0,\"m\":0}}',0,'Test',0,0,'2016-04-10 04:41:22',NULL,NULL),(632,5,'','{\"00:39\":{\"k\":0,\"m\":8},\"00:40\":{\"k\":37,\"m\":23},\"00:41\":{\"k\":0,\"m\":1},\"00:42\":{\"k\":0,\"m\":6},\"00:43\":{\"k\":0,\"m\":0}}',8,'Test',0,0,'2016-04-11 08:43:43',NULL,NULL),(633,5,'','{\"01:44\":{\"k\":7,\"m\":36}}',10,'Test',0,0,'2016-04-11 09:44:08',NULL,NULL),(634,5,'','{\"01:45\":{\"k\":15,\"m\":26},\"01:46\":{\"k\":37,\"m\":20},\"01:47\":{\"k\":50,\"m\":19},\"01:48\":{\"k\":99,\"m\":14},\"01:49\":{\"k\":93,\"m\":1},\"01:50\":{\"k\":31,\"m\":22},\"01:51\":{\"k\":46,\"m\":31},\"01:52\":{\"k\":13,\"m\":13}}',10,'Test',0,0,'2016-04-11 09:52:08',NULL,NULL),(635,5,'','{\"01:53\":{\"k\":12,\"m\":14},\"01:54\":{\"k\":157,\"m\":5},\"01:55\":{\"k\":13,\"m\":9},\"01:56\":{\"k\":31,\"m\":3},\"01:57\":{\"k\":2,\"m\":15},\"01:58\":{\"k\":56,\"m\":19},\"01:59\":{\"k\":12,\"m\":23},\"02:00\":{\"k\":37,\"m\":14},\"02:01\":{\"k\":1,\"m\":0}}',10,'Test',0,0,'2016-04-11 10:01:08',NULL,NULL),(636,5,'','{\"02:14\":{\"k\":18,\"m\":28}}',10,'Test',0,0,'2016-04-11 10:14:16',NULL,NULL),(637,5,'','{\"02:17\":{\"k\":9,\"m\":25}}',10,'Test',0,0,'2016-04-11 10:17:15',NULL,NULL),(638,5,'','{\"02:22\":{\"k\":0,\"m\":0}}',0,'Test',0,0,'2016-04-11 10:22:01',NULL,NULL),(639,5,'asdfasd adsf','{\"02:24\":{\"k\":0,\"m\":7}}',10,'Test',0,0,'2016-04-11 10:24:58',NULL,NULL),(640,5,'','{\"02:26\":{\"k\":0,\"m\":0}}',0,'Test',0,0,'2016-04-11 10:26:41',NULL,NULL),(641,5,'','{\"17:48\":{\"k\":0,\"m\":0}}',0,'Test',0,0,'2016-04-12 01:48:22',NULL,NULL),(642,5,'','{\"18:06\":{\"k\":0,\"m\":5}}',10,'Test',0,0,'2016-04-12 02:06:50',NULL,NULL),(643,5,'','{\"17:49\":{\"k\":0,\"m\":12},\"17:50\":{\"k\":0,\"m\":9},\"17:51\":{\"k\":0,\"m\":4},\"17:52\":{\"k\":0,\"m\":2},\"17:53\":{\"k\":0,\"m\":0},\"17:54\":{\"k\":0,\"m\":0},\"17:55\":{\"k\":0,\"m\":0},\"17:56\":{\"k\":0,\"m\":0}}',5,'Test',0,0,'2016-04-12 01:56:22',NULL,NULL),(644,5,'','{\"20:11\":{\"k\":7,\"m\":6}}',10,'Test',0,0,'2016-04-12 04:11:46',NULL,NULL),(645,5,'','{\"20:12\":{\"k\":70,\"m\":34},\"20:13\":{\"k\":0,\"m\":6},\"20:14\":{\"k\":0,\"m\":7},\"20:15\":{\"k\":20,\"m\":9},\"20:16\":{\"k\":21,\"m\":12},\"20:17\":{\"k\":19,\"m\":9},\"20:18\":{\"k\":35,\"m\":6},\"20:19\":{\"k\":50,\"m\":15},\"20:20\":{\"k\":6,\"m\":12},\"20:21\":{\"k\":0,\"m\":1},\"20:22\":{\"k\":40,\"m\":17}}',10,'Test',0,0,'2016-04-12 04:22:46',NULL,NULL),(646,5,'11:24 - Test','{\"11:25\":{\"k\":0,\"m\":0}}',0,'Test',0,0,'2016-04-12 04:25:50',NULL,NULL),(647,5,'abc','{\"11:31\":{\"k\":0,\"m\":0}}',0,'Test',0,0,'2016-04-12 04:31:23',NULL,NULL),(648,4,'阿三地方','{\"11:37\":{\"k\":0,\"m\":0}}',0,'Test',0,0,'2016-04-12 19:37:15',NULL,NULL),(649,5,'','{\"02:55\":{\"k\":0,\"m\":0}}',0,'Test',0,0,'2016-04-12 10:55:51',NULL,NULL),(650,4,'Working now!','{\"18:05\":{\"k\":0,\"m\":0}}',0,'Test',0,0,'2016-04-12 11:05:33',NULL,NULL),(651,4,'Working now!','{\"18:06\":{\"k\":0,\"m\":0},\"18:07\":{\"k\":0,\"m\":0},\"18:08\":{\"k\":0,\"m\":0},\"18:09\":{\"k\":0,\"m\":0},\"18:10\":{\"k\":0,\"m\":0},\"18:11\":{\"k\":0,\"m\":0},\"18:12\":{\"k\":0,\"m\":0},\"18:13\":{\"k\":0,\"m\":0},\"18:14\":{\"k\":0,\"m\":0},\"18:15\":{\"k\":0,\"m\":0},\"18:16\":{\"k\":0,\"m\":0},\"18:17\":{\"k\":0,\"m\":0},\"18:18\":{\"k\":0,\"m\":0}}',0,'Test',0,0,'2016-04-12 11:18:33',NULL,NULL),(652,4,'Working now!','{\"18:19\":{\"k\":0,\"m\":0},\"18:20\":{\"k\":0,\"m\":0},\"18:21\":{\"k\":0,\"m\":0},\"18:22\":{\"k\":0,\"m\":0},\"18:23\":{\"k\":0,\"m\":0}}',0,'Test',0,0,'2016-04-12 11:23:33',NULL,NULL),(653,4,'Working now!','{\"18:24\":{\"k\":0,\"m\":0},\"18:25\":{\"k\":0,\"m\":0},\"18:26\":{\"k\":0,\"m\":0},\"18:27\":{\"k\":0,\"m\":0},\"18:28\":{\"k\":0,\"m\":0},\"18:29\":{\"k\":0,\"m\":0},\"18:30\":{\"k\":0,\"m\":0},\"18:31\":{\"k\":0,\"m\":0},\"18:32\":{\"k\":0,\"m\":0},\"18:33\":{\"k\":0,\"m\":0},\"18:34\":{\"k\":0,\"m\":0}}',0,'Test',0,0,'2016-04-12 11:34:33',NULL,NULL),(654,4,'Working now!','{\"18:35\":{\"k\":0,\"m\":0},\"18:36\":{\"k\":0,\"m\":0},\"18:37\":{\"k\":0,\"m\":0},\"18:38\":{\"k\":0,\"m\":0},\"18:39\":{\"k\":0,\"m\":0},\"18:40\":{\"k\":0,\"m\":0},\"18:41\":{\"k\":0,\"m\":0},\"18:42\":{\"k\":0,\"m\":0},\"18:43\":{\"k\":0,\"m\":0},\"18:44\":{\"k\":0,\"m\":0}}',0,'Test',0,0,'2016-04-12 11:44:33',NULL,NULL),(655,4,'Working now.','{\"09:52\":{\"k\":0,\"m\":0}}',0,'Test',0,0,'2016-04-13 02:52:31',NULL,NULL),(656,4,'Working now.','{\"09:53\":{\"k\":0,\"m\":0},\"09:54\":{\"k\":0,\"m\":0},\"09:55\":{\"k\":0,\"m\":0},\"09:56\":{\"k\":0,\"m\":0},\"09:57\":{\"k\":0,\"m\":0},\"09:58\":{\"k\":0,\"m\":0},\"09:59\":{\"k\":0,\"m\":0},\"10:00\":{\"k\":0,\"m\":0},\"10:01\":{\"k\":0,\"m\":0},\"10:02\":{\"k\":0,\"m\":0},\"10:03\":{\"k\":0,\"m\":0},\"10:04\":{\"k\":0,\"m\":0},\"10:05\":{\"k\":0,\"m\":0}}',0,'Test',0,0,'2016-04-13 03:05:31',NULL,NULL),(657,4,'Working now.','{\"10:06\":{\"k\":0,\"m\":0},\"10:07\":{\"k\":0,\"m\":0},\"10:08\":{\"k\":0,\"m\":0},\"10:09\":{\"k\":0,\"m\":0},\"10:10\":{\"k\":0,\"m\":0},\"10:11\":{\"k\":0,\"m\":0},\"10:12\":{\"k\":0,\"m\":0},\"10:13\":{\"k\":0,\"m\":0},\"10:14\":{\"k\":0,\"m\":0},\"10:15\":{\"k\":0,\"m\":0},\"10:16\":{\"k\":0,\"m\":0},\"10:17\":{\"k\":0,\"m\":0},\"10:18\":{\"k\":0,\"m\":0}}',0,'Test',0,0,'2016-04-13 03:18:31',NULL,NULL),(658,4,'Working now.','{\"10:19\":{\"k\":0,\"m\":0},\"10:20\":{\"k\":0,\"m\":0},\"10:21\":{\"k\":0,\"m\":0},\"10:22\":{\"k\":0,\"m\":0},\"10:23\":{\"k\":0,\"m\":0},\"10:24\":{\"k\":0,\"m\":0},\"10:25\":{\"k\":0,\"m\":0},\"10:26\":{\"k\":0,\"m\":0}}',0,'Test',0,0,'2016-04-13 03:26:31',NULL,NULL),(659,4,'Working now.','{\"10:27\":{\"k\":0,\"m\":0},\"10:28\":{\"k\":0,\"m\":0},\"10:29\":{\"k\":0,\"m\":0},\"10:30\":{\"k\":0,\"m\":0},\"10:31\":{\"k\":0,\"m\":0},\"10:32\":{\"k\":0,\"m\":0},\"10:33\":{\"k\":0,\"m\":0},\"10:34\":{\"k\":0,\"m\":0},\"10:35\":{\"k\":0,\"m\":0}}',0,'Test',0,0,'2016-04-13 03:35:31',NULL,NULL),(660,4,'Working now.','{\"10:36\":{\"k\":0,\"m\":0},\"10:37\":{\"k\":0,\"m\":0},\"10:38\":{\"k\":0,\"m\":0},\"10:39\":{\"k\":0,\"m\":0},\"10:40\":{\"k\":0,\"m\":0}}',0,'Test',0,0,'2016-04-13 03:40:31',NULL,NULL),(661,4,'Working now.','{\"10:41\":{\"k\":0,\"m\":0},\"10:42\":{\"k\":0,\"m\":0},\"10:43\":{\"k\":0,\"m\":0},\"10:44\":{\"k\":0,\"m\":0},\"10:45\":{\"k\":0,\"m\":0},\"10:46\":{\"k\":0,\"m\":0},\"10:47\":{\"k\":0,\"m\":0},\"10:48\":{\"k\":0,\"m\":0},\"10:49\":{\"k\":0,\"m\":0},\"10:50\":{\"k\":0,\"m\":0},\"10:51\":{\"k\":0,\"m\":0},\"10:52\":{\"k\":0,\"m\":0},\"10:53\":{\"k\":0,\"m\":0},\"10:54\":{\"k\":0,\"m\":0},\"10:55\":{\"k\":0,\"m\":0},\"10:56\":{\"k\":0,\"m\":0},\"10:57\":{\"k\":0,\"m\":0},\"10:58\":{\"k\":0,\"m\":0}}',0,'Test',0,0,'2016-04-13 03:58:31',NULL,NULL),(662,4,'Working now.','{\"10:59\":{\"k\":0,\"m\":0},\"11:00\":{\"k\":0,\"m\":0}}',0,'Test',0,0,'2016-04-13 04:00:31',NULL,NULL),(663,4,'Working now.','{\"11:01\":{\"k\":0,\"m\":0},\"11:02\":{\"k\":0,\"m\":0},\"11:03\":{\"k\":0,\"m\":0},\"11:04\":{\"k\":0,\"m\":0},\"11:05\":{\"k\":0,\"m\":0},\"11:06\":{\"k\":0,\"m\":0},\"11:07\":{\"k\":0,\"m\":0},\"11:08\":{\"k\":0,\"m\":0},\"11:09\":{\"k\":0,\"m\":0},\"11:10\":{\"k\":0,\"m\":0},\"11:11\":{\"k\":0,\"m\":0},\"11:12\":{\"k\":0,\"m\":0},\"11:13\":{\"k\":0,\"m\":0}}',0,'Test',0,0,'2016-04-13 04:13:31',NULL,NULL),(664,4,'Working now.','{\"11:14\":{\"k\":0,\"m\":0},\"11:15\":{\"k\":0,\"m\":0},\"11:16\":{\"k\":0,\"m\":0},\"11:17\":{\"k\":0,\"m\":0},\"11:18\":{\"k\":0,\"m\":0},\"11:19\":{\"k\":0,\"m\":0},\"11:20\":{\"k\":0,\"m\":0},\"11:21\":{\"k\":0,\"m\":0},\"11:22\":{\"k\":0,\"m\":0},\"11:23\":{\"k\":0,\"m\":0},\"11:24\":{\"k\":0,\"m\":0},\"11:25\":{\"k\":0,\"m\":0},\"11:26\":{\"k\":0,\"m\":0},\"11:27\":{\"k\":0,\"m\":0},\"11:28\":{\"k\":0,\"m\":0}}',0,'Test',0,0,'2016-04-13 04:28:31',NULL,NULL),(665,4,'Working now.','{\"11:29\":{\"k\":0,\"m\":0},\"11:30\":{\"k\":0,\"m\":0},\"11:31\":{\"k\":0,\"m\":0},\"11:32\":{\"k\":0,\"m\":0},\"11:33\":{\"k\":0,\"m\":0},\"11:34\":{\"k\":0,\"m\":0},\"11:35\":{\"k\":0,\"m\":0},\"11:36\":{\"k\":0,\"m\":0}}',0,'Test',0,0,'2016-04-13 04:36:31',NULL,NULL),(666,4,'Working now.','{\"11:37\":{\"k\":0,\"m\":0},\"11:38\":{\"k\":0,\"m\":0},\"11:39\":{\"k\":0,\"m\":0},\"11:40\":{\"k\":0,\"m\":0},\"11:41\":{\"k\":0,\"m\":0},\"11:42\":{\"k\":0,\"m\":0},\"11:43\":{\"k\":0,\"m\":0},\"11:44\":{\"k\":0,\"m\":0}}',0,'Test',0,0,'2016-04-13 04:44:31',NULL,NULL),(667,4,'Working now.','{\"11:45\":{\"k\":0,\"m\":0},\"11:46\":{\"k\":0,\"m\":0},\"11:47\":{\"k\":0,\"m\":0},\"11:48\":{\"k\":0,\"m\":0},\"11:49\":{\"k\":0,\"m\":0},\"11:50\":{\"k\":0,\"m\":0},\"11:51\":{\"k\":0,\"m\":0},\"11:52\":{\"k\":0,\"m\":0},\"11:53\":{\"k\":0,\"m\":0},\"11:54\":{\"k\":0,\"m\":0},\"11:55\":{\"k\":0,\"m\":0},\"11:56\":{\"k\":0,\"m\":0},\"11:57\":{\"k\":0,\"m\":0}}',0,'Test',0,0,'2016-04-13 04:57:31',NULL,NULL),(668,4,'Working now.','{\"11:58\":{\"k\":0,\"m\":0},\"11:59\":{\"k\":0,\"m\":0},\"12:00\":{\"k\":0,\"m\":0},\"12:01\":{\"k\":0,\"m\":0},\"12:02\":{\"k\":0,\"m\":0},\"12:03\":{\"k\":0,\"m\":0},\"12:04\":{\"k\":0,\"m\":0},\"12:05\":{\"k\":0,\"m\":0}}',0,'Test',0,0,'2016-04-13 05:05:31',NULL,NULL),(669,4,'Working now.','{\"12:06\":{\"k\":0,\"m\":0},\"12:07\":{\"k\":0,\"m\":0},\"12:08\":{\"k\":0,\"m\":0},\"12:09\":{\"k\":0,\"m\":0},\"12:10\":{\"k\":0,\"m\":0},\"12:11\":{\"k\":0,\"m\":0},\"12:12\":{\"k\":0,\"m\":0},\"12:13\":{\"k\":0,\"m\":0}}',0,'Test',0,0,'2016-04-13 05:13:31',NULL,NULL),(670,4,'Working now.','{\"12:14\":{\"k\":0,\"m\":0},\"12:15\":{\"k\":0,\"m\":0},\"12:16\":{\"k\":0,\"m\":0},\"12:17\":{\"k\":0,\"m\":0},\"12:18\":{\"k\":0,\"m\":0},\"12:19\":{\"k\":0,\"m\":0},\"12:20\":{\"k\":0,\"m\":0},\"12:21\":{\"k\":0,\"m\":0},\"12:22\":{\"k\":0,\"m\":0}}',0,'Test',0,0,'2016-04-13 05:22:31',NULL,NULL),(671,4,'Working now.','{\"12:23\":{\"k\":0,\"m\":0},\"12:24\":{\"k\":0,\"m\":0},\"12:25\":{\"k\":0,\"m\":0},\"12:26\":{\"k\":0,\"m\":0},\"12:27\":{\"k\":0,\"m\":0},\"12:28\":{\"k\":0,\"m\":0},\"12:29\":{\"k\":0,\"m\":0},\"12:30\":{\"k\":0,\"m\":0}}',0,'Test',0,0,'2016-04-13 05:30:31',NULL,NULL),(672,4,'Working now.','{\"12:31\":{\"k\":0,\"m\":0},\"12:32\":{\"k\":0,\"m\":0},\"12:33\":{\"k\":0,\"m\":0},\"12:34\":{\"k\":0,\"m\":0},\"12:35\":{\"k\":0,\"m\":0},\"12:36\":{\"k\":0,\"m\":0},\"12:37\":{\"k\":0,\"m\":0},\"12:38\":{\"k\":0,\"m\":0},\"12:39\":{\"k\":0,\"m\":0},\"12:40\":{\"k\":0,\"m\":0},\"12:41\":{\"k\":0,\"m\":0},\"12:42\":{\"k\":0,\"m\":0},\"12:43\":{\"k\":0,\"m\":0},\"12:44\":{\"k\":0,\"m\":0},\"12:45\":{\"k\":0,\"m\":0},\"12:46\":{\"k\":0,\"m\":0},\"12:47\":{\"k\":0,\"m\":0},\"12:48\":{\"k\":0,\"m\":0}}',0,'Test',0,0,'2016-04-13 05:48:31',NULL,NULL),(673,4,'Working now.','{\"12:49\":{\"k\":0,\"m\":0},\"12:50\":{\"k\":0,\"m\":0},\"12:51\":{\"k\":0,\"m\":0},\"12:52\":{\"k\":0,\"m\":0},\"12:53\":{\"k\":0,\"m\":0},\"12:54\":{\"k\":0,\"m\":0},\"12:55\":{\"k\":0,\"m\":0},\"12:56\":{\"k\":0,\"m\":0}}',0,'Test',0,0,'2016-04-13 05:56:31',NULL,NULL),(674,4,'Working now.','{\"12:57\":{\"k\":0,\"m\":0},\"12:58\":{\"k\":0,\"m\":0},\"12:59\":{\"k\":0,\"m\":0},\"13:00\":{\"k\":0,\"m\":0},\"13:01\":{\"k\":0,\"m\":0},\"13:02\":{\"k\":0,\"m\":0},\"13:03\":{\"k\":0,\"m\":0},\"13:04\":{\"k\":0,\"m\":0},\"13:05\":{\"k\":0,\"m\":0},\"13:06\":{\"k\":0,\"m\":0}}',0,'Test',0,0,'2016-04-13 06:06:31',NULL,NULL),(675,4,'Working now.','{\"13:07\":{\"k\":0,\"m\":0},\"13:08\":{\"k\":0,\"m\":0},\"13:09\":{\"k\":0,\"m\":0},\"13:10\":{\"k\":0,\"m\":0},\"13:11\":{\"k\":0,\"m\":0},\"13:12\":{\"k\":0,\"m\":0},\"13:13\":{\"k\":0,\"m\":0},\"13:14\":{\"k\":0,\"m\":0},\"13:15\":{\"k\":0,\"m\":0},\"13:16\":{\"k\":0,\"m\":0},\"13:17\":{\"k\":0,\"m\":0},\"13:18\":{\"k\":0,\"m\":0}}',0,'Test',0,0,'2016-04-13 06:18:31',NULL,NULL),(676,4,'Working now.','{\"13:19\":{\"k\":0,\"m\":0},\"13:20\":{\"k\":0,\"m\":0},\"13:21\":{\"k\":0,\"m\":0},\"13:22\":{\"k\":0,\"m\":0},\"13:23\":{\"k\":0,\"m\":0},\"13:24\":{\"k\":0,\"m\":0},\"13:25\":{\"k\":0,\"m\":0}}',0,'Test',0,0,'2016-04-13 06:25:31',NULL,NULL),(677,4,'Working now.','{\"13:26\":{\"k\":0,\"m\":0},\"13:27\":{\"k\":0,\"m\":0},\"13:28\":{\"k\":0,\"m\":0},\"13:29\":{\"k\":0,\"m\":0},\"13:30\":{\"k\":0,\"m\":0},\"13:31\":{\"k\":0,\"m\":0},\"13:32\":{\"k\":0,\"m\":0},\"13:33\":{\"k\":0,\"m\":0},\"13:34\":{\"k\":0,\"m\":0}}',0,'Test',0,0,'2016-04-13 06:34:31',NULL,NULL),(678,4,'Working now.','{\"13:35\":{\"k\":0,\"m\":0},\"13:36\":{\"k\":0,\"m\":0},\"13:37\":{\"k\":0,\"m\":0},\"13:38\":{\"k\":0,\"m\":0},\"13:39\":{\"k\":0,\"m\":0},\"13:40\":{\"k\":0,\"m\":0}}',0,'Test',0,0,'2016-04-13 06:40:31',NULL,NULL),(679,4,'Working now.','{\"13:41\":{\"k\":0,\"m\":0},\"13:42\":{\"k\":0,\"m\":0},\"13:43\":{\"k\":0,\"m\":0},\"13:44\":{\"k\":0,\"m\":0},\"13:45\":{\"k\":0,\"m\":0},\"13:46\":{\"k\":0,\"m\":0},\"13:47\":{\"k\":0,\"m\":0},\"13:48\":{\"k\":0,\"m\":0},\"13:49\":{\"k\":0,\"m\":0},\"13:50\":{\"k\":0,\"m\":0}}',0,'Test',0,0,'2016-04-13 06:50:31',NULL,NULL),(680,4,'Working now.','{\"13:51\":{\"k\":0,\"m\":0},\"13:52\":{\"k\":0,\"m\":0},\"13:53\":{\"k\":0,\"m\":0},\"13:54\":{\"k\":0,\"m\":0},\"13:55\":{\"k\":0,\"m\":0},\"13:56\":{\"k\":0,\"m\":0},\"13:57\":{\"k\":0,\"m\":0},\"13:58\":{\"k\":0,\"m\":0},\"13:59\":{\"k\":0,\"m\":0},\"14:00\":{\"k\":0,\"m\":0},\"14:01\":{\"k\":0,\"m\":0}}',0,'Test',0,0,'2016-04-13 07:01:31',NULL,NULL),(681,4,'Working now.','{\"14:02\":{\"k\":0,\"m\":0},\"14:03\":{\"k\":0,\"m\":0},\"14:04\":{\"k\":0,\"m\":0},\"14:05\":{\"k\":0,\"m\":0},\"14:06\":{\"k\":0,\"m\":0},\"14:07\":{\"k\":0,\"m\":0},\"14:08\":{\"k\":0,\"m\":0},\"14:09\":{\"k\":0,\"m\":0},\"14:10\":{\"k\":0,\"m\":0},\"14:11\":{\"k\":0,\"m\":0},\"14:12\":{\"k\":0,\"m\":0}}',0,'Test',0,0,'2016-04-13 07:12:31',NULL,NULL),(682,4,'Working now.','{\"14:13\":{\"k\":0,\"m\":0},\"14:14\":{\"k\":0,\"m\":0},\"14:15\":{\"k\":0,\"m\":0},\"14:16\":{\"k\":0,\"m\":0},\"14:17\":{\"k\":0,\"m\":0},\"14:18\":{\"k\":0,\"m\":0},\"14:19\":{\"k\":0,\"m\":0},\"14:20\":{\"k\":0,\"m\":0},\"14:21\":{\"k\":0,\"m\":0},\"14:22\":{\"k\":0,\"m\":0},\"14:23\":{\"k\":0,\"m\":0},\"14:24\":{\"k\":0,\"m\":0},\"14:25\":{\"k\":0,\"m\":0},\"14:26\":{\"k\":0,\"m\":0},\"14:27\":{\"k\":0,\"m\":0},\"14:28\":{\"k\":0,\"m\":0}}',0,'Test',0,0,'2016-04-13 07:28:31',NULL,NULL),(683,4,'Working now.','{\"14:29\":{\"k\":0,\"m\":0},\"14:30\":{\"k\":0,\"m\":0},\"14:31\":{\"k\":0,\"m\":0},\"14:32\":{\"k\":0,\"m\":0}}',0,'Test',0,0,'2016-04-13 07:32:31',NULL,NULL),(684,4,'Working now.','{\"14:33\":{\"k\":0,\"m\":0},\"14:34\":{\"k\":0,\"m\":0},\"14:35\":{\"k\":0,\"m\":0},\"14:36\":{\"k\":0,\"m\":0},\"14:37\":{\"k\":0,\"m\":0},\"14:38\":{\"k\":0,\"m\":0},\"14:39\":{\"k\":0,\"m\":0},\"14:40\":{\"k\":0,\"m\":0}}',0,'Test',0,0,'2016-04-13 07:40:31',NULL,NULL),(685,4,'Working now.','{\"14:41\":{\"k\":0,\"m\":0},\"14:42\":{\"k\":0,\"m\":0},\"14:43\":{\"k\":0,\"m\":0},\"14:44\":{\"k\":0,\"m\":0},\"14:45\":{\"k\":0,\"m\":0},\"14:46\":{\"k\":0,\"m\":0},\"14:47\":{\"k\":0,\"m\":0},\"14:48\":{\"k\":0,\"m\":0},\"14:49\":{\"k\":0,\"m\":0},\"14:50\":{\"k\":0,\"m\":0},\"14:51\":{\"k\":0,\"m\":0},\"14:52\":{\"k\":0,\"m\":0},\"14:53\":{\"k\":0,\"m\":0},\"14:54\":{\"k\":0,\"m\":0},\"14:55\":{\"k\":0,\"m\":0},\"14:56\":{\"k\":0,\"m\":0},\"14:57\":{\"k\":0,\"m\":0},\"14:58\":{\"k\":0,\"m\":0}}',0,'Test',0,0,'2016-04-13 07:58:31',NULL,NULL),(686,4,'Working now.','{\"14:59\":{\"k\":0,\"m\":0},\"15:00\":{\"k\":0,\"m\":0},\"15:01\":{\"k\":0,\"m\":0},\"15:02\":{\"k\":0,\"m\":0},\"15:03\":{\"k\":0,\"m\":0},\"15:04\":{\"k\":0,\"m\":0},\"15:05\":{\"k\":0,\"m\":0},\"15:06\":{\"k\":0,\"m\":0},\"15:07\":{\"k\":0,\"m\":0}}',0,'Test',0,0,'2016-04-13 08:07:31',NULL,NULL),(687,4,'Working now.','{\"15:08\":{\"k\":0,\"m\":0},\"15:09\":{\"k\":0,\"m\":0},\"15:10\":{\"k\":0,\"m\":0},\"15:11\":{\"k\":0,\"m\":0}}',0,'Test',0,0,'2016-04-13 08:11:31',NULL,NULL),(688,4,'Working now.','{\"15:12\":{\"k\":0,\"m\":0},\"15:13\":{\"k\":0,\"m\":0},\"15:14\":{\"k\":0,\"m\":0},\"15:15\":{\"k\":0,\"m\":0},\"15:16\":{\"k\":0,\"m\":0},\"15:17\":{\"k\":0,\"m\":0},\"15:18\":{\"k\":0,\"m\":0},\"15:19\":{\"k\":0,\"m\":0},\"15:20\":{\"k\":0,\"m\":0},\"15:21\":{\"k\":0,\"m\":0},\"15:22\":{\"k\":0,\"m\":0},\"15:23\":{\"k\":0,\"m\":0}}',0,'Test',0,0,'2016-04-13 08:23:31',NULL,NULL),(689,4,'Working now.','{\"15:24\":{\"k\":0,\"m\":0},\"15:25\":{\"k\":0,\"m\":0},\"15:26\":{\"k\":0,\"m\":0},\"15:27\":{\"k\":0,\"m\":0},\"15:28\":{\"k\":0,\"m\":0},\"15:29\":{\"k\":0,\"m\":0},\"15:30\":{\"k\":0,\"m\":0},\"15:31\":{\"k\":0,\"m\":0},\"15:32\":{\"k\":0,\"m\":0},\"15:33\":{\"k\":0,\"m\":0},\"15:34\":{\"k\":0,\"m\":0},\"15:35\":{\"k\":0,\"m\":0},\"15:36\":{\"k\":0,\"m\":0},\"15:37\":{\"k\":0,\"m\":0}}',0,'Test',0,0,'2016-04-13 08:37:31',NULL,NULL),(690,4,'Working now.','{\"15:38\":{\"k\":0,\"m\":0},\"15:39\":{\"k\":0,\"m\":0},\"15:40\":{\"k\":0,\"m\":0},\"15:41\":{\"k\":0,\"m\":0},\"15:42\":{\"k\":0,\"m\":0},\"15:43\":{\"k\":0,\"m\":0}}',0,'Test',0,0,'2016-04-13 08:43:31',NULL,NULL),(691,4,'Working now.','{\"15:44\":{\"k\":0,\"m\":0},\"15:45\":{\"k\":0,\"m\":0},\"15:46\":{\"k\":0,\"m\":0},\"15:47\":{\"k\":0,\"m\":0},\"15:48\":{\"k\":0,\"m\":0},\"15:49\":{\"k\":0,\"m\":0},\"15:50\":{\"k\":0,\"m\":0},\"15:51\":{\"k\":0,\"m\":0}}',0,'Test',0,0,'2016-04-13 08:51:31',NULL,NULL),(692,4,'Working now.','{\"15:52\":{\"k\":0,\"m\":0},\"15:53\":{\"k\":0,\"m\":0},\"15:54\":{\"k\":0,\"m\":0},\"15:55\":{\"k\":0,\"m\":0},\"15:56\":{\"k\":0,\"m\":0},\"15:57\":{\"k\":0,\"m\":0},\"15:58\":{\"k\":0,\"m\":0},\"15:59\":{\"k\":0,\"m\":0},\"16:00\":{\"k\":0,\"m\":0},\"16:01\":{\"k\":0,\"m\":0},\"16:02\":{\"k\":0,\"m\":0},\"16:03\":{\"k\":0,\"m\":0},\"16:04\":{\"k\":0,\"m\":0},\"16:05\":{\"k\":0,\"m\":0},\"16:06\":{\"k\":0,\"m\":0}}',0,'Test',0,0,'2016-04-13 09:06:31',NULL,NULL),(693,5,'1111111','{\"17:37\":{\"k\":0,\"m\":0}}',0,'Test',0,0,'2016-04-13 10:37:34',NULL,NULL),(694,4,'Working now.','{\"16:07\":{\"k\":0,\"m\":0},\"16:08\":{\"k\":0,\"m\":0},\"16:09\":{\"k\":0,\"m\":0},\"16:10\":{\"k\":0,\"m\":0},\"16:11\":{\"k\":0,\"m\":0},\"16:12\":{\"k\":0,\"m\":0},\"16:13\":{\"k\":0,\"m\":0},\"16:14\":{\"k\":0,\"m\":0},\"16:15\":{\"k\":0,\"m\":0},\"16:16\":{\"k\":0,\"m\":0},\"16:17\":{\"k\":0,\"m\":0},\"16:18\":{\"k\":0,\"m\":0}}',0,'Test',0,0,'2016-04-13 09:18:31',NULL,NULL),(695,4,'fd asdfadsf','{\"17:42\":{\"k\":0,\"m\":0}}',0,'Test',0,0,'2016-04-14 01:42:23',NULL,NULL),(696,5,'1111111','{\"17:38\":{\"k\":0,\"m\":0},\"17:39\":{\"k\":0,\"m\":0},\"17:40\":{\"k\":0,\"m\":0}}',0,'Test',0,0,'2016-04-13 10:40:34',NULL,NULL),(697,5,'123','{\"10:37\":{\"k\":0,\"m\":0}}',0,'Test',0,0,'2016-04-14 03:37:58',NULL,NULL),(698,5,'123','{\"10:38\":{\"k\":0,\"m\":0},\"10:39\":{\"k\":0,\"m\":0},\"10:40\":{\"k\":0,\"m\":0},\"10:41\":{\"k\":0,\"m\":0},\"10:42\":{\"k\":0,\"m\":0},\"10:43\":{\"k\":0,\"m\":0},\"10:44\":{\"k\":0,\"m\":0},\"10:45\":{\"k\":0,\"m\":0},\"10:46\":{\"k\":0,\"m\":0},\"10:47\":{\"k\":0,\"m\":0}}',0,'Test',0,0,'2016-04-14 03:47:58',NULL,NULL),(699,5,'','{\"19:17\":{\"k\":0,\"m\":1}}',10,'Test',0,0,'2016-04-25 03:17:08',NULL,NULL),(700,5,'','{\"02:26\":{\"k\":0,\"m\":0}}',0,'ActiveWin',0,0,'2016-04-25 03:27:15',NULL,NULL),(701,5,'','{\"02:31\":{\"k\":0,\"m\":0}}',0,'ActiveWin',0,0,'2016-04-25 03:32:20',NULL,NULL),(702,5,'','{\"02:35\":{\"k\":0,\"m\":0}}',0,'ActiveWin',0,0,'2016-04-25 03:35:12',NULL,NULL),(703,5,'','{\"02:41\":{\"k\":0,\"m\":0}}',0,'ActiveWin',0,0,'2016-04-25 03:41:20',NULL,NULL),(704,5,'','{\"02:43\":{\"k\":14,\"m\":14}}',10,'ActiveWin',0,0,'2016-04-25 03:43:48',NULL,NULL),(705,1,'How are you?','{\"02:59\":{\"k\":0,\"m\":36}}',10,'ActiveWin',0,0,'2016-04-25 03:59:44',NULL,NULL),(706,5,'son test','{\"03:04\":{\"k\":42,\"m\":4}}',10,'ActiveWin',0,0,'2016-04-25 04:04:35',NULL,NULL),(707,1,'How are you?','{\"03:00\":{\"k\":2,\"m\":43},\"03:01\":{\"k\":1,\"m\":29},\"03:02\":{\"k\":0,\"m\":29},\"03:03\":{\"k\":0,\"m\":2}}',10,'ActiveWin',0,0,'2016-04-25 04:03:44',NULL,NULL),(708,1,'How are you?','{\"03:04\":{\"k\":12,\"m\":35},\"03:05\":{\"k\":5,\"m\":41},\"03:06\":{\"k\":0,\"m\":5},\"03:07\":{\"k\":0,\"m\":1},\"03:08\":{\"k\":12,\"m\":0},\"03:09\":{\"k\":18,\"m\":2},\"03:10\":{\"k\":1,\"m\":1},\"03:11\":{\"k\":0,\"m\":1},\"03:12\":{\"k\":1,\"m\":15},\"03:13\":{\"k\":1,\"m\":9},\"03:14\":{\"k\":0,\"m\":26},\"03:15\":{\"k\":0,\"m\":0},\"03:16\":{\"k\":0,\"m\":1}}',9,'ActiveWin',0,0,'2016-04-25 04:16:44',NULL,NULL),(709,1,'How are you?','{\"03:17\":{\"k\":9,\"m\":15},\"03:18\":{\"k\":0,\"m\":0},\"03:19\":{\"k\":0,\"m\":2},\"03:20\":{\"k\":0,\"m\":1},\"03:21\":{\"k\":0,\"m\":0},\"03:22\":{\"k\":0,\"m\":1},\"03:23\":{\"k\":0,\"m\":1},\"03:24\":{\"k\":2,\"m\":1},\"03:25\":{\"k\":0,\"m\":0},\"03:26\":{\"k\":0,\"m\":0}}',6,'ActiveWin',0,0,'2016-04-25 04:26:44',NULL,NULL),(710,5,'','{\"03:31\":{\"k\":0,\"m\":12}}',10,'ActiveWin',0,0,'2016-04-26 04:31:32',NULL,NULL),(711,5,'','{\"03:34\":{\"k\":0,\"m\":0}}',0,'ActiveWin',0,0,'2016-04-26 04:34:21',NULL,NULL),(712,5,'','{\"03:41\":{\"k\":0,\"m\":3}}',10,'ActiveWin',0,0,'2016-04-26 04:41:24',NULL,NULL),(713,5,'','{\"03:43\":{\"k\":0,\"m\":13}}',10,'ActiveWin',0,0,'2016-04-26 04:43:58',NULL,NULL),(714,5,'','{\"03:45\":{\"k\":0,\"m\":5}}',10,'ActiveWin',0,0,'2016-04-26 04:45:22',NULL,NULL),(715,5,'','{\"03:53\":{\"k\":0,\"m\":1}}',10,'ActiveWin',0,0,'2016-04-26 04:53:20',NULL,NULL),(716,5,'','{\"05:37\":{\"k\":0,\"m\":2}}',10,'ActiveWin',0,0,'2016-04-26 06:37:09',NULL,NULL),(717,5,'','{\"05:39\":{\"k\":0,\"m\":1}}',10,'ActiveWin',0,0,'2016-04-26 06:39:31',NULL,NULL),(718,5,'','{\"05:46\":{\"k\":0,\"m\":2}}',10,'ActiveWin',0,0,'2016-04-26 06:46:04',NULL,NULL),(719,5,'','{\"05:49\":{\"k\":0,\"m\":0}}',0,'ActiveWin',0,0,'2016-04-26 06:49:06',NULL,NULL),(720,5,'','{\"05:52\":{\"k\":0,\"m\":0}}',0,'ActiveWin',0,0,'2016-04-26 06:52:23',NULL,NULL),(721,5,'','{\"07:19\":{\"k\":0,\"m\":0}}',0,'ActiveWin',0,0,'2016-04-26 08:19:31',NULL,NULL),(722,5,'','{\"07:21\":{\"k\":0,\"m\":0}}',0,'ActiveWin',0,0,'2016-04-26 08:21:21',NULL,NULL),(723,5,'','{\"08:41\":{\"k\":0,\"m\":0}}',0,'ActiveWin',0,0,'2016-04-26 09:41:47',NULL,NULL),(724,5,'','{\"08:47\":{\"k\":0,\"m\":0}}',0,'ActiveWin',0,0,'2016-04-26 09:47:06',NULL,NULL),(725,5,'','{\"08:58\":{\"k\":0,\"m\":0}}',0,'ActiveWin',0,0,'2016-04-26 09:58:40',NULL,NULL),(726,5,'','{\"09:07\":{\"k\":0,\"m\":0}}',0,'ActiveWin',0,0,'2016-04-26 10:07:55',NULL,NULL),(727,5,'','{\"09:09\":{\"k\":0,\"m\":0}}',0,'ActiveWin',0,0,'2016-04-26 10:09:02',NULL,NULL),(728,5,'','{\"09:09\":{\"k\":0,\"m\":0}}',0,'ActiveWin',0,0,'2016-04-26 10:09:51',NULL,NULL),(729,5,'','{\"09:10\":{\"k\":0,\"m\":0}}',0,'ActiveWin',0,0,'2016-04-26 10:10:40',NULL,NULL),(730,5,'','{\"09:12\":{\"k\":0,\"m\":0}}',0,'ActiveWin',0,0,'2016-04-26 10:12:59',NULL,NULL),(731,5,'','{\"09:14\":{\"k\":0,\"m\":0}}',0,'ActiveWin',0,0,'2016-04-26 10:14:09',NULL,NULL),(732,5,'','{\"09:17\":{\"k\":0,\"m\":0}}',0,'ActiveWin',0,0,'2016-04-26 10:17:22',NULL,NULL),(733,5,'','{\"09:17\":{\"k\":0,\"m\":0}}',0,'ActiveWin',0,0,'2016-04-26 10:17:36',NULL,NULL),(734,5,'','{\"10:25\":{\"k\":0,\"m\":0}}',0,'ActiveWin',0,0,'2016-04-26 11:25:11',NULL,NULL),(735,5,'','{\"10:26\":{\"k\":0,\"m\":0}}',0,'ActiveWin',0,0,'2016-04-26 11:26:36',NULL,NULL),(736,5,'','{\"10:27\":{\"k\":0,\"m\":1}}',10,'ActiveWin',0,0,'2016-04-26 11:27:26',NULL,NULL),(737,5,'','{\"02:05\":{\"k\":0,\"m\":0}}',0,'ActiveWin',0,0,'2016-04-27 03:05:34',NULL,NULL),(738,5,'','{\"02:17\":{\"k\":0,\"m\":0}}',0,'ActiveWin',0,0,'2016-04-27 03:17:21',NULL,NULL),(739,14,'Working now!','{\"02:27\":{\"k\":0,\"m\":1}}',10,'ActiveWin',0,0,'2016-04-27 03:27:09',NULL,NULL),(740,5,'','{\"02:36\":{\"k\":0,\"m\":0}}',0,'ActiveWin',0,0,'2016-04-27 03:36:45',NULL,NULL),(741,5,'','{\"02:56\":{\"k\":0,\"m\":2}}',10,'ActiveWin',0,0,'2016-04-27 03:56:34',NULL,NULL),(742,5,'','{\"06:37\":{\"k\":0,\"m\":0}}',0,'ActiveWin',0,0,'2016-04-27 07:37:37',NULL,NULL),(743,5,'','{\"06:38\":{\"k\":0,\"m\":1},\"06:39\":{\"k\":0,\"m\":0},\"06:40\":{\"k\":0,\"m\":0},\"06:41\":{\"k\":0,\"m\":0},\"06:42\":{\"k\":0,\"m\":0}}',2,'ActiveWin',0,0,'2016-04-27 07:42:37',NULL,NULL),(744,5,'','{\"06:43\":{\"k\":0,\"m\":0},\"06:44\":{\"k\":0,\"m\":0},\"06:45\":{\"k\":0,\"m\":0},\"06:46\":{\"k\":0,\"m\":0},\"06:47\":{\"k\":0,\"m\":0},\"06:48\":{\"k\":0,\"m\":0},\"06:49\":{\"k\":0,\"m\":0},\"06:50\":{\"k\":0,\"m\":0},\"06:51\":{\"k\":0,\"m\":0},\"06:52\":{\"k\":0,\"m\":0},\"06:53\":{\"k\":0,\"m\":0}}',0,'ActiveWin',0,0,'2016-04-27 07:53:37',NULL,NULL),(745,5,'','{\"06:54\":{\"k\":0,\"m\":0},\"06:55\":{\"k\":0,\"m\":0},\"06:56\":{\"k\":0,\"m\":0},\"06:57\":{\"k\":0,\"m\":0},\"06:58\":{\"k\":0,\"m\":0},\"06:59\":{\"k\":0,\"m\":0},\"07:00\":{\"k\":0,\"m\":0},\"07:01\":{\"k\":0,\"m\":0},\"07:02\":{\"k\":0,\"m\":1},\"07:03\":{\"k\":0,\"m\":3},\"07:04\":{\"k\":0,\"m\":0},\"07:05\":{\"k\":0,\"m\":0},\"07:06\":{\"k\":0,\"m\":0}}',2,'ActiveWin',0,0,'2016-04-27 08:06:37',NULL,NULL),(746,5,'','{\"07:07\":{\"k\":0,\"m\":0},\"07:08\":{\"k\":0,\"m\":0},\"07:09\":{\"k\":0,\"m\":0},\"07:10\":{\"k\":0,\"m\":0}}',0,'ActiveWin',0,0,'2016-04-27 08:10:37',NULL,NULL),(747,5,'','{\"07:30\":{\"k\":0,\"m\":0}}',0,'ActiveWin',0,0,'2016-04-27 08:30:53',NULL,NULL),(748,4,'working now.','{\"08:25\":{\"k\":0,\"m\":1}}',10,'ActiveWin',0,0,'2016-04-27 09:25:34',NULL,NULL),(749,1,'No, where is my buyer?','{\"08:22\":{\"k\":0,\"m\":2}}',10,'ActiveWin',0,0,'2016-04-27 09:22:31',NULL,NULL),(750,4,'working now.','{\"08:26\":{\"k\":0,\"m\":1}}',10,'ActiveWin',0,0,'2016-04-27 09:26:45',NULL,NULL),(751,1,'haha','{\"08:23\":{\"k\":0,\"m\":1}}',10,'ActiveWin',0,0,'2016-04-27 09:23:16',NULL,NULL),(752,4,'working now.','{\"08:27\":{\"k\":0,\"m\":57},\"08:28\":{\"k\":0,\"m\":18},\"08:29\":{\"k\":0,\"m\":27},\"08:30\":{\"k\":144,\"m\":2},\"08:31\":{\"k\":43,\"m\":4},\"08:32\":{\"k\":25,\"m\":6},\"08:33\":{\"k\":0,\"m\":0},\"08:34\":{\"k\":0,\"m\":0},\"08:35\":{\"k\":0,\"m\":14},\"08:36\":{\"k\":0,\"m\":7},\"08:37\":{\"k\":0,\"m\":2},\"08:38\":{\"k\":0,\"m\":4}}',8,'ActiveWin',0,0,'2016-04-27 09:38:45',NULL,NULL),(753,1,'wahaha','{\"08:24\":{\"k\":0,\"m\":34},\"08:25\":{\"k\":25,\"m\":2},\"08:26\":{\"k\":7,\"m\":16},\"08:27\":{\"k\":1,\"m\":6},\"08:28\":{\"k\":0,\"m\":26},\"08:29\":{\"k\":0,\"m\":0},\"08:30\":{\"k\":16,\"m\":3},\"08:31\":{\"k\":0,\"m\":0},\"08:32\":{\"k\":0,\"m\":10},\"08:33\":{\"k\":0,\"m\":24},\"08:34\":{\"k\":0,\"m\":24},\"08:35\":{\"k\":8,\"m\":10},\"08:36\":{\"k\":45,\"m\":27},\"08:37\":{\"k\":2,\"m\":30}}',9,'ActiveWin',0,0,'2016-04-27 09:37:16',NULL,NULL),(754,1,'wahaha1','{\"08:37\":{\"k\":0,\"m\":1}}',10,'ActiveWin',0,0,'2016-04-27 09:37:49',NULL,NULL),(755,4,'working now.','{\"08:39\":{\"k\":0,\"m\":4},\"08:40\":{\"k\":0,\"m\":0},\"08:41\":{\"k\":0,\"m\":0},\"08:42\":{\"k\":0,\"m\":0},\"08:43\":{\"k\":0,\"m\":0},\"08:44\":{\"k\":0,\"m\":11},\"08:45\":{\"k\":0,\"m\":0},\"08:46\":{\"k\":11,\"m\":8}}',4,'ActiveWin',0,0,'2016-04-27 09:46:45',NULL,NULL),(756,1,'wahaha1','{\"08:38\":{\"k\":0,\"m\":26},\"08:39\":{\"k\":0,\"m\":8},\"08:40\":{\"k\":5,\"m\":19},\"08:41\":{\"k\":30,\"m\":12},\"08:42\":{\"k\":34,\"m\":24},\"08:43\":{\"k\":23,\"m\":14},\"08:44\":{\"k\":41,\"m\":0}}',10,'ActiveWin',0,0,'2016-04-27 09:44:49',NULL,NULL),(757,4,'working now.','{\"08:47\":{\"k\":18,\"m\":10},\"08:48\":{\"k\":0,\"m\":11},\"08:49\":{\"k\":0,\"m\":8},\"08:50\":{\"k\":0,\"m\":0},\"08:51\":{\"k\":0,\"m\":0},\"08:52\":{\"k\":0,\"m\":11},\"08:53\":{\"k\":0,\"m\":0}}',6,'ActiveWin',0,0,'2016-04-27 09:53:45',NULL,NULL),(758,4,'working now.','{\"08:54\":{\"k\":0,\"m\":28},\"08:55\":{\"k\":0,\"m\":2},\"08:56\":{\"k\":0,\"m\":0},\"08:57\":{\"k\":0,\"m\":0},\"08:58\":{\"k\":0,\"m\":0},\"08:59\":{\"k\":0,\"m\":8},\"09:00\":{\"k\":0,\"m\":0},\"09:01\":{\"k\":0,\"m\":0},\"09:02\":{\"k\":0,\"m\":0},\"09:03\":{\"k\":0,\"m\":1},\"09:04\":{\"k\":0,\"m\":0},\"09:05\":{\"k\":0,\"m\":0},\"09:06\":{\"k\":0,\"m\":0}}',3,'ActiveWin',0,0,'2016-04-27 10:06:45',NULL,NULL),(759,4,'working now.','{\"09:07\":{\"k\":0,\"m\":15},\"09:08\":{\"k\":0,\"m\":0},\"09:09\":{\"k\":0,\"m\":0},\"09:10\":{\"k\":0,\"m\":0},\"09:11\":{\"k\":0,\"m\":0},\"09:12\":{\"k\":0,\"m\":0},\"09:13\":{\"k\":0,\"m\":0},\"09:14\":{\"k\":0,\"m\":0},\"09:15\":{\"k\":0,\"m\":0},\"09:16\":{\"k\":0,\"m\":0},\"09:17\":{\"k\":0,\"m\":0}}',1,'ActiveWin',0,0,'2016-04-27 10:17:45',NULL,NULL),(760,4,'working now.','{\"09:18\":{\"k\":0,\"m\":0},\"09:19\":{\"k\":0,\"m\":0},\"09:20\":{\"k\":0,\"m\":0},\"09:21\":{\"k\":0,\"m\":1},\"09:22\":{\"k\":0,\"m\":0},\"09:23\":{\"k\":0,\"m\":0}}',2,'ActiveWin',0,0,'2016-04-27 10:23:45',NULL,NULL),(761,4,'working now.','{\"09:24\":{\"k\":0,\"m\":0},\"09:25\":{\"k\":0,\"m\":0},\"09:26\":{\"k\":0,\"m\":8},\"09:27\":{\"k\":0,\"m\":0},\"09:28\":{\"k\":0,\"m\":7},\"09:29\":{\"k\":0,\"m\":0},\"09:30\":{\"k\":0,\"m\":0},\"09:31\":{\"k\":0,\"m\":0},\"09:32\":{\"k\":0,\"m\":0}}',2,'ActiveWin',0,0,'2016-04-27 10:32:45',NULL,NULL),(762,4,'working now.','{\"09:33\":{\"k\":0,\"m\":0},\"09:34\":{\"k\":0,\"m\":0},\"09:35\":{\"k\":0,\"m\":4},\"09:36\":{\"k\":0,\"m\":1},\"09:37\":{\"k\":0,\"m\":7},\"09:38\":{\"k\":0,\"m\":2},\"09:39\":{\"k\":0,\"m\":6},\"09:40\":{\"k\":0,\"m\":0},\"09:41\":{\"k\":0,\"m\":0},\"09:42\":{\"k\":0,\"m\":0},\"09:43\":{\"k\":0,\"m\":0}}',5,'ActiveWin',0,0,'2016-04-27 10:43:45',NULL,NULL),(763,4,'working now.','{\"09:44\":{\"k\":0,\"m\":0},\"09:45\":{\"k\":0,\"m\":0},\"09:46\":{\"k\":0,\"m\":0},\"09:47\":{\"k\":0,\"m\":0},\"09:48\":{\"k\":0,\"m\":0},\"09:49\":{\"k\":0,\"m\":0},\"09:50\":{\"k\":0,\"m\":0},\"09:51\":{\"k\":0,\"m\":0},\"09:52\":{\"k\":0,\"m\":0},\"09:53\":{\"k\":0,\"m\":0},\"09:54\":{\"k\":0,\"m\":0},\"09:55\":{\"k\":0,\"m\":6}}',1,'ActiveWin',0,0,'2016-04-27 10:55:45',NULL,NULL),(764,5,'','{\"02:41\":{\"k\":0,\"m\":0}}',0,'ActiveWin',0,0,'2016-04-28 03:41:25',NULL,NULL),(765,5,'','{\"02:48\":{\"k\":0,\"m\":1}}',10,'ActiveWin',0,0,'2016-04-28 03:48:04',NULL,NULL),(766,5,'','{\"02:49\":{\"k\":0,\"m\":2}}',10,'ActiveWin',0,0,'2016-04-28 03:49:13',NULL,NULL),(767,5,'','{\"03:03\":{\"k\":0,\"m\":0}}',0,'ActiveWin',0,0,'2016-04-28 04:03:50',NULL,NULL),(768,5,'Hello !!!','{\"03:20\":{\"k\":0,\"m\":1}}',10,'ActiveWin',0,0,'2016-04-28 04:20:16',NULL,NULL),(769,10,'Hello !!!','{\"03:24\":{\"k\":0,\"m\":3}}',10,'ActiveWin',0,0,'2016-04-28 04:24:10',NULL,NULL),(770,10,'Hello !!!','{\"03:26\":{\"k\":0,\"m\":3}}',10,'ActiveWin',0,0,'2016-04-28 04:26:05',NULL,NULL),(771,10,'My name is Paul.','{\"03:27\":{\"k\":116,\"m\":19},\"03:28\":{\"k\":139,\"m\":19},\"03:29\":{\"k\":173,\"m\":17},\"03:30\":{\"k\":5,\"m\":7},\"03:31\":{\"k\":0,\"m\":0},\"03:32\":{\"k\":0,\"m\":0},\"03:33\":{\"k\":0,\"m\":0},\"03:34\":{\"k\":0,\"m\":0}}',5,'ActiveWin',0,0,'2016-04-28 04:34:05',NULL,NULL),(772,10,'My name is Paul.','{\"03:35\":{\"k\":0,\"m\":0},\"03:36\":{\"k\":0,\"m\":0},\"03:37\":{\"k\":0,\"m\":0},\"03:38\":{\"k\":0,\"m\":0},\"03:39\":{\"k\":0,\"m\":0},\"03:40\":{\"k\":0,\"m\":11},\"03:41\":{\"k\":0,\"m\":17},\"03:42\":{\"k\":2,\"m\":11}}',4,'ActiveWin',0,0,'2016-04-28 04:42:05',NULL,NULL),(773,10,'My name is Paul.','{\"03:43\":{\"k\":118,\"m\":4},\"03:44\":{\"k\":0,\"m\":15},\"03:45\":{\"k\":0,\"m\":1},\"03:46\":{\"k\":20,\"m\":19},\"03:47\":{\"k\":0,\"m\":2},\"03:48\":{\"k\":54,\"m\":1},\"03:49\":{\"k\":0,\"m\":0},\"03:50\":{\"k\":0,\"m\":0}}',8,'ActiveWin',0,0,'2016-04-28 04:50:05',NULL,NULL),(774,10,'My name is Paul.','{\"03:51\":{\"k\":0,\"m\":8},\"03:52\":{\"k\":5,\"m\":11},\"03:53\":{\"k\":4,\"m\":21},\"03:54\":{\"k\":3,\"m\":26},\"03:55\":{\"k\":4,\"m\":34},\"03:56\":{\"k\":0,\"m\":23},\"03:57\":{\"k\":0,\"m\":15},\"03:58\":{\"k\":3,\"m\":24},\"03:59\":{\"k\":16,\"m\":36},\"04:00\":{\"k\":0,\"m\":0},\"04:01\":{\"k\":0,\"m\":0},\"04:02\":{\"k\":0,\"m\":0},\"04:03\":{\"k\":0,\"m\":0},\"04:04\":{\"k\":0,\"m\":0},\"04:05\":{\"k\":0,\"m\":0},\"04:06\":{\"k\":0,\"m\":0},\"04:07\":{\"k\":0,\"m\":0},\"04:08\":{\"k\":0,\"m\":0}}',5,'ActiveWin',0,0,'2016-04-28 05:08:05',NULL,NULL),(775,10,'My name is Paul.','{\"04:09\":{\"k\":0,\"m\":0},\"04:10\":{\"k\":0,\"m\":0},\"04:11\":{\"k\":0,\"m\":0}}',0,'ActiveWin',0,0,'2016-04-28 05:11:05',NULL,NULL),(776,10,'My name is Paul.','{\"04:12\":{\"k\":0,\"m\":0},\"04:13\":{\"k\":0,\"m\":0},\"04:14\":{\"k\":0,\"m\":0},\"04:15\":{\"k\":0,\"m\":19},\"04:16\":{\"k\":5,\"m\":18},\"04:17\":{\"k\":209,\"m\":11},\"04:18\":{\"k\":283,\"m\":6},\"04:19\":{\"k\":60,\"m\":28},\"04:20\":{\"k\":0,\"m\":0},\"04:21\":{\"k\":0,\"m\":0}}',5,'ActiveWin',0,0,'2016-04-28 05:21:05',NULL,NULL),(777,10,'My name is Paul.','{\"04:22\":{\"k\":0,\"m\":0},\"04:23\":{\"k\":0,\"m\":0},\"04:24\":{\"k\":0,\"m\":0},\"04:25\":{\"k\":0,\"m\":0},\"04:26\":{\"k\":0,\"m\":0},\"04:27\":{\"k\":0,\"m\":0},\"04:28\":{\"k\":0,\"m\":0},\"04:29\":{\"k\":0,\"m\":0},\"04:30\":{\"k\":0,\"m\":0},\"04:31\":{\"k\":0,\"m\":0},\"04:32\":{\"k\":0,\"m\":0},\"04:33\":{\"k\":0,\"m\":0},\"04:34\":{\"k\":0,\"m\":0},\"04:35\":{\"k\":0,\"m\":0},\"04:36\":{\"k\":0,\"m\":0},\"04:37\":{\"k\":0,\"m\":0},\"04:38\":{\"k\":0,\"m\":0}}',0,'ActiveWin',0,0,'2016-04-28 05:38:05',NULL,NULL),(778,10,'My name is Paul.','{\"04:39\":{\"k\":0,\"m\":0},\"04:40\":{\"k\":0,\"m\":0},\"04:41\":{\"k\":0,\"m\":0},\"04:42\":{\"k\":0,\"m\":0},\"04:43\":{\"k\":0,\"m\":0},\"04:44\":{\"k\":0,\"m\":0}}',0,'ActiveWin',0,0,'2016-04-28 05:44:05',NULL,NULL),(779,10,'My name is Paul.','{\"04:45\":{\"k\":0,\"m\":0},\"04:46\":{\"k\":0,\"m\":0},\"04:47\":{\"k\":0,\"m\":0},\"04:48\":{\"k\":0,\"m\":0},\"04:49\":{\"k\":0,\"m\":0},\"04:50\":{\"k\":0,\"m\":0},\"04:51\":{\"k\":0,\"m\":0},\"04:52\":{\"k\":0,\"m\":0},\"04:53\":{\"k\":0,\"m\":0},\"04:54\":{\"k\":0,\"m\":0},\"04:55\":{\"k\":0,\"m\":0}}',0,'ActiveWin',0,0,'2016-04-28 05:55:05',NULL,NULL),(780,10,'My name is Paul.','{\"04:56\":{\"k\":0,\"m\":0},\"04:57\":{\"k\":0,\"m\":0},\"04:58\":{\"k\":0,\"m\":0},\"04:59\":{\"k\":0,\"m\":0},\"05:00\":{\"k\":0,\"m\":0},\"05:01\":{\"k\":1,\"m\":3},\"05:02\":{\"k\":0,\"m\":0},\"05:03\":{\"k\":0,\"m\":0},\"05:04\":{\"k\":0,\"m\":0},\"05:05\":{\"k\":0,\"m\":0},\"05:06\":{\"k\":7,\"m\":0},\"05:07\":{\"k\":0,\"m\":13}}',3,'ActiveWin',0,0,'2016-04-28 06:07:05',NULL,NULL),(781,10,'My name is Paul.','{\"05:08\":{\"k\":0,\"m\":0},\"05:09\":{\"k\":0,\"m\":0},\"05:10\":{\"k\":0,\"m\":0},\"05:11\":{\"k\":0,\"m\":0},\"05:12\":{\"k\":0,\"m\":0},\"05:13\":{\"k\":0,\"m\":0},\"05:14\":{\"k\":9,\"m\":0},\"05:15\":{\"k\":3,\"m\":19}}',3,'ActiveWin',0,0,'2016-04-28 06:15:05',NULL,NULL),(782,10,'Runtime memo edit.','{\"05:16\":{\"k\":20,\"m\":19},\"05:17\":{\"k\":2,\"m\":34},\"05:18\":{\"k\":1,\"m\":2},\"05:19\":{\"k\":0,\"m\":2},\"05:20\":{\"k\":0,\"m\":17},\"05:21\":{\"k\":0,\"m\":33},\"05:22\":{\"k\":0,\"m\":19},\"05:23\":{\"k\":0,\"m\":11},\"05:24\":{\"k\":0,\"m\":6},\"05:25\":{\"k\":0,\"m\":21}}',10,'ActiveWin',0,0,'2016-04-28 06:25:05',NULL,NULL),(783,10,'Runtime memo edit.','{\"05:26\":{\"k\":0,\"m\":19},\"05:27\":{\"k\":0,\"m\":28},\"05:28\":{\"k\":0,\"m\":24},\"05:29\":{\"k\":0,\"m\":28},\"05:30\":{\"k\":0,\"m\":2},\"05:31\":{\"k\":0,\"m\":0},\"05:32\":{\"k\":0,\"m\":0},\"05:33\":{\"k\":0,\"m\":0},\"05:34\":{\"k\":0,\"m\":0},\"05:35\":{\"k\":0,\"m\":0},\"05:36\":{\"k\":1,\"m\":10},\"05:37\":{\"k\":0,\"m\":2}}',6,'ActiveWin',0,0,'2016-04-28 06:37:05',NULL,NULL),(784,10,'Runtime memo edit.','{\"05:38\":{\"k\":1,\"m\":19},\"05:39\":{\"k\":66,\"m\":16},\"05:40\":{\"k\":8,\"m\":10},\"05:41\":{\"k\":1,\"m\":12},\"05:42\":{\"k\":0,\"m\":12},\"05:43\":{\"k\":0,\"m\":14},\"05:44\":{\"k\":6,\"m\":23}}',10,'ActiveWin',0,0,'2016-04-28 06:44:05',NULL,NULL),(785,11,'조선어 ','{\"08:53\":{\"k\":8,\"m\":0}}',10,'ActiveWin',0,0,'2016-04-28 09:53:09',NULL,NULL),(786,11,'조선어시험','{\"08:53\":{\"k\":0,\"m\":2}}',10,'ActiveWin',0,0,'2016-04-28 09:53:19',NULL,NULL),(787,11,'조선어시험','{\"08:54\":{\"k\":34,\"m\":30},\"08:55\":{\"k\":32,\"m\":17},\"08:56\":{\"k\":0,\"m\":4},\"08:57\":{\"k\":0,\"m\":0},\"08:58\":{\"k\":0,\"m\":0},\"08:59\":{\"k\":0,\"m\":0},\"09:00\":{\"k\":0,\"m\":0},\"09:01\":{\"k\":0,\"m\":0},\"09:02\":{\"k\":0,\"m\":0}}',3,'ActiveWin',0,0,'2016-04-28 10:02:19',NULL,NULL),(788,11,'조선어시험','{\"09:03\":{\"k\":0,\"m\":0},\"09:04\":{\"k\":0,\"m\":0},\"09:05\":{\"k\":0,\"m\":3},\"09:06\":{\"k\":0,\"m\":11},\"09:07\":{\"k\":9,\"m\":17},\"09:08\":{\"k\":10,\"m\":24},\"09:09\":{\"k\":0,\"m\":3},\"09:10\":{\"k\":0,\"m\":0},\"09:11\":{\"k\":0,\"m\":0},\"09:12\":{\"k\":0,\"m\":0},\"09:13\":{\"k\":0,\"m\":0},\"09:14\":{\"k\":0,\"m\":0}}',4,'ActiveWin',0,0,'2016-04-28 10:14:19',NULL,NULL),(789,11,'조선어시험','{\"09:15\":{\"k\":0,\"m\":0},\"09:16\":{\"k\":0,\"m\":0},\"09:17\":{\"k\":0,\"m\":0},\"09:18\":{\"k\":0,\"m\":0},\"09:19\":{\"k\":0,\"m\":0},\"09:20\":{\"k\":0,\"m\":0}}',0,'ActiveWin',0,0,'2016-04-28 10:20:19',NULL,NULL),(790,11,'조선어시험','{\"09:21\":{\"k\":0,\"m\":0},\"09:22\":{\"k\":0,\"m\":0},\"09:23\":{\"k\":0,\"m\":0},\"09:24\":{\"k\":0,\"m\":0},\"09:25\":{\"k\":0,\"m\":0},\"09:26\":{\"k\":0,\"m\":0},\"09:27\":{\"k\":0,\"m\":0},\"09:28\":{\"k\":0,\"m\":0},\"09:29\":{\"k\":0,\"m\":0},\"09:30\":{\"k\":0,\"m\":0}}',0,'ActiveWin',0,0,'2016-04-28 10:30:19',NULL,NULL),(791,11,'조선어시험','{\"09:42\":{\"k\":0,\"m\":1}}',10,'ActiveWin',0,0,'2016-04-28 10:42:37',NULL,NULL),(792,11,'다국어 - 多种语言','{\"09:45\":{\"k\":0,\"m\":3}}',10,'ActiveWin',0,0,'2016-04-28 10:45:23',NULL,NULL),(793,11,'다국어 - 多种语言','{\"09:46\":{\"k\":22,\"m\":3},\"09:47\":{\"k\":6,\"m\":5},\"09:48\":{\"k\":0,\"m\":0},\"09:49\":{\"k\":0,\"m\":0},\"09:50\":{\"k\":0,\"m\":0},\"09:51\":{\"k\":0,\"m\":0},\"09:52\":{\"k\":0,\"m\":0},\"09:53\":{\"k\":0,\"m\":0},\"09:54\":{\"k\":0,\"m\":0}}',2,'ActiveWin',0,0,'2016-04-28 10:54:23',NULL,NULL),(794,11,'다국어 - 多种语言','{\"09:55\":{\"k\":84,\"m\":21},\"09:56\":{\"k\":0,\"m\":12},\"09:57\":{\"k\":0,\"m\":0},\"09:58\":{\"k\":28,\"m\":12},\"09:59\":{\"k\":47,\"m\":14},\"10:00\":{\"k\":7,\"m\":2},\"10:01\":{\"k\":0,\"m\":0},\"10:02\":{\"k\":0,\"m\":0},\"10:03\":{\"k\":0,\"m\":0}}',6,'ActiveWin',0,0,'2016-04-28 11:03:23',NULL,NULL),(795,11,'다국어 - 多种语言','{\"10:04\":{\"k\":0,\"m\":0},\"10:05\":{\"k\":0,\"m\":0},\"10:06\":{\"k\":0,\"m\":0},\"10:07\":{\"k\":0,\"m\":0},\"10:08\":{\"k\":0,\"m\":0},\"10:09\":{\"k\":0,\"m\":0},\"10:10\":{\"k\":0,\"m\":0},\"10:11\":{\"k\":2,\"m\":19},\"10:12\":{\"k\":0,\"m\":0},\"10:13\":{\"k\":0,\"m\":0},\"10:14\":{\"k\":0,\"m\":0},\"10:15\":{\"k\":0,\"m\":0},\"10:16\":{\"k\":0,\"m\":0}}',1,'ActiveWin',0,0,'2016-04-28 11:16:23',NULL,NULL),(796,11,'다국어 - 多种语言','{\"10:17\":{\"k\":0,\"m\":0},\"10:18\":{\"k\":0,\"m\":0},\"10:19\":{\"k\":0,\"m\":0},\"10:20\":{\"k\":0,\"m\":0},\"10:21\":{\"k\":0,\"m\":0}}',0,'ActiveWin',0,0,'2016-04-28 11:21:23',NULL,NULL),(797,11,'다국어 - 多种语言','{\"10:22\":{\"k\":0,\"m\":0},\"10:23\":{\"k\":0,\"m\":0},\"10:24\":{\"k\":0,\"m\":0},\"10:25\":{\"k\":0,\"m\":0},\"10:26\":{\"k\":0,\"m\":0},\"10:27\":{\"k\":0,\"m\":0},\"10:28\":{\"k\":0,\"m\":0},\"10:29\":{\"k\":0,\"m\":0},\"10:30\":{\"k\":0,\"m\":0},\"10:31\":{\"k\":0,\"m\":0}}',0,'ActiveWin',0,0,'2016-04-28 11:31:23',NULL,NULL),(798,4,'adfad fadfsdf','{\"02:04\":{\"k\":0,\"m\":0}}',0,'ActiveWin',0,0,'2016-04-29 03:04:08',NULL,NULL),(799,5,'Working for Wawjob','{\"02:12\":{\"k\":0,\"m\":0}}',0,'ActiveWin',0,0,'2016-04-29 03:12:44',NULL,NULL),(800,5,'Working for Wawjob','{\"02:13\":{\"k\":0,\"m\":11},\"02:14\":{\"k\":0,\"m\":0},\"02:15\":{\"k\":0,\"m\":0},\"02:16\":{\"k\":0,\"m\":17},\"02:17\":{\"k\":13,\"m\":24},\"02:18\":{\"k\":79,\"m\":5},\"02:19\":{\"k\":24,\"m\":1},\"02:20\":{\"k\":43,\"m\":9},\"02:21\":{\"k\":6,\"m\":0},\"02:22\":{\"k\":45,\"m\":11},\"02:23\":{\"k\":10,\"m\":8},\"02:24\":{\"k\":16,\"m\":0},\"02:25\":{\"k\":1,\"m\":2},\"02:26\":{\"k\":34,\"m\":4},\"02:27\":{\"k\":10,\"m\":10},\"02:28\":{\"k\":9,\"m\":2}}',9,'ActiveWin',0,0,'2016-04-29 03:28:44',NULL,NULL),(801,5,'Working for Wawjob','{\"02:29\":{\"k\":5,\"m\":0},\"02:30\":{\"k\":0,\"m\":0},\"02:31\":{\"k\":0,\"m\":0},\"02:32\":{\"k\":0,\"m\":18},\"02:33\":{\"k\":0,\"m\":7},\"02:34\":{\"k\":0,\"m\":6},\"02:35\":{\"k\":0,\"m\":8}}',7,'ActiveWin',0,0,'2016-04-29 03:35:44',NULL,NULL),(802,5,'Working for Wawjob','{\"02:36\":{\"k\":0,\"m\":17},\"02:37\":{\"k\":0,\"m\":0},\"02:38\":{\"k\":0,\"m\":0},\"02:39\":{\"k\":0,\"m\":0},\"02:40\":{\"k\":1,\"m\":0},\"02:41\":{\"k\":0,\"m\":4},\"02:42\":{\"k\":26,\"m\":21},\"02:43\":{\"k\":24,\"m\":4}}',6,'ActiveWin',0,0,'2016-04-29 03:43:44',NULL,NULL),(803,5,'Working for Wawjob','{\"02:44\":{\"k\":48,\"m\":13},\"02:45\":{\"k\":9,\"m\":19},\"02:46\":{\"k\":37,\"m\":10},\"02:47\":{\"k\":28,\"m\":10},\"02:48\":{\"k\":0,\"m\":0},\"02:49\":{\"k\":11,\"m\":8},\"02:50\":{\"k\":0,\"m\":3},\"02:51\":{\"k\":25,\"m\":16},\"02:52\":{\"k\":0,\"m\":19},\"02:53\":{\"k\":0,\"m\":0},\"02:54\":{\"k\":0,\"m\":1},\"02:55\":{\"k\":9,\"m\":33},\"02:56\":{\"k\":7,\"m\":18},\"02:57\":{\"k\":28,\"m\":21},\"02:58\":{\"k\":0,\"m\":11}}',9,'ActiveWin',0,0,'2016-04-29 03:58:44',NULL,NULL),(804,5,'','{\"03:03\":{\"k\":0,\"m\":0}}',0,'ActiveWin',0,0,'2016-04-29 04:03:20',NULL,NULL),(805,5,'asdfasdf','{\"03:05\":{\"k\":0,\"m\":1}}',10,'ActiveWin',0,0,'2016-04-29 04:05:50',NULL,NULL),(806,5,'','{\"03:12\":{\"k\":0,\"m\":0}}',0,'ActiveWin',0,0,'2016-04-29 04:12:51',NULL,NULL),(807,5,'','{\"03:17\":{\"k\":0,\"m\":0}}',0,'ActiveWin',0,0,'2016-04-29 04:17:14',NULL,NULL),(808,5,'Oh, my yong!','{\"06:16\":{\"k\":0,\"m\":0}}',0,'ActiveWin',0,0,'2016-04-29 07:16:35',NULL,NULL),(809,5,'Oh, my yong!','{\"06:16\":{\"k\":0,\"m\":1}}',10,'ActiveWin',0,0,'2016-04-29 07:16:52',NULL,NULL),(810,4,'Test','{\"06:32\":{\"k\":0,\"m\":3}}',10,'ActiveWin',0,0,'2016-04-29 07:32:54',NULL,NULL),(811,5,'For rcm','{\"07:40\":{\"k\":0,\"m\":2}}',10,'ActiveWin',0,0,'2016-05-02 08:40:40',NULL,NULL),(812,5,'For rcm','{\"07:41\":{\"k\":15,\"m\":28},\"07:42\":{\"k\":104,\"m\":16},\"07:43\":{\"k\":0,\"m\":0},\"07:44\":{\"k\":0,\"m\":0},\"07:45\":{\"k\":0,\"m\":0},\"07:46\":{\"k\":0,\"m\":0},\"07:47\":{\"k\":0,\"m\":0},\"07:48\":{\"k\":0,\"m\":0},\"07:49\":{\"k\":0,\"m\":0},\"07:50\":{\"k\":0,\"m\":0},\"07:51\":{\"k\":0,\"m\":0},\"07:52\":{\"k\":0,\"m\":0},\"07:53\":{\"k\":0,\"m\":0},\"07:54\":{\"k\":0,\"m\":0},\"07:55\":{\"k\":0,\"m\":0},\"07:56\":{\"k\":0,\"m\":0},\"07:57\":{\"k\":0,\"m\":0},\"07:58\":{\"k\":0,\"m\":0}}',1,'ActiveWin',0,0,'2016-05-02 08:58:40',NULL,NULL),(813,5,'Theme building','{\"17:30\":{\"k\":0,\"m\":0}}',0,'Test',0,0,'2016-05-02 10:30:16',NULL,NULL),(814,5,'','{\"04:11\":{\"k\":0,\"m\":0}}',0,'ActiveWin',0,0,'2016-05-04 05:11:04',NULL,NULL),(815,5,'','{\"04:12\":{\"k\":0,\"m\":0},\"04:13\":{\"k\":0,\"m\":10},\"04:14\":{\"k\":0,\"m\":46},\"04:15\":{\"k\":0,\"m\":38},\"04:16\":{\"k\":0,\"m\":14},\"04:17\":{\"k\":0,\"m\":11},\"04:18\":{\"k\":0,\"m\":3},\"04:19\":{\"k\":0,\"m\":2},\"04:20\":{\"k\":0,\"m\":11},\"04:21\":{\"k\":0,\"m\":2}}',9,'ActiveWin',0,0,'2016-05-04 05:21:04',NULL,NULL),(816,5,'','{\"04:22\":{\"k\":0,\"m\":6},\"04:23\":{\"k\":0,\"m\":10},\"04:24\":{\"k\":0,\"m\":9},\"04:25\":{\"k\":0,\"m\":2},\"04:26\":{\"k\":0,\"m\":32},\"04:27\":{\"k\":0,\"m\":2},\"04:28\":{\"k\":0,\"m\":17},\"04:29\":{\"k\":0,\"m\":13},\"04:30\":{\"k\":0,\"m\":0},\"04:31\":{\"k\":0,\"m\":0},\"04:32\":{\"k\":0,\"m\":0},\"04:33\":{\"k\":0,\"m\":0}}',7,'ActiveWin',0,0,'2016-05-04 05:33:04',NULL,NULL),(817,5,'Mobile 2406','{\"07:05\":{\"k\":0,\"m\":2}}',10,'ActiveWin',0,0,'2016-05-04 08:05:57',NULL,NULL),(818,5,'Mobile 2406','{\"07:06\":{\"k\":3,\"m\":13},\"07:07\":{\"k\":0,\"m\":2},\"07:08\":{\"k\":0,\"m\":22},\"07:09\":{\"k\":0,\"m\":0},\"07:10\":{\"k\":0,\"m\":0},\"07:11\":{\"k\":0,\"m\":0},\"07:12\":{\"k\":0,\"m\":0}}',4,'ActiveWin',0,0,'2016-05-04 08:12:57',NULL,NULL),(819,5,'Mobile 2406','{\"07:13\":{\"k\":0,\"m\":0},\"07:14\":{\"k\":0,\"m\":0},\"07:15\":{\"k\":0,\"m\":0},\"07:16\":{\"k\":0,\"m\":0},\"07:17\":{\"k\":0,\"m\":0},\"07:18\":{\"k\":0,\"m\":0},\"07:19\":{\"k\":0,\"m\":0},\"07:20\":{\"k\":0,\"m\":0},\"07:21\":{\"k\":0,\"m\":0},\"07:22\":{\"k\":0,\"m\":0},\"07:23\":{\"k\":0,\"m\":1}}',1,'ActiveWin',0,0,'2016-05-04 08:23:57',NULL,NULL),(820,5,'Mobile 2406','{\"07:24\":{\"k\":0,\"m\":0},\"07:25\":{\"k\":0,\"m\":0},\"07:26\":{\"k\":0,\"m\":0},\"07:27\":{\"k\":0,\"m\":0},\"07:28\":{\"k\":0,\"m\":0},\"07:29\":{\"k\":0,\"m\":0},\"07:30\":{\"k\":0,\"m\":0}}',0,'ActiveWin',0,0,'2016-05-04 08:30:57',NULL,NULL),(821,5,'Mobile 2406','{\"07:31\":{\"k\":0,\"m\":0},\"07:32\":{\"k\":0,\"m\":0},\"07:33\":{\"k\":0,\"m\":0},\"07:34\":{\"k\":0,\"m\":0},\"07:35\":{\"k\":0,\"m\":0},\"07:36\":{\"k\":0,\"m\":0},\"07:37\":{\"k\":0,\"m\":0},\"07:38\":{\"k\":0,\"m\":12},\"07:39\":{\"k\":0,\"m\":7},\"07:40\":{\"k\":0,\"m\":0},\"07:41\":{\"k\":0,\"m\":0},\"07:42\":{\"k\":0,\"m\":0},\"07:43\":{\"k\":0,\"m\":0},\"07:44\":{\"k\":0,\"m\":0},\"07:45\":{\"k\":0,\"m\":0}}',1,'ActiveWin',0,0,'2016-05-04 08:45:57',NULL,NULL),(822,5,'Mobile 2406','{\"07:46\":{\"k\":0,\"m\":0},\"07:47\":{\"k\":0,\"m\":0},\"07:48\":{\"k\":0,\"m\":0},\"07:49\":{\"k\":0,\"m\":2},\"07:50\":{\"k\":10,\"m\":32},\"07:51\":{\"k\":7,\"m\":21},\"07:52\":{\"k\":0,\"m\":13}}',6,'ActiveWin',0,0,'2016-05-04 08:52:57',NULL,NULL),(823,5,'Test','{\"00:21\":{\"k\":0,\"m\":0}}',0,'ActiveWin',0,1,'2016-05-06 00:21:18',NULL,NULL),(824,5,'Test','{\"00:22\":{\"k\":0,\"m\":11},\"00:23\":{\"k\":1,\"m\":13},\"00:24\":{\"k\":0,\"m\":0},\"00:25\":{\"k\":0,\"m\":0},\"00:26\":{\"k\":0,\"m\":0},\"00:27\":{\"k\":1,\"m\":12},\"00:28\":{\"k\":27,\"m\":24},\"00:29\":{\"k\":0,\"m\":4},\"00:30\":{\"k\":0,\"m\":6},\"00:31\":{\"k\":38,\"m\":16}}',7,'ActiveWin',0,1,'2016-05-06 00:31:18',NULL,NULL),(825,5,'Test','{\"00:32\":{\"k\":0,\"m\":10},\"00:33\":{\"k\":0,\"m\":8},\"00:34\":{\"k\":0,\"m\":2},\"00:35\":{\"k\":0,\"m\":7},\"00:36\":{\"k\":0,\"m\":9},\"00:37\":{\"k\":0,\"m\":13},\"00:38\":{\"k\":23,\"m\":1},\"00:39\":{\"k\":0,\"m\":0},\"00:40\":{\"k\":0,\"m\":0}}',8,'ActiveWin',0,1,'2016-05-06 00:40:18',NULL,NULL),(826,5,'Test','{\"00:41\":{\"k\":0,\"m\":0},\"00:42\":{\"k\":0,\"m\":0},\"00:43\":{\"k\":0,\"m\":0},\"00:44\":{\"k\":0,\"m\":0},\"00:45\":{\"k\":2,\"m\":23},\"00:46\":{\"k\":0,\"m\":1},\"00:47\":{\"k\":0,\"m\":0},\"00:48\":{\"k\":0,\"m\":0},\"00:49\":{\"k\":0,\"m\":0},\"00:50\":{\"k\":0,\"m\":2},\"00:51\":{\"k\":0,\"m\":0},\"00:52\":{\"k\":0,\"m\":0},\"00:53\":{\"k\":0,\"m\":0},\"00:54\":{\"k\":0,\"m\":0},\"00:55\":{\"k\":0,\"m\":0},\"00:56\":{\"k\":0,\"m\":0},\"00:57\":{\"k\":0,\"m\":0},\"00:58\":{\"k\":0,\"m\":0}}',2,'ActiveWin',0,1,'2016-05-06 00:58:18',NULL,NULL),(827,5,'Test','{\"00:59\":{\"k\":0,\"m\":0},\"01:00\":{\"k\":0,\"m\":0},\"01:01\":{\"k\":0,\"m\":0},\"01:02\":{\"k\":0,\"m\":0},\"01:03\":{\"k\":0,\"m\":0},\"01:04\":{\"k\":0,\"m\":0},\"01:05\":{\"k\":0,\"m\":0}}',0,'ActiveWin',0,1,'2016-05-06 01:05:18',NULL,NULL),(828,5,'Test','{\"01:06\":{\"k\":0,\"m\":0},\"01:07\":{\"k\":0,\"m\":0},\"01:08\":{\"k\":0,\"m\":0},\"01:09\":{\"k\":0,\"m\":0},\"01:10\":{\"k\":0,\"m\":0},\"01:11\":{\"k\":0,\"m\":0},\"01:12\":{\"k\":0,\"m\":0},\"01:13\":{\"k\":0,\"m\":0},\"01:14\":{\"k\":0,\"m\":0},\"01:15\":{\"k\":0,\"m\":0}}',0,'ActiveWin',0,1,'2016-05-06 01:15:18',NULL,NULL),(829,5,'Test','{\"01:16\":{\"k\":0,\"m\":0},\"01:17\":{\"k\":0,\"m\":0},\"01:18\":{\"k\":0,\"m\":0},\"01:19\":{\"k\":0,\"m\":0},\"01:20\":{\"k\":0,\"m\":0},\"01:21\":{\"k\":0,\"m\":0},\"01:22\":{\"k\":3,\"m\":34},\"01:23\":{\"k\":10,\"m\":43},\"01:24\":{\"k\":3,\"m\":42},\"01:25\":{\"k\":1,\"m\":49}}',4,'ActiveWin',0,1,'2016-05-06 01:25:18',NULL,NULL),(830,5,'Test','{\"01:26\":{\"k\":35,\"m\":18},\"01:27\":{\"k\":4,\"m\":20},\"01:28\":{\"k\":0,\"m\":0},\"01:29\":{\"k\":5,\"m\":4},\"01:30\":{\"k\":4,\"m\":7},\"01:31\":{\"k\":4,\"m\":10},\"01:32\":{\"k\":20,\"m\":6},\"01:33\":{\"k\":16,\"m\":12},\"01:34\":{\"k\":88,\"m\":0},\"01:35\":{\"k\":95,\"m\":4}}',9,'ActiveWin',0,1,'2016-05-06 01:35:18',NULL,NULL),(831,5,'Test','{\"01:36\":{\"k\":0,\"m\":23},\"01:37\":{\"k\":23,\"m\":18},\"01:38\":{\"k\":10,\"m\":25},\"01:39\":{\"k\":33,\"m\":14},\"01:40\":{\"k\":1,\"m\":8},\"01:41\":{\"k\":35,\"m\":1},\"01:42\":{\"k\":1,\"m\":32},\"01:43\":{\"k\":106,\"m\":4},\"01:44\":{\"k\":0,\"m\":12},\"01:45\":{\"k\":150,\"m\":10},\"01:46\":{\"k\":106,\"m\":23}}',10,'ActiveWin',0,1,'2016-05-06 01:46:18',NULL,NULL),(832,5,'Test','{\"01:47\":{\"k\":32,\"m\":23},\"01:48\":{\"k\":0,\"m\":23},\"01:49\":{\"k\":12,\"m\":43},\"01:50\":{\"k\":20,\"m\":28},\"01:51\":{\"k\":6,\"m\":21},\"01:52\":{\"k\":34,\"m\":18},\"01:53\":{\"k\":48,\"m\":15}}',10,'ActiveWin',0,1,'2016-05-06 01:53:18',NULL,NULL),(833,5,'Test','{\"01:54\":{\"k\":43,\"m\":14},\"01:55\":{\"k\":0,\"m\":7},\"01:56\":{\"k\":58,\"m\":14},\"01:57\":{\"k\":74,\"m\":10},\"01:58\":{\"k\":47,\"m\":18},\"01:59\":{\"k\":2,\"m\":12},\"02:00\":{\"k\":164,\"m\":7},\"02:01\":{\"k\":22,\"m\":8},\"02:02\":{\"k\":58,\"m\":2}}',10,'ActiveWin',0,1,'2016-05-06 02:02:18',NULL,NULL),(834,5,'Test','{\"02:03\":{\"k\":31,\"m\":9},\"02:04\":{\"k\":2,\"m\":13},\"02:05\":{\"k\":40,\"m\":2},\"02:06\":{\"k\":12,\"m\":14},\"02:07\":{\"k\":113,\"m\":2},\"02:08\":{\"k\":31,\"m\":0},\"02:09\":{\"k\":0,\"m\":0},\"02:10\":{\"k\":94,\"m\":0},\"02:11\":{\"k\":39,\"m\":0},\"02:12\":{\"k\":78,\"m\":2},\"02:13\":{\"k\":45,\"m\":4},\"02:14\":{\"k\":111,\"m\":0}}',9,'ActiveWin',0,1,'2016-05-06 02:14:18',NULL,NULL),(835,5,'Test','{\"02:15\":{\"k\":65,\"m\":13},\"02:16\":{\"k\":121,\"m\":0},\"02:17\":{\"k\":39,\"m\":0},\"02:18\":{\"k\":64,\"m\":0},\"02:19\":{\"k\":2,\"m\":0},\"02:20\":{\"k\":56,\"m\":0},\"02:21\":{\"k\":135,\"m\":0},\"02:22\":{\"k\":132,\"m\":0},\"02:23\":{\"k\":168,\"m\":0},\"02:24\":{\"k\":10,\"m\":26}}',10,'ActiveWin',0,1,'2016-05-06 02:24:18',NULL,NULL),(836,5,'Test','{\"02:25\":{\"k\":3,\"m\":18},\"02:26\":{\"k\":52,\"m\":22},\"02:27\":{\"k\":0,\"m\":26},\"02:28\":{\"k\":0,\"m\":23},\"02:29\":{\"k\":0,\"m\":24},\"02:30\":{\"k\":3,\"m\":36},\"02:31\":{\"k\":0,\"m\":17},\"02:32\":{\"k\":14,\"m\":16},\"02:33\":{\"k\":2,\"m\":52},\"02:34\":{\"k\":32,\"m\":8},\"02:35\":{\"k\":156,\"m\":0},\"02:36\":{\"k\":26,\"m\":0},\"02:37\":{\"k\":0,\"m\":1}}',10,'ActiveWin',0,1,'2016-05-06 02:37:18',NULL,NULL),(837,5,'Test','{\"02:38\":{\"k\":42,\"m\":15},\"02:39\":{\"k\":199,\"m\":4},\"02:40\":{\"k\":70,\"m\":0},\"02:41\":{\"k\":21,\"m\":7}}',10,'ActiveWin',0,1,'2016-05-06 02:41:18',NULL,NULL),(838,5,'Test','{\"02:42\":{\"k\":26,\"m\":19},\"02:43\":{\"k\":10,\"m\":49},\"02:44\":{\"k\":31,\"m\":6},\"02:45\":{\"k\":225,\"m\":8},\"02:46\":{\"k\":99,\"m\":23},\"02:47\":{\"k\":42,\"m\":12},\"02:48\":{\"k\":10,\"m\":7},\"02:49\":{\"k\":0,\"m\":0},\"02:50\":{\"k\":0,\"m\":0},\"02:51\":{\"k\":1,\"m\":0},\"02:52\":{\"k\":0,\"m\":0},\"02:53\":{\"k\":6,\"m\":5},\"02:54\":{\"k\":38,\"m\":0},\"02:55\":{\"k\":3,\"m\":24},\"02:56\":{\"k\":2,\"m\":12},\"02:57\":{\"k\":11,\"m\":19}}',8,'ActiveWin',0,1,'2016-05-06 02:57:18',NULL,NULL),(839,5,'Test','{\"02:58\":{\"k\":13,\"m\":9},\"02:59\":{\"k\":0,\"m\":0},\"03:00\":{\"k\":0,\"m\":9},\"03:01\":{\"k\":0,\"m\":16},\"03:02\":{\"k\":0,\"m\":7},\"03:03\":{\"k\":8,\"m\":32},\"03:04\":{\"k\":0,\"m\":22},\"03:05\":{\"k\":2,\"m\":21},\"03:06\":{\"k\":1,\"m\":12},\"03:07\":{\"k\":0,\"m\":14},\"03:08\":{\"k\":0,\"m\":9}}',9,'ActiveWin',0,0,'2016-05-06 03:08:18',NULL,'2016-05-06 05:12:40'),(840,5,'Test','{\"03:09\":{\"k\":0,\"m\":0},\"03:10\":{\"k\":0,\"m\":0}}',0,'ActiveWin',0,0,'2016-05-06 03:10:18',NULL,'2016-05-06 05:12:40'),(841,5,'','{\"07:43\":{\"k\":0,\"m\":0}}',0,'ActiveWin',0,0,'2016-05-06 07:43:53',NULL,NULL),(842,5,'Kulong\'s law','{\"07:55\":{\"k\":0,\"m\":3}}',10,'ActiveWin',0,0,'2016-05-06 07:55:55',NULL,NULL),(843,5,'Pyongyang 2406','{\"07:56\":{\"k\":0,\"m\":0}}',0,'ActiveWin',0,0,'2016-05-06 07:56:29',NULL,NULL),(844,5,'Pyongyang 2406','{\"07:57\":{\"k\":0,\"m\":11},\"07:58\":{\"k\":74,\"m\":23},\"07:59\":{\"k\":0,\"m\":2},\"08:00\":{\"k\":0,\"m\":0},\"08:01\":{\"k\":0,\"m\":0},\"08:02\":{\"k\":0,\"m\":0},\"08:03\":{\"k\":0,\"m\":0},\"08:04\":{\"k\":0,\"m\":0},\"08:05\":{\"k\":0,\"m\":0},\"08:06\":{\"k\":0,\"m\":0}}',3,'ActiveWin',0,0,'2016-05-06 08:06:29',NULL,NULL),(845,5,'Pyongyang 2406','{\"08:07\":{\"k\":0,\"m\":0},\"08:08\":{\"k\":0,\"m\":0},\"08:09\":{\"k\":0,\"m\":0},\"08:10\":{\"k\":0,\"m\":0},\"08:11\":{\"k\":0,\"m\":0},\"08:12\":{\"k\":0,\"m\":0},\"08:13\":{\"k\":0,\"m\":0},\"08:14\":{\"k\":0,\"m\":0},\"08:15\":{\"k\":0,\"m\":0},\"08:16\":{\"k\":0,\"m\":0},\"08:17\":{\"k\":0,\"m\":0}}',0,'ActiveWin',0,0,'2016-05-06 08:17:29',NULL,NULL),(846,5,'Pyongyang 2406','{\"08:18\":{\"k\":0,\"m\":0},\"08:19\":{\"k\":0,\"m\":0},\"08:20\":{\"k\":0,\"m\":0},\"08:21\":{\"k\":0,\"m\":0},\"08:22\":{\"k\":0,\"m\":0},\"08:23\":{\"k\":0,\"m\":0},\"08:24\":{\"k\":0,\"m\":0},\"08:25\":{\"k\":0,\"m\":0},\"08:26\":{\"k\":0,\"m\":0}}',0,'ActiveWin',0,0,'2016-05-06 08:26:29',NULL,NULL),(847,10,'Following you kids!!','{\"07:35\":{\"k\":0,\"m\":0}}',0,'ActiveWin',0,0,'2016-05-07 07:35:11',NULL,NULL),(848,10,'Following you kids!!','{\"07:36\":{\"k\":0,\"m\":4},\"07:37\":{\"k\":0,\"m\":11},\"07:38\":{\"k\":0,\"m\":18},\"07:39\":{\"k\":12,\"m\":1},\"07:40\":{\"k\":44,\"m\":14},\"07:41\":{\"k\":2,\"m\":18},\"07:42\":{\"k\":1,\"m\":12},\"07:43\":{\"k\":0,\"m\":7},\"07:44\":{\"k\":0,\"m\":4},\"07:45\":{\"k\":0,\"m\":6},\"07:46\":{\"k\":0,\"m\":0},\"07:47\":{\"k\":0,\"m\":0},\"07:48\":{\"k\":0,\"m\":8}}',8,'ActiveWin',0,0,'2016-05-07 07:48:11',NULL,NULL),(849,5,'','{\"00:33\":{\"k\":0,\"m\":0}}',0,'ActiveWin',0,0,'2016-05-08 00:33:32',NULL,NULL),(850,4,'111','',0,'',1,0,'2016-05-24 00:00:00',NULL,NULL),(851,4,'111','',0,'',1,0,'2016-05-24 00:10:00',NULL,NULL),(852,4,'111','',0,'',1,0,'2016-05-24 00:20:00',NULL,NULL),(853,4,'111','',0,'',1,0,'2016-05-24 00:30:00',NULL,NULL),(854,4,'111','',0,'',1,0,'2016-05-24 00:40:00',NULL,NULL),(855,4,'111','',0,'',1,0,'2016-05-24 00:50:00',NULL,NULL),(856,4,'111','',0,'',1,0,'2016-05-24 01:00:00',NULL,NULL);

/*Table structure for table `languages` */

DROP TABLE IF EXISTS `languages`;

CREATE TABLE `languages` (
  `id` int(10) unsigned NOT NULL AUTO_INCREMENT,
  `name` varchar(64) COLLATE utf8_unicode_ci NOT NULL,
  `code` varchar(2) COLLATE utf8_unicode_ci NOT NULL,
  `country` varchar(2) COLLATE utf8_unicode_ci NOT NULL,
  `deleted_at` timestamp NULL DEFAULT NULL,
  PRIMARY KEY (`id`)
) ENGINE=InnoDB AUTO_INCREMENT=214 DEFAULT CHARSET=utf8 COLLATE=utf8_unicode_ci;

/*Data for the table `languages` */

insert  into `languages`(`id`,`name`,`code`,`country`,`deleted_at`) values (1,'Afrikaans (South Africa)','AF','ZA',NULL),(2,'Albanian (Albania)','SQ','AL',NULL),(3,'Alsatian (France)','GS','FR',NULL),(4,'Amharic (Ethiopia)','AM','FR',NULL),(5,'Arabic (Algeria)','AR','DZ',NULL),(6,'Arabic (Bahrain)','AR','BH',NULL),(7,'Arabic (Egypt)','AR','EG',NULL),(8,'Arabic (Iraq)','AR','IQ',NULL),(9,'Arabic (Jordan)','AR','JO',NULL),(10,'Arabic (Kuwait)','AR','KW',NULL),(11,'Arabic (Lebanon)','AR','LB',NULL),(12,'Arabic (Libya)','AR','LY',NULL),(13,'Arabic (Morocco)','AR','MA',NULL),(14,'Arabic (Oman)','AR','OM',NULL),(15,'Arabic (Qatar)','AR','QA',NULL),(16,'Arabic (Saudi Arabia)','AR','SA',NULL),(17,'Arabic (Syria)','AR','SY',NULL),(18,'Arabic (Tunisia)','AR','TN',NULL),(19,'Arabic (U.A.E.)','AR','AE',NULL),(20,'Arabic (Yemem)','AR','YE',NULL),(21,'Armenian (Armenia)','HY','AM',NULL),(22,'Assamese (India)','AS','IN',NULL),(23,'Azeri (Cyrillic, Azerbaijan)','AZ','AZ',NULL),(24,'Azeri (Latin, Azerbaijan)','AZ','AZ',NULL),(25,'Bashkir (Russia)','BA','RU',NULL),(26,'Basque (Basque)','EU','ES',NULL),(27,'Belarusian (Belarus)','BE','BY',NULL),(28,'Bengali (Bangladesh)','BN','BD',NULL),(29,'Bengali (India)','BN','IN',NULL),(30,'Bosnian (Cyrillic, Bosnia and Herzegovina)','BS','BA',NULL),(31,'Bosnian (Latin, Bosnia and Herzegovina)','BS','BA',NULL),(32,'Breton (France)','BR','FR',NULL),(33,'Bulgarian (Bulgaria)','BG','BG',NULL),(34,'Catalan (Catalan)','CA','ES',NULL),(35,'Chinese (Simplified, PRC)','CH','CN',NULL),(36,'Chinese (Traditional, Hong Kong S.A.R)','ZH','HK',NULL),(37,'Chinese (Traditional, Singapore)','ZH','SG',NULL),(38,'Chinese (Traditional, Taiwan)','CH','TW',NULL),(39,'Chinese (Traditional, Macao S.A.R.)','ZH','MO',NULL),(40,'Corsican (France)','CO','FR',NULL),(41,'Croatian (Croatia)','HR','HR',NULL),(42,'Croatian (Latin, Bosnia and Herzegovina)','HR','BA',NULL),(43,'Czech (Czech Republic)','CS','CZ',NULL),(44,'Danish (Denmark)','DA','DK',NULL),(45,'Dari (Afghanistan)','PR','AF',NULL),(46,'Divehi (Maldives)','DI','MV',NULL),(47,'Dutch (Belgium)','NL','BE',NULL),(48,'Dutch (Netherlands)','NL','NL',NULL),(49,'English (Australia)','EN','AU',NULL),(50,'English (Belize)','EN','BZ',NULL),(51,'English (Canada)','EN','CA',NULL),(53,'English (India)','EN','IN',NULL),(54,'English (Ireland)','EN','IE',NULL),(55,'English (Jamaica)','EN','JM',NULL),(56,'English (Malaysia)','EN','MY',NULL),(57,'English (New Zealand)','EN','NZ',NULL),(58,'English (Republic of the Philippines)','EN','PH',NULL),(59,'English (Singapore)','EN','SG',NULL),(60,'English (South Africa)','EN','ZA',NULL),(61,'English (Trinidad and Tobago)','EN','TT',NULL),(62,'English (United Kingdom)','EN','GB',NULL),(63,'English (United State)','EN','US',NULL),(64,'English (Zimbabwe)','EN','ZW',NULL),(65,'English (Estonia)','EN','EE',NULL),(66,'Faroese (Faroe Islands)','FO','FO',NULL),(67,'Filipino (Philippines)','FP','PH',NULL),(68,'Finnish (Finland)','FI','FI',NULL),(69,'French (Belgium)','FR','BE',NULL),(70,'French (Canada)','FR','CA',NULL),(71,'French (France)','FR','FR',NULL),(72,'French (Luxembourg)','FR','LU',NULL),(73,'French (Monaco)','FR','MC',NULL),(74,'French (Switzerland)','FR','CH',NULL),(75,'Frisian (Netherlands)','FY','NL',NULL),(76,'Galician (Galician)','GL','ES',NULL),(77,'Georgian (Georgia)','KA','GE',NULL),(78,'German (Austria)','DE','AT',NULL),(79,'German (Germany)','DE','DE',NULL),(80,'German (Liechtenstein)','DE','LI',NULL),(81,'German (Luxembourg)','DE','LU',NULL),(82,'German (Switzerland)','DE','CH',NULL),(83,'Greek (Greece)','EL','GR',NULL),(84,'Greenlandic (Greenland)','KA','GL',NULL),(85,'Gujarati (India)','GU','IN',NULL),(86,'Hausa (Latin, Nigeria)','HA','NG',NULL),(87,'Hebrew (Israel)','HE','IL',NULL),(88,'Hindi (India)','HI','IN',NULL),(89,'Hungarian (Hungary)','HU','HU',NULL),(90,'Icelandic (Iceland)','IS','IS',NULL),(91,'Igbo (Nigeria)','IB','NG',NULL),(92,'Indonesian (Indonesia)','IN','ID',NULL),(93,'Inuktitut (Latin, Canada)','IU','CA',NULL),(94,'Inuktitut (Syllabics, Canada)','IU','CA',NULL),(95,'Irish (Ireland)','IR','IE',NULL),(96,'isiXhosa (South Africa)','XH','ZA',NULL),(97,'isiZulu (South Africa)','ZU','ZA',NULL),(98,'Italian (Italy)','IT','IT',NULL),(99,'Italian (Switzerland)','IT','CH',NULL),(100,'Japanese (Japan)','JP','JP',NULL),(102,'Kannada (India)','KD','IN',NULL),(103,'Kazakh (Kazakhstan)','KK','KZ',NULL),(104,'Khmer (Cambodia)','KH','KH',NULL),(105,'Kiche (Guatemala)','QU','GT',NULL),(106,'Kinyarwanda (Rwanda)','KI','RW',NULL),(107,'Kiswahili (Kenya)','SW','KE',NULL),(108,'Konkani (India)','KN','IN',NULL),(109,'Korean (Korea)','KO','KO',NULL),(110,'Korean (Korea, D.P.R.)','KP','KP',NULL),(111,'Kyrgyz (Kyrgyzstan)','KY','KG',NULL),(112,'Lao (Lao P.D.R.)','LA','LA',NULL),(113,'Latvian (Latvia)','LV','LV',NULL),(114,'Lithuanian (Lithuania)','LT','LT',NULL),(115,'Lower Sorbian (Germany)','DS','DE',NULL),(116,'Luxembourgish (Luxembourg)','LB','LU',NULL),(117,'Macedonian (Former Yugoslav Republic of Macedonia)','MK','MK',NULL),(118,'Malay (Brunei Darussalam)','MS','BN',NULL),(119,'Malay (Malaysia)','MS','MY',NULL),(120,'Malayalam (India)','MY','IN',NULL),(121,'Maltese (Malta)','ML','MT',NULL),(122,'Maori (New Zealand)','MR','NZ',NULL),(123,'Mapudungun (Chile)','MP','CL',NULL),(124,'Marathi (India)','MA','IN',NULL),(125,'Mohawk (Mohawk)','MW','CA',NULL),(126,'Mongolian (Cyrillic, Mongolia)','MN','MN',NULL),(127,'Mongolian (Traditional Mongolian, PRC)','MN','MN',NULL),(128,'Nepali (Nepal)','NE','NP',NULL),(129,'Norwegian, Bokmal (Norway)','NO','NO',NULL),(130,'Norwegian, Nynorsk (Norway)','NO','NO',NULL),(131,'Occitan (France)','OC','FR',NULL),(132,'Oriya (India)','OR','IN',NULL),(133,'Pashto (Afghanistan)','PA','AF',NULL),(134,'Persian','FA','IR',NULL),(135,'Polish (Poland)','PL','PL',NULL),(136,'Portuguese (Brazil)','PT','BR',NULL),(137,'Portuguese (Portugal)','PT','PT',NULL),(138,'Punjabi (India)','PA','IN',NULL),(139,'Quechua (Bolivia)','QU','BO',NULL),(140,'Quechua (Ecuador)','QU','EC',NULL),(141,'Quechua (Peru)','QU','PE',NULL),(142,'Romanian (Romania)','RO','RO',NULL),(143,'Romansh (Switzerland)','RM','CH',NULL),(144,'Russian (Russia)','RU','RU',NULL),(145,'Sami, Inari (Finland)','SM','FI',NULL),(146,'Sami, Lule (Norway)','SM','NO',NULL),(147,'Sami, Lule (Sweden)','SM','SE',NULL),(148,'Sami, Northern (Finland)','SM','FI',NULL),(149,'Sami, Northern (Norway)','SM','NO',NULL),(150,'Sami, Northern (Sweden)','SM','SE',NULL),(151,'Sami, Skolt (Finland)','SM','FI',NULL),(152,'Sami, Southern (Norway)','SM','NO',NULL),(153,'Sami, Southern (Sweden)','SM','SE',NULL),(154,'Sanskrit (India)','SA','IN',NULL),(155,'Scottish Gaelic (United Kingdom)','GL','GB',NULL),(156,'Serbian (Cyrillic, Bosnia and Herzegovina)','SR','BA',NULL),(157,'Serbian (Cyrillic, Montenegro)','SR','ME',NULL),(159,'Serbian (Cyrillic, Serbia)','SR','RS',NULL),(160,'Serbian (Latin, Bosnia and Herzegovina)','SR','BA',NULL),(161,'Serbian (Latin, Montenegro)','SR','ME',NULL),(163,'Serbian (Latin, Serbia)','SR','RS',NULL),(164,'Sesotho sa Leboa (South Africa)','NS','ZA',NULL),(165,'Setswana (South Africa)','TS','ZA',NULL),(166,'Sinhala (Sri Lanka)','SI','LK',NULL),(167,'Slovak (Slovakia)','SK','SK',NULL),(168,'Slovenian (Slovenia)','SL','SI',NULL),(169,'Spanish (Argentina)','ES','AR',NULL),(170,'Spanish (Bolivarian Republic of Venezuela)','ES','VE',NULL),(171,'Spanish (Bolivia)','ES','BO',NULL),(172,'Spanish (Chile)','ES','CL',NULL),(173,'Spanish (Colombia)','ES','CO',NULL),(174,'Spanish (Costa Rica)','ES','CR',NULL),(175,'Spanish (Dominican Republic)','ES','DO',NULL),(176,'Spanish (Ecuador)','ES','EC',NULL),(177,'Spanish (El Salvador)','ES','SV',NULL),(178,'Spanish (Guatemala)','ES','GT',NULL),(179,'Spanish (Honduras)','ES','HN',NULL),(180,'Spanish (Mexico)','ES','MX',NULL),(181,'Spanish (Nicaragua)','ES','NI',NULL),(182,'Spanish (Panama)','ES','PA',NULL),(183,'Spanish (Paraguay)','ES','PY',NULL),(184,'Spanish (Peru)','ES','PE',NULL),(185,'Spanish (Puerto Rico)','ES','PR',NULL),(186,'Spanish (Spain, International Sort)','ES','ES',NULL),(187,'Spanish (Spain, Traditional Sort)','ES','ES',NULL),(188,'Spanish (United States)','ES','US',NULL),(189,'Spanish (Uruguay)','ES','UY',NULL),(190,'Swedish (Finland)','SV','FI',NULL),(191,'Swedish (Sweden)','SV','SE',NULL),(192,'Syriac (Syria)','SY','SY',NULL),(193,'Tajik (Cyrillic, Tajikistan)','TA','TJ',NULL),(194,'Tamazight (Latin, Algeria)','TZ','DZ',NULL),(195,'Tamil (India)','TA','IN',NULL),(196,'Tatar (Russia)','TT','RU',NULL),(197,'Telugu (India)','TE','IN',NULL),(198,'Thai (Thailand)','TH','TH',NULL),(199,'Tibetan (PRC)','BO','CN',NULL),(200,'Turkish (Turkey)','TR','TR',NULL),(201,'Turkmen (Turkmenistan)','TU','TM',NULL),(202,'Ukrainian (Ukraine)','UK','UA',NULL),(203,'Upper Sorbian (Germany)','HS','DE',NULL),(204,'Urdu (Islamic Republic of Pakistan)','UR','PK',NULL),(205,'Uyghur (PRC)','UI','CN',NULL),(206,'Uzbek (Cyrillic, Uzbekistan)','UZ','UZ',NULL),(207,'Uzbek (Latin, Uzbekistan)','UZ','UZ',NULL),(208,'Vietnamese (Vietnam)','VI','VN',NULL),(209,'Welsh (United Kingdom)','CY','GB',NULL),(210,'Wolof (Senegal)','WO','SN',NULL),(211,'Yakut (Russia)','SA','RU',NULL),(212,'Yi (PRC)','II','CN',NULL),(213,'Yoruba (Nigeria)','YO','NG',NULL);

/*Table structure for table `migrations` */

DROP TABLE IF EXISTS `migrations`;

CREATE TABLE `migrations` (
  `migration` varchar(255) COLLATE utf8_unicode_ci NOT NULL,
  `batch` int(11) NOT NULL
) ENGINE=InnoDB DEFAULT CHARSET=utf8 COLLATE=utf8_unicode_ci;

/*Data for the table `migrations` */

insert  into `migrations`(`migration`,`batch`) values ('2015_12_14_145948_create_categories_table',1),('2015_12_14_152641_create_security_questions_table',1),('2015_12_15_184911_create_users_table',1),('2016_01_03_183131_create_roles_table',1),('2016_01_03_190034_create_users_roles_table',1),('2016_01_11_110508_create_countries_table',1),('2016_01_11_110525_create_timezones_table',1),('2016_01_11_134840_create_files_table',1),('2016_01_11_134857_create_user_contacts_table',1),('2016_01_14_154224_create_user_analytics_table',1),('2016_01_20_183551_create_user_educations_table',1),('2016_01_20_204748_create_user_employments_table',1),('2016_01_20_205335_create_skills_table',1),('2016_01_20_205744_create_user_skills_table',1),('2016_01_20_211418_create_projects_table',1),('2016_01_25_195528_create_user_profiles_table',1),('2016_01_25_211418_create_project_skills_table',1),('2016_01_27_010000_create_project_files_table',1),('2016_01_27_202209_create_project_features_table',1),('2016_01_29_204639_create_languages_table',1),('2016_01_29_210125_create_users_languages_table',1),('2016_02_20_185034_create_project_applications_table',1),('2016_02_23_172416_create_contracts_table',1),('2016_02_23_183645_create_project_message_threads_table',1),('2016_02_23_183834_create_project_messages_table',1),('2016_02_23_205515_create_project_message_users_threads_table',1),('2016_02_23_214826_create_hourly_logs_table',1),('2016_02_25_214438_create_wallets_table',1),('2016_02_25_222328_create_transactions_table',1),('2016_02_25_231107_create_payments_table',1),('2016_02_26_012904_create_tickets_table',1),('2016_02_26_012912_create_ticket_comments_table',1),('2016_03_09_151628_create_user_tokens_table',1),('2016_03_27_012552_create_contract_feedbacks_table',2),('2016_03_30_031720_create_jobs_table',3),('2016_04_01_065739_create_faqs_table',4),('2016_04_01_070423_create_faqs_table',5),('2016_04_12_085039_create_user_portfolios_table',6);

/*Table structure for table `notifications` */

DROP TABLE IF EXISTS `notifications`;

CREATE TABLE `notifications` (
  `id` int(10) unsigned NOT NULL AUTO_INCREMENT,
  `slug` varchar(128) COLLATE utf8_unicode_ci NOT NULL,
  `content` text COLLATE utf8_unicode_ci NOT NULL,
  `is_const` tinyint(3) unsigned NOT NULL DEFAULT '0',
  `type` tinyint(3) unsigned NOT NULL DEFAULT '0',
  PRIMARY KEY (`id`)
) ENGINE=InnoDB AUTO_INCREMENT=28 DEFAULT CHARSET=utf8 COLLATE=utf8_unicode_ci CHECKSUM=1 DELAY_KEY_WRITE=1 ROW_FORMAT=DYNAMIC;

/*Data for the table `notifications` */

insert  into `notifications`(`id`,`slug`,`content`,`is_const`,`type`) values (1,'ACCOUNT_SUSPENDED','{\"EN\":\"Your account has been suspended.\"}',1,1),(2,'ACCOUNT_REACTIVATED','{\"EN\":\"Your account has been re-activated.\",\"KP\":\"\\ub2f9\\uc2e0\\uc758 \\uad6c\\uc88c\\ub294 \\ub2e4\\uc2dc \\ud65c\\uc131\\ud654\\ub418\\uc600\\uc2b5\\ub2c8\\ub2e4.\",\"CH\":\"\\u60a8\\u53ef\\u4ee5\\u518d\\u4f7f\\u7528\\u60a8\\u7684\\u8d26\\u6237\\u3002\"}',1,0),(3,'FINANCIAL_ACCOUNT_SUSPENDED','{\"EN\":\"Your financial account has been suspended.\"}',1,1),(4,'FINANCIAL_ACCOUNT_REACTIVATED','{\"EN\":\"Your financial account has been re-activated.\"}',1,1),(5,'RECEIVED_JOB_OFFER','{\"EN\":\"You have received a job offer from @#buyer_fullname# for the job @#job_title#.\"}',1,0),(6,'RECEIVED_INVITATION','{\"EN\":\"You have received an invitation from @#buyer_fullname#  for the job @#job_title#.\"}',1,0),(7,'BUYER_JOB_CANCELED','{\"EN\":\"Your job @#job_title# has been canceled.\"}',1,0),(8,'APPLICATION_DECLINED','{\"EN\":\"Your application have been declined.\"}',1,0),(9,'PAY_BONUS','{\"EN\":\"@#buyer_name# sent you bonus $@#amount#.\",\"CH\":\"@#buyer_name#\\u7ed9\\u4f60\\u652f\\u4ed8\\u4e86\\u5956\\u91d1$@#amount#\\u3002\",\"KP\":\"\\uace0\\uac1d \\\"@#buyer_name#\\\"\\uc5d0\\uc11c \\ub2f9\\uc2e0\\uc5d0\\uac8c $@#amount#\\ub97c \\uc0c1\\uae08\\uc73c\\ub85c \\uc9c0\\ubd88\\ud558\\uc600\\uc2b5\\ub2c8\\ub2e4.\"}',1,0),(10,'PAY_FIXED','{\"EN\":\"@#buyer_name# sent you $@#amount#.\",\"CH\":\"@#buyer_name#\\u7ed9\\u4f60\\u652f\\u4ed8\\u4e86$@#amount#\\u3002\",\"KP\":\"\\uace0\\uac1d \\\"@#buyer_name#\\\"\\uc5d0\\uc11c \\ub2f9\\uc2e0\\uc5d0\\uac8c $@#amount#\\ub97c \\uc9c0\\ubd88\\ud558\\uc600\\uc2b5\\ub2c8\\ub2e4.\"}',1,0),(11,'REFUND','{\"EN\":\"You have refunded $@#amount# to @#buyer_name#.\"}',1,0),(12,'TIMELOG_REVIEW','{\"EN\":\"A week has been ended. Please review weeklog for your contract @#contract_title#.\"}',1,0),(13,'USER_CHARGE','{\"EN\":\"You have charged $@#amount# to your account.\"}',1,0),(14,'USER_WITHDRAWAL','{\"EN\":\"You have withdrawn $@#amount# from your account.\"}',1,0),(15,'TICKET_OPENED','{\"EN\":\"Your ticket #@#ticket_id# has been created.\"}',1,0),(16,'TICKET_CLOSED','{\"EN\":\"Your ticket #@#ticket_id# has been closed.\"}',1,0),(17,'TICKET_SOLVED','{\"EN\":\"Your ticket #@#ticket_id# has been solved and closed.\"}',1,0),(18,'BUYER_CONTRACT_PAUSED','{\"EN\":\"Your contract @#contract_title# has been paused. (for reason @todo later)\"}',1,0),(19,'FREELANCER_CONTRACT_PAUSED','{\"EN\":\"Your contract @#contract_title# has been paused. Please contact your client.\"}',1,0),(20,'CONTRACT_STARTED','{\"EN\":\"Your contract @#contract_title# has been started.\"}',1,0),(21,'CONTRACT_CLOSED','{\"EN\":\"Your contract @#contract_title# has been closed. Please leave your feedback.\"}',1,0),(22,'FREELANCER_ENABLED_CHANGE_FEEDBACK','{\"EN\":\"Your contractor has enabled you change the feedback for the contract @#contract_title#.\"}',1,0),(23,'BUYER_CHANGED_FEEDBACK','{\"EN\":\"Your client has changed the feedback for the contract  @#contract_title#.\"}',1,0),(24,'SEND_MESSAGE','{\"EN\":\"@#sender_name# sent you a message.\"}',1,0),(25,'BUYER_PAY_BONUS','{\"EN\":\"You have sent @#freelancer_name# bonus $@#amount#.\"}',1,0),(26,'BUYER_PAY_FIXED','{\"EN\":\"You have sent @#freelancer_name# $@#amount#.\"}',1,0),(27,'BUYER_REFUND','{\"EN\":\"@#freelancer_name# refunded you $@#amount#.\"}',1,0);

/*Table structure for table `payments` */

DROP TABLE IF EXISTS `payments`;

CREATE TABLE `payments` (
  `id` int(10) unsigned NOT NULL AUTO_INCREMENT,
  `created_at` timestamp NOT NULL DEFAULT '0000-00-00 00:00:00',
  `updated_at` timestamp NOT NULL DEFAULT '0000-00-00 00:00:00',
  `deleted_at` timestamp NULL DEFAULT NULL,
  PRIMARY KEY (`id`)
) ENGINE=InnoDB DEFAULT CHARSET=utf8 COLLATE=utf8_unicode_ci;

/*Data for the table `payments` */

/*Table structure for table `project_applications` */

DROP TABLE IF EXISTS `project_applications`;

CREATE TABLE `project_applications` (
  `id` int(10) unsigned NOT NULL AUTO_INCREMENT,
  `project_id` int(10) unsigned NOT NULL,
  `user_id` int(10) unsigned NOT NULL,
  `provenance` tinyint(3) unsigned NOT NULL DEFAULT '0',
  `type` smallint(5) unsigned NOT NULL DEFAULT '0',
  `price` decimal(20,2) NOT NULL,
  `cv` varchar(4096) COLLATE utf8_unicode_ci DEFAULT NULL,
  `file_id` int(10) unsigned DEFAULT NULL,
  `status` tinyint(3) unsigned NOT NULL DEFAULT '0',
  `reason` varchar(4096) COLLATE utf8_unicode_ci NOT NULL,
  `created_at` timestamp NOT NULL DEFAULT '0000-00-00 00:00:00',
  `updated_at` timestamp NOT NULL DEFAULT '0000-00-00 00:00:00',
  `deleted_at` timestamp NULL DEFAULT NULL,
  PRIMARY KEY (`id`),
  KEY `project_applications_project_id_index` (`project_id`),
  KEY `project_applications_user_id_index` (`user_id`)
) ENGINE=InnoDB AUTO_INCREMENT=37 DEFAULT CHARSET=utf8 COLLATE=utf8_unicode_ci;

/*Data for the table `project_applications` */

insert  into `project_applications`(`id`,`project_id`,`user_id`,`provenance`,`type`,`price`,`cv`,`file_id`,`status`,`reason`,`created_at`,`updated_at`,`deleted_at`) values (1,1,5,0,1,'22.22','Nice to meet you',NULL,8,'Finished','2016-01-10 13:23:10','2016-04-08 21:38:42',NULL),(2,2,5,0,1,'27.78','Nice to meet you',NULL,8,'Finished','2016-01-10 17:11:20','2016-04-08 21:46:09',NULL),(3,2,2,0,1,'25.56','Thanks a lot.',NULL,7,'','2016-01-11 10:21:20','0000-00-00 00:00:00',NULL),(4,2,3,0,1,'44.44','Thanks a lot.',NULL,7,'','2016-01-11 20:18:20','0000-00-00 00:00:00',NULL),(5,4,3,0,0,'9000.00','I\'m glad to apply this job',NULL,8,'','2016-01-12 20:18:20','2016-04-08 19:01:45',NULL),(6,4,5,0,0,'5000.00','Good project. I want to work for you.',NULL,8,'Finished','2016-01-12 20:18:20','2016-04-08 23:04:33',NULL),(7,7,2,0,0,'2000.00','Hi, Ri.\r\nI\'m very rich man.\r\nBut I can work for you in lower price.\r\n\r\nJin',NULL,1,'','2016-03-22 08:08:36','2016-04-03 10:39:16',NULL),(8,8,2,0,1,'35.00','Hi!!!',NULL,9,'','2016-03-31 06:52:45','2016-03-31 06:59:53',NULL),(9,9,2,0,1,'40.00','I applied to this job by $40/hr',NULL,9,'','2016-03-31 07:12:18','2016-03-31 07:12:54',NULL),(10,10,5,0,1,'40.00','Hi paulz,\r\n\r\nI have applied to this job by $40/hr (buyer-price)',NULL,1,'','2016-03-31 07:19:01','2016-03-31 07:21:12',NULL),(12,1,2,0,1,'30.00','Thanks, This is test from Jin.',NULL,5,'','2016-03-31 07:31:52','2016-04-12 08:54:35',NULL),(13,11,3,0,0,'3000.00','Thanks',NULL,9,'','2016-04-03 04:50:36','2016-04-03 04:52:45',NULL),(14,12,3,0,0,'2000.00','I am applying to this.',NULL,9,'','2016-04-03 04:55:35','2016-04-03 04:56:01',NULL),(15,7,5,2,0,'2.00','',NULL,1,'','2016-04-04 02:25:27','2016-04-22 07:16:04',NULL),(16,11,2,2,0,'99.99','',NULL,2,'','2016-04-04 09:29:49','2016-04-10 00:08:27',NULL),(17,12,2,0,0,'0.00','',NULL,0,'','2016-04-06 09:05:12','2016-04-06 09:05:12',NULL),(18,5,2,0,0,'1000.00','Thanks,\r\n\r\nJin',NULL,0,'','2016-04-12 08:40:40','2016-04-12 08:40:40',NULL),(19,4,2,2,0,'0.00','',NULL,2,'','2016-04-13 09:35:49','2016-04-24 01:08:21',NULL),(20,14,2,0,1,'40.00','나는 쇼핑몰 개발에 10여년동안 종사하였다. 특히 마젠톨ㄹ 리용한 대규모 프로젝트에 3권이상 참가하였다. 그래서 당신의 싸이트를 높은 수준에서 개발 완성할 자신이 있다. 련락하기 바란다.',NULL,9,'','2016-04-19 08:55:06','2016-04-21 07:18:10',NULL),(21,4,5,2,0,'0.00','',NULL,2,'','2016-04-22 07:17:40','2016-04-22 07:17:40',NULL),(22,14,5,0,1,'30.00','I\'d like to take your job.',NULL,1,'','2016-04-22 07:47:13','2016-04-29 03:47:20',NULL),(23,12,27,0,0,'2000.00','Dear client.\r\nI\'d like to have the opinion to discuss your project.\r\nI can finish your project within 3 hours.\r\nGood luck',NULL,0,'','2016-04-26 09:20:40','2016-04-26 09:20:40',NULL),(24,18,31,0,1,'22.22','어딘가 모순되는 과제같습니다.\r\n\r\n150명을 모집한다고 써놓구선 우에다가는 10명의 개발자를 필요로 함 이러루한 거짓말태그를 보여주면 어떻게 합니까?\r\n\r\n우선 이 과제내용자체가 오유입니다.',NULL,4,'test','2016-04-27 10:11:44','2016-04-27 11:01:49',NULL),(25,18,31,0,1,'35.00','Applying to job again.',NULL,1,'','2016-04-27 11:02:54','2016-04-28 07:43:51',NULL),(26,18,4,2,1,'0.00','',NULL,3,'','2016-04-28 08:02:43','2016-04-28 08:04:46',NULL),(27,18,2,2,1,'0.00','',NULL,3,'','2016-04-28 08:19:18','2016-04-28 08:19:48',NULL),(28,18,4,2,1,'0.00','',NULL,2,'','2016-04-28 08:25:56','2016-04-28 08:25:56',NULL),(29,18,2,2,1,'0.00','',NULL,2,'','2016-04-28 08:26:26','2016-04-28 08:26:26',NULL),(30,18,5,2,1,'0.00','',NULL,2,'','2016-04-28 08:26:39','2016-04-28 08:26:39',NULL),(31,19,2,2,0,'345.00','',NULL,9,'','2016-04-28 08:28:57','2016-04-28 08:29:17',NULL),(32,19,3,2,0,'345.00','',NULL,9,'','2016-04-28 08:34:38','2016-04-28 08:34:46',NULL),(33,20,4,2,0,'0.00','',NULL,2,'','2016-04-28 09:02:53','2016-04-28 09:02:53',NULL),(34,20,5,2,0,'0.00','',NULL,2,'','2016-04-28 09:03:12','2016-04-28 09:03:12',NULL),(35,24,2,2,1,'0.00','',NULL,2,'','2016-05-13 02:40:48','2016-05-13 02:40:48',NULL),(36,25,2,0,1,'0.00','',NULL,0,'','2016-05-24 08:12:11','2016-05-24 08:12:11',NULL);

/*Table structure for table `project_features` */

DROP TABLE IF EXISTS `project_features`;

CREATE TABLE `project_features` (
  `id` int(10) unsigned NOT NULL AUTO_INCREMENT,
  `project_id` int(10) unsigned NOT NULL,
  `freelancer_type` tinyint(3) unsigned NOT NULL DEFAULT '0',
  `feedback_score` varchar(255) COLLATE utf8_unicode_ci DEFAULT NULL,
  `hours_billed` int(10) unsigned NOT NULL DEFAULT '0',
  `location` varchar(256) COLLATE utf8_unicode_ci DEFAULT NULL,
  `en_level` tinyint(3) unsigned NOT NULL DEFAULT '0',
  `deleted_at` timestamp NULL DEFAULT NULL,
  PRIMARY KEY (`id`),
  KEY `project_features_project_id_index` (`project_id`)
) ENGINE=InnoDB DEFAULT CHARSET=utf8 COLLATE=utf8_unicode_ci;

/*Data for the table `project_features` */

/*Table structure for table `project_files` */

DROP TABLE IF EXISTS `project_files`;

CREATE TABLE `project_files` (
  `id` int(10) unsigned NOT NULL AUTO_INCREMENT,
  `project_id` int(10) unsigned NOT NULL,
  `file_id` int(10) unsigned NOT NULL,
  `is_active` tinyint(1) NOT NULL DEFAULT '0',
  PRIMARY KEY (`id`),
  KEY `project_files_project_id_file_id_index` (`project_id`,`file_id`),
  KEY `project_files_project_id_index` (`project_id`),
  KEY `project_files_file_id_index` (`file_id`)
) ENGINE=InnoDB DEFAULT CHARSET=utf8 COLLATE=utf8_unicode_ci;

/*Data for the table `project_files` */

/*Table structure for table `project_message_threads` */

DROP TABLE IF EXISTS `project_message_threads`;

CREATE TABLE `project_message_threads` (
  `id` int(10) unsigned NOT NULL AUTO_INCREMENT,
  `subject` varchar(255) COLLATE utf8_unicode_ci NOT NULL,
  `sender_id` int(10) unsigned NOT NULL,
  `receiver_id` int(10) unsigned NOT NULL,
  `application_id` int(10) unsigned DEFAULT NULL,
  `created_at` timestamp NOT NULL DEFAULT '0000-00-00 00:00:00',
  `updated_at` timestamp NOT NULL DEFAULT '0000-00-00 00:00:00',
  `deleted_at` timestamp NULL DEFAULT NULL,
  PRIMARY KEY (`id`),
  KEY `project_message_threads_sender_id_index` (`sender_id`),
  KEY `project_message_threads_receiver_id_index` (`receiver_id`),
  KEY `project_message_threads_application_id_index` (`application_id`)
) ENGINE=InnoDB AUTO_INCREMENT=30 DEFAULT CHARSET=utf8 COLLATE=utf8_unicode_ci;

/*Data for the table `project_message_threads` */

insert  into `project_message_threads`(`id`,`subject`,`sender_id`,`receiver_id`,`application_id`,`created_at`,`updated_at`,`deleted_at`) values (1,'Drupal Developer',7,5,2,'2016-03-22 09:17:08','2016-03-22 09:17:08',NULL),(2,'Drupal Developer',7,2,3,'2016-03-22 09:17:24','2016-03-22 09:17:24',NULL),(3,'Drupal Developer',7,3,4,'2016-03-22 09:17:31','2016-03-22 09:17:31',NULL),(4,'Magento Developer',7,3,5,'2016-03-22 09:17:59','2016-03-22 09:17:59',NULL),(5,'Magento Developer',7,5,6,'2016-03-22 09:18:06','2016-03-22 09:18:06',NULL),(6,'Wordpress Developer',7,5,1,'2016-03-22 09:18:23','2016-03-22 09:18:23',NULL),(7,'Wordpress Developer',6,2,7,'2016-03-22 09:18:23','2016-03-22 09:18:23',NULL),(9,'Wawjob designer',9,2,8,'2016-03-31 07:00:02','2016-03-31 07:00:02',NULL),(10,'Contract Price is not clear',9,2,9,'2016-03-31 07:12:18','2016-03-31 07:12:18',NULL),(11,'$40/hr project',9,5,10,'2016-03-31 07:19:01','2016-03-31 07:19:01',NULL),(13,'Wordpress Developer',7,2,12,'2016-03-31 07:31:52','2016-03-31 07:31:52',NULL),(14,'Total Score?',9,3,13,'2016-04-03 04:50:36','2016-04-03 04:50:36',NULL),(15,'$2000 project',9,3,14,'2016-04-03 04:55:35','2016-04-03 04:55:35',NULL),(16,'Looking for NetSuite developer',6,5,15,'2016-04-04 02:25:27','2016-04-04 02:25:27',NULL),(17,'Total Score?',9,2,16,'2016-04-04 09:29:49','2016-04-04 09:29:49',NULL),(18,'$2000 project',9,2,17,'2016-04-06 09:05:12','2016-04-06 09:05:12',NULL),(19,'Should I take this tutorial?',6,2,18,'2016-04-12 08:40:40','2016-04-12 08:40:40',NULL),(20,'Magento Developer',7,2,19,'2016-04-13 09:35:50','2016-04-13 09:35:50',NULL),(21,'쇼핑몰 싸이트  개발자',7,2,20,'2016-04-19 08:55:06','2016-04-19 08:55:06',NULL),(22,'Magento Developer',7,5,21,'2016-04-22 07:17:40','2016-04-22 07:17:40',NULL),(23,'Looking for Shopping Mall',7,5,22,'2016-04-22 07:47:13','2016-04-22 07:47:13',NULL),(24,'$2000 project',9,27,23,'2016-04-26 09:20:40','2016-04-26 09:20:40',NULL),(25,'Wawjob프로젝트에 대한 통합검사',29,31,24,'2016-04-27 10:11:44','2016-04-27 10:11:44',NULL),(26,'Wawjob프로젝트에 대한 통합검사',29,31,25,'2016-04-27 11:02:54','2016-04-27 11:02:54',NULL),(27,'Wawjob프로젝트에 대한 통합검사',29,4,26,'2016-04-28 08:04:03','2016-04-28 08:04:03',NULL),(28,'Wawjob프로젝트에 대한 통합검사',29,2,27,'2016-04-28 08:19:37','2016-04-28 08:19:37',NULL),(29,'Creative Writing - 기사요청',29,3,32,'2016-04-28 08:35:49','2016-04-28 08:35:49',NULL);

/*Table structure for table `project_message_users_threads` */

DROP TABLE IF EXISTS `project_message_users_threads`;

CREATE TABLE `project_message_users_threads` (
  `id` int(10) unsigned NOT NULL AUTO_INCREMENT,
  `user_id` int(10) unsigned NOT NULL,
  `thread_id` int(10) unsigned NOT NULL,
  `status` tinyint(3) unsigned NOT NULL DEFAULT '1',
  PRIMARY KEY (`id`),
  KEY `project_message_users_threads_user_id_index` (`user_id`),
  KEY `project_message_users_threads_thread_id_index` (`thread_id`)
) ENGINE=InnoDB DEFAULT CHARSET=utf8 COLLATE=utf8_unicode_ci;

/*Data for the table `project_message_users_threads` */

/*Table structure for table `project_messages` */

DROP TABLE IF EXISTS `project_messages`;

CREATE TABLE `project_messages` (
  `id` int(10) unsigned NOT NULL AUTO_INCREMENT,
  `thread_id` int(10) unsigned DEFAULT NULL,
  `sender_id` int(10) unsigned NOT NULL,
  `message` varchar(4096) COLLATE utf8_unicode_ci NOT NULL,
  `file_id` int(10) unsigned DEFAULT NULL,
  `created_at` timestamp NOT NULL DEFAULT '0000-00-00 00:00:00',
  `received_at` timestamp NULL DEFAULT '0000-00-00 00:00:00',
  PRIMARY KEY (`id`),
  KEY `project_messages_thread_id_index` (`thread_id`),
  KEY `project_messages_sender_id_index` (`sender_id`)
) ENGINE=InnoDB AUTO_INCREMENT=70 DEFAULT CHARSET=utf8 COLLATE=utf8_unicode_ci;

/*Data for the table `project_messages` */

insert  into `project_messages`(`id`,`thread_id`,`sender_id`,`message`,`file_id`,`created_at`,`received_at`) values (1,1,7,'I\'ll hired you.',NULL,'2016-03-22 09:17:08','2016-04-21 01:05:02'),(2,2,7,'I\'ll hired you.',NULL,'2016-03-22 09:17:24','2016-04-28 18:05:08'),(3,3,7,'I\'ll hire you.',NULL,'2016-03-22 09:17:31','2016-04-21 01:37:44'),(4,4,7,'I\'ll hire you.',NULL,'2016-03-22 09:17:59','2016-04-21 01:42:28'),(5,5,7,'I\'ll hire you.',NULL,'2016-03-22 09:18:06','2016-04-21 01:03:40'),(6,6,7,'I\'ll hire you.',NULL,'2016-03-22 09:18:23','2016-04-21 01:06:15'),(7,2,2,'Thank you sir',NULL,'2016-03-25 12:16:22','2016-04-21 01:15:58'),(8,7,6,'ddddd',NULL,'2016-03-25 12:16:22','2016-04-28 18:05:18'),(9,4,7,'yup',NULL,'2016-03-24 13:18:55','2016-04-21 01:33:32'),(10,6,5,'yup',NULL,'2016-03-24 13:20:12','2016-04-21 01:15:44'),(11,8,2,'Abcd',NULL,'2016-03-31 06:57:49','0000-00-00 00:00:00'),(12,9,2,'Test',NULL,'2016-03-31 07:00:02','2016-05-13 02:39:47'),(13,10,9,'haha',NULL,'2016-03-31 07:12:29','2016-04-28 18:05:25'),(14,10,2,'Thanks!!!',NULL,'2016-03-31 07:13:32','2016-05-13 02:39:23'),(15,11,9,'Hi Mr.So.\r\n\r\nThank you for your kind attention to my project for this purpose.   Could you send me your CV with your photo attached please?\r\n\r\nYou\'re one of my top considered applicants.  This e-commerce project will be a great chance for us to achieve mass profit.\r\n\r\nThanks,\r\nPaul.',NULL,'2016-03-31 07:21:12','2016-04-21 01:00:39'),(16,13,7,'That\'s good.\r\nI\'ll hire you.',NULL,'2016-03-31 07:34:12','2016-04-24 01:12:05'),(17,14,3,'Thank you for your offer.',NULL,'2016-04-03 04:53:51','2016-05-13 02:39:59'),(18,15,3,'Thanks',NULL,'2016-04-03 05:16:45','2016-04-21 10:33:26'),(19,11,5,'Thanks, Paul',NULL,'2016-04-03 10:24:44','2016-05-13 02:39:17'),(20,6,5,'How are you?',NULL,'2016-04-03 10:24:55','2016-04-21 01:15:41'),(21,7,6,'Nice to meet you',NULL,'2016-04-03 10:39:15','2016-04-28 18:05:21'),(22,16,6,'I\'ll hire you.',NULL,'2016-04-04 02:26:04','0000-00-00 00:00:00'),(23,16,6,'Please send me your cv.',NULL,'2016-04-04 02:31:36','0000-00-00 00:00:00'),(24,14,9,'I am sending you this message on Apr 4, 2016.',NULL,'2016-04-04 07:16:12','2016-04-21 01:41:55'),(25,17,6,'ㅇㅇㄴㄱㅇㄴㅈ',NULL,'0000-00-00 00:00:00','2016-04-21 18:36:18'),(26,13,2,'me too',NULL,'2016-04-06 09:07:55','2016-04-21 01:15:35'),(27,18,5,'ㅇㄱㄴㄱ인그',NULL,'0000-00-00 00:00:00','2016-04-24 00:52:22'),(28,7,2,'Nice to meet you too.\r\n\r\nI hope to work for you.\r\n\r\nThanks,Jin\r\n',NULL,'2016-04-07 18:54:10','0000-00-00 00:00:00'),(29,17,2,'thanks',NULL,'2016-04-10 00:08:27','2016-05-13 02:39:34'),(30,5,5,'dfsadf',NULL,'2016-04-13 05:37:47','2016-04-21 01:15:50'),(31,6,7,'my highness',NULL,'2016-04-19 10:40:27','2016-04-21 01:01:11'),(32,21,7,'당신의 프로파일에 대단한 흥미를 가졌다. skype 를 통해서 통신하자',NULL,'2016-04-19 08:59:03','2016-04-21 18:36:30'),(33,20,2,'Are you OK?',NULL,'2016-04-21 06:57:48','2016-04-21 19:34:24'),(34,16,5,'why are bothering me?',NULL,'2016-04-21 07:11:16','0000-00-00 00:00:00'),(35,18,9,'Strange',NULL,'2016-04-21 10:30:59','2016-04-24 00:52:17'),(36,16,5,'I accept your invitation.',NULL,'2016-04-22 07:16:04','0000-00-00 00:00:00'),(37,21,2,'ahm, ahm',NULL,'2016-04-23 12:01:16','2016-04-23 09:19:34'),(38,26,29,'Hi Paul,\r\n\r\nThanks for your application to my job posting.\r\n\r\nBrice.',NULL,'2016-04-28 07:43:51','0000-00-00 00:00:00'),(39,27,29,'명선동지, 응답 정말 안하겠습니까?',NULL,'2016-04-28 08:04:03','0000-00-00 00:00:00'),(40,28,29,'Thanks Jin !!!',NULL,'2016-04-28 08:19:37','2016-04-28 23:20:43'),(41,29,3,'고맙습니다.\r\n',NULL,'2016-04-28 08:35:49','2016-04-28 08:42:42'),(42,29,3,'이 과제를 수행한 다음 다른 프로젝트들도 있을가요?',NULL,'2016-04-28 08:36:12','0000-00-00 00:00:00'),(43,29,29,'물론입니다.',NULL,'2016-04-28 08:36:20','0000-00-00 00:00:00'),(44,28,29,'참?',NULL,'2016-04-28 08:49:33','2016-04-28 09:43:26'),(45,28,2,'뭐라구요?',NULL,'2016-04-28 08:50:20','0000-00-00 00:00:00'),(46,29,29,'통보문을 보낸 다음에 이 칸은 초기화되여야 합니다.\n',NULL,'2016-04-28 08:52:00','2016-05-06 03:02:10'),(47,29,29,'왜 아직두 안될가?',NULL,'2016-04-28 08:52:12','2016-05-06 03:02:12'),(48,29,29,'이번엔 되나 보자.',NULL,'2016-04-28 08:52:37','0000-00-00 00:00:00'),(49,28,2,'어째서?',NULL,'2016-04-28 08:54:34','0000-00-00 00:00:00'),(50,28,2,'Oh, it works now. Great !!! :) thank you a lot.',NULL,'2016-04-28 08:54:48','0000-00-00 00:00:00'),(51,26,29,'What\'s your name, Paul?',NULL,'2016-04-28 08:55:23','0000-00-00 00:00:00'),(52,9,2,'Hi Paul, this is Jin, a senior Laravel developer.\n\nThank you a lot.',NULL,'2016-04-28 08:55:43','2016-05-13 02:39:44'),(53,26,29,'Would this <textarea> element be reset when I send message?',NULL,'2016-04-28 08:58:29','0000-00-00 00:00:00'),(54,24,9,'This is first message',NULL,'2016-04-28 09:41:48','0000-00-00 00:00:00'),(55,18,9,'Test Message',NULL,'2016-04-28 09:42:16','2016-04-29 17:15:53'),(56,21,2,'배고파',NULL,'2016-04-28 09:44:08','2016-04-28 09:44:42'),(57,18,9,'배고픈가요?',NULL,'2016-04-28 09:46:15','2016-04-29 17:15:56'),(58,18,2,'No',NULL,'2016-04-28 09:48:19','2016-05-13 02:39:12'),(59,21,7,'먹을것이 좀 없어....',NULL,'2016-04-28 10:18:52','2016-04-28 10:24:38'),(60,21,7,'먹을것이 좀 없어....',NULL,'2016-04-28 10:18:52','2016-04-28 10:24:39'),(61,21,2,'지금 없어... 이제 와...',NULL,'2016-04-28 10:25:38','2016-04-28 10:54:00'),(62,21,2,'지금 없어... 이제 와...',NULL,'2016-04-28 10:25:43','2016-04-28 10:54:01'),(63,21,2,'먹을거 좀 달라....',NULL,'2016-04-28 10:27:16','2016-04-28 10:54:01'),(64,21,2,'먹을거 도착해서 많이 먹으라',NULL,'2016-04-28 10:52:43','2016-04-28 10:54:02'),(65,21,2,'먹을거 도착해서 많이 먹으라',NULL,'2016-04-28 10:52:51','2016-04-28 10:54:02'),(66,21,7,'많이 먹으라',NULL,'2016-04-28 10:54:15','2016-04-29 17:17:38'),(67,19,2,'hoooo',NULL,'2016-04-29 05:25:28','2016-04-29 17:26:12'),(68,23,7,'Test',NULL,'2016-04-29 03:47:19','0000-00-00 00:00:00'),(69,15,9,'Hi Mr.Son, \n\nHow are you? I wanted to inform you that I\'d like to have a meeting with you for the project.\n\nThanks,\nPaul',NULL,'2016-05-13 02:10:37','0000-00-00 00:00:00');

/*Table structure for table `project_skills` */

DROP TABLE IF EXISTS `project_skills`;

CREATE TABLE `project_skills` (
  `id` int(10) unsigned NOT NULL AUTO_INCREMENT,
  `project_id` int(10) unsigned NOT NULL,
  `skill_id` int(10) unsigned NOT NULL,
  `order` tinyint(3) unsigned NOT NULL DEFAULT '0',
  `level` tinyint(3) unsigned NOT NULL DEFAULT '0',
  PRIMARY KEY (`id`),
  KEY `project_skills_project_id_skill_id_index` (`project_id`,`skill_id`),
  KEY `project_skills_project_id_index` (`project_id`),
  KEY `project_skills_skill_id_index` (`skill_id`)
) ENGINE=InnoDB AUTO_INCREMENT=15 DEFAULT CHARSET=utf8 COLLATE=utf8_unicode_ci;

/*Data for the table `project_skills` */

insert  into `project_skills`(`id`,`project_id`,`skill_id`,`order`,`level`) values (1,1,1,0,7),(2,1,3,1,4),(3,1,6,2,9),(4,1,7,3,10),(5,2,2,0,4),(6,2,4,1,8),(7,3,1,0,10),(8,4,7,0,10),(9,4,3,1,6),(10,5,5,1,8),(11,5,3,1,8),(12,6,1,1,10),(13,6,2,1,8),(14,6,8,1,8);

/*Table structure for table `projects` */

DROP TABLE IF EXISTS `projects`;

CREATE TABLE `projects` (
  `id` int(10) unsigned NOT NULL AUTO_INCREMENT,
  `category_id` int(10) unsigned NOT NULL,
  `client_id` int(10) unsigned NOT NULL,
  `subject` varchar(255) COLLATE utf8_unicode_ci NOT NULL,
  `desc` text COLLATE utf8_unicode_ci NOT NULL,
  `type` tinyint(3) unsigned NOT NULL DEFAULT '0' COMMENT '0: Fixed, 1: Hourly',
  `duration` varchar(10) COLLATE utf8_unicode_ci NOT NULL,
  `workload` varchar(10) COLLATE utf8_unicode_ci NOT NULL,
  `price` decimal(20,2) NOT NULL,
  `req_cv` tinyint(1) NOT NULL DEFAULT '1',
  `contract_limit` int(10) unsigned NOT NULL DEFAULT '0',
  `is_public` tinyint(1) unsigned NOT NULL DEFAULT '1',
  `status` tinyint(1) unsigned NOT NULL DEFAULT '1' COMMENT '0: Closed, 1: Open',
  `reason` varchar(256) COLLATE utf8_unicode_ci NOT NULL,
  `created_at` timestamp NOT NULL DEFAULT '0000-00-00 00:00:00',
  `updated_at` timestamp NOT NULL DEFAULT '0000-00-00 00:00:00',
  `deleted_at` timestamp NULL DEFAULT NULL,
  PRIMARY KEY (`id`),
  KEY `projects_category_id_index` (`category_id`),
  KEY `projects_client_id_index` (`client_id`)
) ENGINE=InnoDB AUTO_INCREMENT=29 DEFAULT CHARSET=utf8 COLLATE=utf8_unicode_ci;

/*Data for the table `projects` */

insert  into `projects`(`id`,`category_id`,`client_id`,`subject`,`desc`,`type`,`duration`,`workload`,`price`,`req_cv`,`contract_limit`,`is_public`,`status`,`reason`,`created_at`,`updated_at`,`deleted_at`) values (1,3,7,'Wordpress Developer','Hi everybody, we are looking for senior wordpress devs here.\r\n\r\nAll of the application code was created using Visual Studio .NET and the C# programming language, while most of the database tasks were performed using the DB2 Development Add-in to Visual Studio .NET.',1,'MT6M','FT','0.00',0,10,1,0,'','2015-08-31 02:04:38','2016-04-12 08:54:52',NULL),(2,3,7,'Drupal Developer','Now, www.fixed.com looks for a talented Drupal developer for our new site.\r\nIt was built on Drupal 6 three years ago, but it requires to re-build to meet the new requirements of our company.\r\n\r\nWe will hire 2 developers within a week and start the contract.  Only Europeans required.',1,'LT1M','PT','0.00',1,2,1,1,'','2015-09-01 02:04:38','2015-09-01 02:04:40',NULL),(3,2,6,'URGENT: Senior Designer','Hi everybody, we are looking for senior designer.\r\n\r\nDevelopers using the Microsoft .NET Framework can easily leverage their existing knowledge to access information stored in a DB2 database using the new DB2 Managed Provider. \r\n\r\nThis tutorial shows how to create a stored procedure in DB2 and then incorporate it into a Web service built using Microsoft\'s Visual Studio .NET and C# (pronounced C Sharp). Finally, a simple ASP.NET application demonstrates how to access the web service to display the data over the Internet.',1,'LT1M','PT','0.00',0,1,1,1,'','2015-09-02 02:04:38','2015-09-02 02:04:40',NULL),(4,4,7,'Magento Developer','Hi everybody, we are looking for senior magento developer.\r\n\r\nThis tutorial demonstrates the techniques needed to build a Web service in C# that accesses an IBM DB2 Universal Database database using the DB2 managed data provider. The DB2 managed data provider offers capabilities similar to the SQL Server managed data provider as well as providing a high performance, secure way to access a DB2 database from any .NET programming language. \r\nThe DB2 managed data provider was written in C# by the DB2 Development organization to combine the best features and function of DB2, while exploiting the database neutral facilities included in the .NET Framework.\r\n\r\nThis sample application in this tutorial involves the JustPC.com Music Company, which maintains a database with information about various CDs it has for sale.\r\nThrough a Web service it provides, users can search the database to retrieve various kinds of information, including a list of artists, a list of CDs recorded by a specific artist and the list of tracks on the CD.',0,'','','5000.00',1,1,1,1,'','2015-10-01 10:04:38','2016-04-03 05:07:10',NULL),(5,5,6,'Should I take this tutorial?','In order to follow along with this tutorial, you will need to create an empty database called MUSIC using the DB2 Control Center. Simply use the Create Database Wizard and specify MUSIC as the name of the database. \r\nNo other information is required to create the database.\r\nNote: While this tutorial was created and tested on a single Windows 2000 Server system, you may choose to run Visual Studio .NET on a Windows 2000 or XP Professional system and copy the appropriate files to the Windows Server system for execution',0,'','AN','900.00',1,1,1,1,'','2015-10-02 10:26:38','2016-03-16 08:11:07',NULL),(6,3,7,'Overview of the sample application','The JustPC.com Music Company maintains a database with information about various CDs it has for sale. Through a Web service it provides, you can search the database to retrieve various kinds of information, including a list of artists, a list of CDs recorded by a specific artist, and the list of tracks on the CD.\r\n\r\nMySQL allows you to create a column of type CHAR(0). This is useful primarily when you have to be compliant with old applications that depend on the existence of a column but that do not actually use its value. CHAR(0) is also quite nice when you need a column that can take only two values: A column that is defined as CHAR(0) NULL occupies only one bit and can take only the values NULL and \'\' (the empty string). ',1,'1T3M','AN','0.00',1,1,1,0,'Cancelled by admin.','2015-10-02 10:26:38','2016-04-09 06:58:35',NULL),(7,4,6,'Looking for NetSuite developer','A TIMESTAMP column is useful for recording the date and time of an INSERT or UPDATE operation. By default, the first TIMESTAMP column in a table is automatically set to the date and time of the most recent operation if you do not assign it a value yourself. You can also set any TIMESTAMP column to the current date and time by assigning it a NULL value. Variations on automatic initialization and update properties are described here.\r\n\r\nA year in two-digit or four-digit format. The default is four-digit format. In four-digit format, the allowable values are 1901 to 2155, and 0000. In two-digit format, the allowable values are 70 to 69, representing years from 1970 to 2069. MySQL displays YEAR values in YYYY format, but allows you to assign values to YEAR columns using either strings or numbers. \r\n\r\nCharacter column sorting and comparison are based on the character set assigned to the column. (Before MySQL 4.1, sorting and comparison were based on the collation of the server character set.) For the CHAR, VARCHAR, TEXT, ENUM, and SET data types, you can declare a column with a binary collation or the BINARY attribute to cause sorting and comparison to use the underlying character code values rather than a lexical ordering. \r\n',0,'','PT','2400.00',1,0,1,1,'','2016-01-08 22:28:33','2016-03-27 06:57:39',NULL),(8,3,9,'Wawjob designer','Laravel is a web application framework with expressive, elegant syntax. We believe development must be an enjoyable, creative experience to be truly fulfilling. Laravel attempts to take the pain out of development by easing common tasks used in the majority of web projects, such as authentication, routing, sessions, queueing, and caching.\r\n\r\nLaravel is accessible, yet powerful, providing powerful tools needed for large, robust applications. A superb inversion of control container, expressive migration system, and tightly integrated unit testing support give you the tools you need to build any application with which you are tasked.\r\n',1,'3T6M','FT','0.00',1,2,1,1,'','2016-03-30 14:21:57','2016-03-30 14:21:57',NULL),(9,3,9,'Contract Price is not clear','Hi Kevin,\r\n\r\nWould you please check the price of new contract?  ',1,'MT6M','FT','0.00',1,6,1,1,'','2016-03-31 07:11:51','2016-03-31 07:11:51',NULL),(10,4,9,'$40/hr project','Hello, this is $40/hr project.',1,'1T3M','PT','0.00',0,1,1,1,'','2016-03-31 07:18:07','2016-03-31 07:18:07',NULL),(11,6,9,'Total Score?','Hello,\r\n\r\nI\'d like to calculate total score of freelancers.\r\n\r\nThanks.',0,'','','2500.00',0,2,1,1,'','2016-04-03 04:46:31','2016-04-03 04:46:31',NULL),(12,2,9,'$2000 project','Hehe, who made this ?????',0,'','','2000.00',1,9,1,1,'','2016-04-03 04:55:01','2016-04-04 07:15:53',NULL),(13,3,7,'Test Project','This is very good',1,'MT6M','FT','0.00',1,1,0,1,'','2016-04-08 07:04:14','2016-04-20 11:12:45',NULL),(14,4,7,'Looking for Shopping Mall','Our company is seeking a senior e-commerce developer who is skilled at Magento and Zencart.',1,'1T3M','AN','0.00',1,2,1,1,'','2016-04-19 08:52:49','2016-04-21 10:23:57',NULL),(15,32,7,'문장번역과제','중어 - 영어문장번역을 요청합니다.  과학기술원서 300페지, 문예도서 500페지.\r\n\r\n기간은 1달입니다.  2일내로 과제를 시작하려고 합니다.',0,'','','600.00',1,2,1,1,'','2016-04-22 07:54:41','2016-04-22 07:54:57',NULL),(16,3,9,'Wawjob - Submit A Proposal페지에서의 문제점','개발자가 Fixed-price job에 apply할 때 Submit A Proposal페지에 Job Posting에 밝힌 고정가격이 나와야 한다고 봅니다.\r\n',0,'','','10.00',0,1,1,1,'','2016-04-22 07:57:46','2016-04-22 07:57:46',NULL),(17,6,9,'CRITICAL!!!  Wawjob - Buyer / Message List (생각해봅시다)','1. 현재 Buyer로 로그인하여 Messages페지에 가보면 아래의 왼쪽목록에 모두 자기의 이름만 나옵니다.\r\nMessage Thread는 어떤 두 대상사이에 진행되는 대화내용의 목록이라고 볼수 있습니다.  그러므로 여기서 buyer자신이 아니라 대화상대인 freelancer의 이름이 현시되여야 합니다.\r\n\r\n2. 일부 message thread에 들어가보면 No Messages Found라는 통보문이 나옵니다.  이 경우는 Freelancer가 Job Posting에 apply만 했을 경우에 나오는데 이 경우가 옳지 않다고 봅니다.  쌍방사이에 아직 오고간 통보문이 하나도 없는 Message Thread가 과연 현시되여야 하겠는지?\r\n\r\n만일 신청한 개발자들에게 통보문을 새로 보내려면 Job Posting의 Applicants를 보는 페지에 Send Message단추가 있어야 한다고 생각합니다.',0,'','','20.00',0,1,1,1,'','2016-04-22 07:59:18','2016-04-22 08:03:15',NULL),(18,7,29,'Wawjob프로젝트에 대한 통합검사','입찰싸이트 Wawjob에서는 본 싸이트의 품질검사를 위하여 150명의 품질검사성원을 모집합니다.\r\n\r\n요구되는 기능은 다음과 같습니다.\r\n- HTML, PHP\r\n- 입찰싸이트에 대한 개념\r\n- Basecamp, JIRA, PivotalTracker 등 과제관리체계에 대한 리용경험\r\n\r\n1~2일내로 과제를 시작하려고 합니다. \r\n\r\n감사합니다.',1,'1T3M','FT','0.00',1,10,1,1,'','2016-04-27 10:09:56','2016-04-28 07:40:50',NULL),(19,33,29,'Creative Writing - 기사요청','Web관련기사 10건을 써야겠는데 좀 도와주십시오.\r\n\r\n',0,'','','345.00',0,2,1,1,'','2016-04-28 08:28:48','2016-04-28 08:28:48',NULL),(20,3,9,'서광동지와 명선동지에게 - HTML escaping','1) 서광동지: Messages페지에서 와 같은 HTML tag를 message내용안에 포함시켜 send해보십시오.  그러면 태그가 그대로 HTML페지에 rendering됩니다.\r\n\r\n2) 명선동지:   Job posting detail페지에서도 HTML태그가 섞이면 같은 현상이 나타납니다.\r\n\r\n:) thanks',0,'','','100.00',0,10,1,1,'','2016-04-28 09:00:57','2016-04-28 09:35:43',NULL),(21,23,9,'Fix Server Cache','I need a system admin, available now, to check server cache + checkup whole environment. Max 2 hrs work.',0,'','','450.00',1,3,1,1,'','2016-05-12 01:36:31','2016-05-12 01:36:31',NULL),(22,23,9,'SEO Project 027','100 PR3 backlinks \r\n\r\nREQUIREMENTS:\r\n- Backlinks with 100% white hat techniques only!\r\n- Links must be strictly from PR3+ pages - internal pages, iframe page with PR less than 3 wont count.\r\n- Links must be permanent.\r\n- One link per domain.\r\n- Links must be placed on proper PR3+ web pages, either on home page or internal pages. Page must be linked with Home page.\r\n- We will provide anchor text for all the backlinks.\r\n- Page must not be dis-allowed by robots.txt\r\n- All links must be static and standard href type links.\r\n- Only links from relevant sites will be accepted.\r\n- Links must be on a www, no sub domains.\r\n- Domains must be from different IP addresses and different Class-C IP addresses.\r\n- Links must be from English language websites only.\r\n- Link pages and our text links must be visible, readable, indexable and do-follow.\r\n- Link pages must be indexed and cached by all major search engines within last 60 days.\r\n- Backlinks must be search engine friendly, that is no redirects, cloaking and other practices\r\n- No link farms, no link-exchange programs, no banned sites, no illegal/scam/spam sites.\r\n- No exchange programs, web rings, rented links, FFA sites.\r\n\r\nRequired Skills: SEO',0,'','','600.00',0,3,1,1,'','2016-05-12 01:37:08','2016-05-12 01:42:23',NULL),(23,3,9,'Website Scraping Project','Hi,\r\n\r\nWe have a big project and are looking for some potential long term work.\r\nThe first project is to create a script that scrapes websites for content (articles etc.).\r\nWe have a list of 10 websites to start with.\r\n\r\nPlease make a bid and I will send you the project details. \r\n \r\nSkills required: Codeigniter, Javascript, MySQL, PHP',0,'','','2500.00',1,2,1,1,'','2016-05-12 01:39:25','2016-05-12 01:41:56',NULL),(24,3,9,'HTML/CSS Cutting Task','HTML/CSS cutting task is in a file attached.',1,'1T3M','PT','0.00',1,1,1,1,'','2016-05-12 01:40:13','2016-05-12 01:40:13',NULL),(25,3,9,'Joomla, Jomsocial, Paid membership site -Assistance Required','Hello everyone,\r\n\r\nI’m looking for someone to assist me complete a website project that I have started (Temporary location www.cctvkenya.info/foota) . I am also looking forward to long-term relationship as I have numerous such projects. And I’m price sensitive, so I’m also looking to go with the lowest bid possible.\r\n\r\nThe following skills will be required:\r\n• Joomla\r\n• Jomsocial\r\n• PHP\r\n• MySQL\r\n\r\nAbout the project:\r\nThe project involves creating a football/soccer recruitment website such as www.wegotplayers.com. It is a paid membership website.\r\n\r\nThe main objectives are:\r\n• Having two profile types, one for players and one for coaches/recruiters. (I have created this using Jomsocial and JSPT- JomSocial Profile Types)\r\n• Integrating payment - Using Pesapal (See attachment for more details)\r\n• Having a player search module on the homepage so that recruiters can search for players using professional level, playing position, age and nationality\r\n\r\nWhat I want you to do:\r\nI have all the pieces and need help putting them together. I require assistance doing the following:\r\n• Integrating with a new payment gateway. (Please see full details of the requirements of the payment gateway in the attachment)\r\n• Customizing the search fields for the search module that comes with jomsocial so that we have professional level, playing position, age and nationality.\r\n• Ensure that there is smooth flow in the registration process up to end of payment.\r\n\r\nPayment Processing\r\nFor more details visit the payment processor website at: https://www.pesapal.com/\r\n\r\nSample websites using the payment processor I want are:\r\nhttp://tickets.pesapal.com/home.aspx\r\nhttp://payments.zuku.co.ke/index.php?option=com_registration&view=registration&category_id=20&islast=0\r\nhttp://www.umba.co.ke/\r\n\r\nThe website that you will be working on in located here: www.cctvkenya.info/foota\r\n\r\nThanks in advance.\r\nPaul Z.',1,'MT6M','FT','0.00',1,10,1,1,'','2016-05-12 01:41:06','2016-05-12 01:41:06',NULL),(26,36,9,'检验Wawjob项目','亲爱的朋友们！\r\n\r\n在这个既严肃又隆重的地方，我宣布我们将对这个庞大的项目开始综合检验。负责人为尊敬的赵明先同志。\r\n这里的每个人要充分发挥自己的能力，甚至要超出能力成功完成此项任务。\r\n\r\n我们需要有丰富的QA经验的至少五个人。 下一个任务是将本网站的每个页面翻译成朝语和中文。 我现在还是不知道除了这些语言以外还会有哪些其他语言。但是，现在就这么着吧。\r\n\r\n要是本站会给我们带来大大的利益，那么这会对我们单位的前途产生巨大影响。\r\n\r\n我向大家表示深切地敬意！\r\n\r\n谢谢，再见。',0,'','','1999.00',1,5,1,1,'','2016-05-26 07:18:12','2016-05-26 07:19:03',NULL),(27,2,9,'Photoshop를 리용하여 초점이 흐려진 화상을 수정하기','사진을 몇장 찍었는데 그만 초점이 흐렸습니다.  책을 보니 Filter에 Unsharp라는 filter가 있다는데 여기에 있는 여러가지 선택항목들이 어떤 의미를 가지는지 잘 모르겠습니다.  초점이 흐린 사진을 고쳐보신 분이 있으면 좀 알려주십시오.\r\n\r\nCan you see above text in Korean?',0,'','','5.00',0,1,1,1,'','2016-05-26 07:21:33','2016-05-26 07:21:33',NULL),(28,69,9,'Lead Generation이란 무엇인가?','안녕하십니까?\r\n\r\nLead generation이라는 마케팅용어가 있는데 그 의미가 무엇인지 잘 모르겠습니다.\r\n아시는 분이 있으면 좀 도와주시기 바랍니다.\r\n\r\n경의.',0,'','','10000.00',0,1,1,1,'','2016-05-26 07:22:38','2016-05-26 07:22:38',NULL);

/*Table structure for table `roles` */

DROP TABLE IF EXISTS `roles`;

CREATE TABLE `roles` (
  `id` int(10) unsigned NOT NULL AUTO_INCREMENT,
  `name` varchar(64) COLLATE utf8_unicode_ci NOT NULL,
  `slug` varchar(64) COLLATE utf8_unicode_ci DEFAULT NULL,
  `desc` varchar(128) COLLATE utf8_unicode_ci DEFAULT NULL,
  `parent_id` int(10) unsigned DEFAULT NULL,
  `is_active` tinyint(1) NOT NULL DEFAULT '1',
  `deleted_at` timestamp NULL DEFAULT NULL,
  PRIMARY KEY (`id`),
  KEY `roles_parent_id_index` (`parent_id`)
) ENGINE=InnoDB AUTO_INCREMENT=6 DEFAULT CHARSET=utf8 COLLATE=utf8_unicode_ci;

/*Data for the table `roles` */

insert  into `roles`(`id`,`name`,`slug`,`desc`,`parent_id`,`is_active`,`deleted_at`) values (1,'User','user','This is an account',NULL,1,NULL),(2,'Super Administrator','user_sadmin','This is an account for super administrator',1,1,NULL),(3,'Administrator','user_admin','This is an account for administrator',1,1,NULL),(4,'Buyer','user_buyer','This is an account for buyer',1,1,NULL),(5,'Freelancer','user_freelancer','This is an account for freelancer',1,1,NULL);

/*Table structure for table `security_questions` */

DROP TABLE IF EXISTS `security_questions`;

CREATE TABLE `security_questions` (
  `id` int(10) unsigned NOT NULL AUTO_INCREMENT,
  `question` varchar(256) COLLATE utf8_unicode_ci NOT NULL,
  `category_id` int(10) unsigned DEFAULT NULL,
  `is_active` tinyint(1) NOT NULL DEFAULT '1',
  `deleted_at` timestamp NULL DEFAULT NULL,
  PRIMARY KEY (`id`)
) ENGINE=InnoDB DEFAULT CHARSET=utf8 COLLATE=utf8_unicode_ci;

/*Data for the table `security_questions` */

/*Table structure for table `skills` */

DROP TABLE IF EXISTS `skills`;

CREATE TABLE `skills` (
  `id` int(10) unsigned NOT NULL AUTO_INCREMENT,
  `name` varchar(64) COLLATE utf8_unicode_ci NOT NULL,
  `desc` varchar(1024) COLLATE utf8_unicode_ci DEFAULT NULL,
  `deleted_at` timestamp NULL DEFAULT NULL,
  PRIMARY KEY (`id`)
) ENGINE=InnoDB AUTO_INCREMENT=12 DEFAULT CHARSET=utf8 COLLATE=utf8_unicode_ci;

/*Data for the table `skills` */

insert  into `skills`(`id`,`name`,`desc`,`deleted_at`) values (1,'php','PHP is a general-purpose server-side scripting language originally designed for web development to produce dynamic web pages.',NULL),(2,'css3','Cascading Style Sheets (CSS) is a style sheet language used to describe the presentation (that is, the look and formatting) of a document written in a markup language.',NULL),(3,'mysql','MySQL is a relational database management system (RDBMS) that runs as a server providing multi-user access to a number of databases.',NULL),(4,'magento','Magento is one of ecommerce solutions.',NULL),(5,'drupal','Drupal is the best cms platform, recommended!',NULL),(6,'cocos2d','Cocos2d',NULL),(7,'ruby','Wow~ Ruby, is my love!',NULL),(8,'laravel','Laravel is the best one!',NULL),(9,'Untitled','',NULL),(10,'Untitled','',NULL),(11,'Untitled','',NULL);

/*Table structure for table `ticket_comments` */

DROP TABLE IF EXISTS `ticket_comments`;

CREATE TABLE `ticket_comments` (
  `id` int(10) unsigned NOT NULL AUTO_INCREMENT,
  `ticket_id` int(10) unsigned NOT NULL,
  `commentor_id` int(10) unsigned NOT NULL,
  `comment` text COLLATE utf8_unicode_ci NOT NULL,
  `attachment_id` int(10) unsigned NOT NULL DEFAULT '0',
  `created_at` timestamp NOT NULL DEFAULT '0000-00-00 00:00:00',
  `updated_at` timestamp NOT NULL DEFAULT '0000-00-00 00:00:00',
  `deleted_at` timestamp NULL DEFAULT NULL,
  PRIMARY KEY (`id`),
  KEY `ticket_comments_ticket_id_index` (`ticket_id`),
  KEY `ticket_comments_commentor_id_index` (`commentor_id`),
  KEY `ticket_comments_attachment_id_index` (`attachment_id`)
) ENGINE=InnoDB AUTO_INCREMENT=9 DEFAULT CHARSET=utf8 COLLATE=utf8_unicode_ci;

/*Data for the table `ticket_comments` */

insert  into `ticket_comments`(`id`,`ticket_id`,`commentor_id`,`comment`,`attachment_id`,`created_at`,`updated_at`,`deleted_at`) values (2,2,1,'누구십니까?',0,'2016-03-16 09:16:12','2016-03-16 09:16:12',NULL),(3,2,1,'All rights reserved. No part of this book may be reproduced, stored in a retrieval system, or transmitted in any form or by any means, without the prior written permission of the publisher, except in the case of brief quotations embedded in critical articles or reviews.\n\nEvery effort has been made in the preparation of this book to ensure the accuracy of the information presented. However, the information contained in this book is sold without warranty, either express or implied. Neither the authors, Packt Publishing, nor its dealers or distributors will be held liable for any damages caused or alleged to be caused directly or indirectly by this book.\n\nPackt Publishing has endeavored to provide trademark information about all the companies and products mentioned in this book by the appropriate use of capitals. However, Packt Publishing cannot guarantee the accuracy of this information.',0,'2016-03-21 09:18:10','2016-03-21 10:10:53',NULL),(4,2,2,'adsfasdfasdfadsf\r\nasd\r\nfa\r\nsdf\r\nadsf\r\nasd\r\nf',0,'2016-03-21 10:06:08','2016-03-21 10:06:08',NULL),(5,2,2,'closed\r\n\r\nthanks',0,'2016-03-25 01:30:18','2016-03-25 01:30:18',NULL),(6,4,7,'Sorry.. No Reason\r\n',0,'2016-04-21 19:37:01','2016-04-21 19:37:01',NULL),(7,4,1,'What is this ticket for?',0,'2016-04-22 03:43:14','2016-04-22 03:43:14',NULL),(8,3,1,'Please refer to the Help Desk.',0,'2016-04-22 03:43:28','2016-04-22 03:43:28',NULL);

/*Table structure for table `tickets` */

DROP TABLE IF EXISTS `tickets`;

CREATE TABLE `tickets` (
  `id` int(10) unsigned NOT NULL AUTO_INCREMENT,
  `subject` varchar(255) COLLATE utf8_unicode_ci NOT NULL,
  `content` text COLLATE utf8_unicode_ci,
  `user_id` int(10) unsigned NOT NULL,
  `admin_id` int(10) unsigned NOT NULL DEFAULT '0',
  `contract_id` int(10) unsigned NOT NULL DEFAULT '0',
  `type` tinyint(3) unsigned NOT NULL DEFAULT '0',
  `priority` tinyint(3) unsigned NOT NULL DEFAULT '0',
  `status` tinyint(3) unsigned NOT NULL DEFAULT '0',
  `attachment_id` int(10) unsigned NOT NULL DEFAULT '0',
  `created_at` timestamp NOT NULL DEFAULT '0000-00-00 00:00:00',
  `updated_at` timestamp NOT NULL DEFAULT '0000-00-00 00:00:00',
  `deleted_at` timestamp NULL DEFAULT NULL,
  PRIMARY KEY (`id`),
  KEY `tickets_user_id_index` (`user_id`),
  KEY `tickets_admin_id_index` (`admin_id`),
  KEY `tickets_contract_id_index` (`contract_id`),
  KEY `tickets_attachment_id_index` (`attachment_id`)
) ENGINE=InnoDB AUTO_INCREMENT=6 DEFAULT CHARSET=utf8 COLLATE=utf8_unicode_ci;

/*Data for the table `tickets` */

insert  into `tickets`(`id`,`subject`,`content`,`user_id`,`admin_id`,`contract_id`,`type`,`priority`,`status`,`attachment_id`,`created_at`,`updated_at`,`deleted_at`) values (1,'New functionalities comes on!','Hello everybody, our devs upgrade the system completely, please try our new system now!',1,0,0,0,0,0,0,'2016-03-16 06:47:13','2016-03-16 06:47:13',NULL),(2,'What happened?','My account has been suspended and not sure what happened.',2,0,0,4,0,3,0,'2016-03-16 06:47:13','2016-03-25 01:30:18',NULL),(3,'How oftern does Wawjob have maintenance?','How oftern does Wawjob have maintenance?',9,0,0,0,0,0,0,'2016-04-04 08:04:53','2016-04-04 08:04:53',NULL),(4,'How','How\r\n',7,0,0,0,0,3,0,'2016-04-21 19:36:06','2016-04-21 19:37:01',NULL),(5,'test','test',7,0,0,0,0,0,0,'2016-04-23 23:00:08','2016-04-23 23:00:08',NULL);

/*Table structure for table `timezones` */

DROP TABLE IF EXISTS `timezones`;

CREATE TABLE `timezones` (
  `id` int(10) unsigned NOT NULL AUTO_INCREMENT,
  `name` varchar(30) COLLATE utf8_unicode_ci NOT NULL,
  `label` varchar(80) COLLATE utf8_unicode_ci NOT NULL,
  `gmt_offset` double(8,2) NOT NULL,
  `deleted_at` timestamp NULL DEFAULT NULL,
  PRIMARY KEY (`id`)
) ENGINE=InnoDB AUTO_INCREMENT=74 DEFAULT CHARSET=utf8 COLLATE=utf8_unicode_ci;

/*Data for the table `timezones` */

insert  into `timezones`(`id`,`name`,`label`,`gmt_offset`,`deleted_at`) values (1,'Etc/UTC','UTC (Coordinated Universal Time)',0.00,NULL),(2,'Europe/London','UTC (Coordinated Universal Time) Dublin, Edinburgh, London',0.00,NULL),(3,'Africa/Casablanca','UTC (no DST) Tangiers, Casablanca',0.00,NULL),(4,'Europe/Lisbon','UTC +00:00 Lisbon',0.00,NULL),(5,'Africa/Algiers','UTC +01:00 Algeria',1.00,NULL),(6,'Europe/Berlin','UTC +01:00 Berlin, Stockholm, Rome, Bern, Brussels',1.00,NULL),(7,'Europe/Paris','UTC +01:00 Paris, Madrid',1.00,NULL),(8,'Europe/Prague','UTC +01:00 Prague, Warsaw',1.00,NULL),(9,'Europe/Athens','UTC +02:00 Athens, Helsinki, Istanbul',2.00,NULL),(10,'Africa/Cairo','UTC +02:00 Cairo',2.00,NULL),(11,'EET','UTC +02:00 Eastern Europe',2.00,NULL),(12,'Africa/Harare','UTC +02:00 Harare, Pretoria',2.00,NULL),(13,'Asia/Jerusalem','UTC +02:00 Israel',2.00,NULL),(14,'Asia/Baghdad','UTC +03:00 Baghdad, Kuwait, Nairobi, Riyadh',3.00,NULL),(15,'Europe/Minsk','UTC +03:00 Minsk',3.00,NULL),(16,'Asia/Tehran','UTC +03:30 Tehran',3.50,NULL),(17,'Asia/Tbilisi','UTC +04:00 Abu Dhabi, Muscat, Tbilisi, Kazan',4.00,NULL),(18,'Asia/Yerevan','UTC +04:00 Armenia',4.00,NULL),(19,'Europe/Moscow','UTC +04:00 Moscow, St. Petersburg, Volgograd',4.00,NULL),(20,'Asia/Kabul','UTC +04:30 Kabul',4.50,NULL),(21,'Asia/Karachi','UTC +05:00 Islamabad, Karachi',5.00,NULL),(22,'Asia/Tashkent','UTC +05:00 Tashkent',5.00,NULL),(23,'Asia/Calcutta','UTC +05:30 Mumbai, Kolkata, Chennai, New Delhi',5.50,NULL),(24,'Asia/Katmandu','UTC +05:45 Kathmandu, Nepal',5.75,NULL),(25,'Asia/Almaty','UTC +06:00 Almaty, Dhaka',6.00,NULL),(26,'Asia/Yekaterinburg','UTC +06:00 Sverdlovsk',6.00,NULL),(27,'Asia/Bangkok','UTC +07:00 Bangkok, Jakarta, Hanoi',7.00,NULL),(28,'Asia/Omsk','UTC +07:00 Omsk, Novosibirsk',7.00,NULL),(29,'Asia/Shanghai','UTC +08:00 Beijing, Chongqing, Urumqi',8.00,NULL),(30,'Australia/Perth','UTC +08:00 Hong Kong SAR, Perth, Singapore, Taipei',8.00,NULL),(31,'Asia/Krasnoyarsk','UTC +08:00 Krasnoyarsk',8.00,NULL),(32,'Asia/Pyongyang','UTC +08:30 Pyongyang',8.50,NULL),(33,'Asia/Irkutsk','UTC +09:00 Irkutsk (Lake Baikal)',9.00,NULL),(34,'Asia/Tokyo','UTC +09:00 Tokyo, Osaka, Sapporo, Seoul',9.00,NULL),(35,'Australia/Adelaide','UTC +09:30 Adelaide',9.50,NULL),(36,'Australia/Darwin','UTC +09:30 Darwin',9.50,NULL),(37,'Australia/Brisbane','UTC +10:00 Brisbane',10.00,NULL),(38,'Pacific/Guam','UTC +10:00 Guam, Port Moresby',10.00,NULL),(39,'Australia/Sydney','UTC +10:00 Sydney, Melbourne',10.00,NULL),(40,'Asia/Yakutsk','UTC +10:00 Yakutsk (Lena River)',10.00,NULL),(41,'Australia/Hobart','UTC +11:00 Hobart',11.00,NULL),(42,'Asia/Vladivostok','UTC +11:00 Vladivostok',11.00,NULL),(43,'Pacific/Kwajalein','UTC +12:00 Eniwetok, Kwajalein',12.00,NULL),(44,'Pacific/Fiji','UTC +12:00 Fiji Islands, Marshall Islands',12.00,NULL),(45,'Asia/Kamchatka','UTC +12:00 Kamchatka',12.00,NULL),(46,'Asia/Magadan','UTC +12:00 Magadan, Solomon Islands, New Caledonia',12.00,NULL),(47,'Pacific/Auckland','UTC +12:00 Wellington, Auckland',12.00,NULL),(48,'Pacific/Apia','UTC +13:00 Apia (Samoa)',13.00,NULL),(49,'Atlantic/Azores','UTC -01:00 Azores, Cape Verde Island',-1.00,NULL),(50,'Atlantic/South_Georgia','UTC -02:00 Mid-Atlantic',-2.00,NULL),(51,'America/Buenos_Aires','UTC -03:00 E Argentina (BA, DF, SC, TF)',-3.00,NULL),(52,'America/Fortaleza','UTC -03:00 NE Brazil (MA, PI, CE, RN, PB)',-3.00,NULL),(53,'America/Recife','UTC -03:00 Pernambuco',-3.00,NULL),(54,'America/Sao_Paulo','UTC -03:00 S & SE Brazil (GO, DF, MG, ES, RJ, SP, PR, SC, RS)',-3.00,NULL),(55,'America/St_Johns','UTC -03:30 Newfoundland',-3.50,NULL),(56,'America/Halifax','UTC -04:00 Atlantic Time (Canada)',-4.00,NULL),(57,'America/La_Paz','UTC -04:00 La Paz',-4.00,NULL),(58,'America/Caracas','UTC -04:30 Caracas',-4.50,NULL),(59,'America/Bogota','UTC -05:00 Bogota, Lima',-5.00,NULL),(60,'America/New_York','UTC -05:00 Eastern Time (US & Canada)',-5.00,NULL),(61,'America/Indiana/Indianapolis','UTC -05:00 Eastern Time - Indiana - most locations',-5.00,NULL),(62,'America/Chicago','UTC -06:00 Central Time (US & Canada)',-6.00,NULL),(63,'America/Indiana/Knox','UTC -06:00 Eastern Time - Indiana - Starke County',-6.00,NULL),(64,'America/Mexico_City','UTC -06:00 Mexico City, Tegucigalpa',-6.00,NULL),(65,'America/Managua','UTC -06:00 Nicaragua',-6.00,NULL),(66,'America/Regina','UTC -06:00 Saskatchewan',-6.00,NULL),(67,'America/Phoenix','UTC -07:00 Arizona',-7.00,NULL),(68,'America/Denver','UTC -07:00 Mountain Time (US & Canada)',-7.00,NULL),(69,'America/Los_Angeles','UTC -08:00 Pacific Time (US & Canada); Los Angeles',-8.00,NULL),(70,'America/Tijuana','UTC -08:00 Pacific Time (US & Canada); Tijuana',-8.00,NULL),(71,'America/Nome','UTC -09:00 Alaska',-9.00,NULL),(72,'Pacific/Honolulu','UTC -10:00 Hawaii',-10.00,NULL),(73,'Pacific/Midway','UTC -11:00 Midway Island, Samoa',-11.00,NULL);

/*Table structure for table `transactions` */

DROP TABLE IF EXISTS `transactions`;

CREATE TABLE `transactions` (
  `id` int(10) unsigned NOT NULL AUTO_INCREMENT,
  `type` tinyint(2) unsigned NOT NULL DEFAULT '0' COMMENT '0: fixed, 1: hourly, 2: bonus, 3: charge, 4: withdrawal, 5: refund',
  `for` tinyint(1) unsigned NOT NULL DEFAULT '0' COMMENT '1: From buyer, 2: To freelancer, 3: Fee',
  `user_id` int(10) unsigned NOT NULL,
  `contract_id` int(10) unsigned NOT NULL DEFAULT '0',
  `hourly_from` date DEFAULT NULL COMMENT 'Only for Hourly Job',
  `hourly_to` date DEFAULT NULL COMMENT 'Only for Hourly Job',
  `hourly_mins` smallint(5) unsigned NOT NULL DEFAULT '0' COMMENT 'Weekly minutes for hourly job',
  `note` varchar(512) COLLATE utf8_unicode_ci NOT NULL DEFAULT '',
  `amount` decimal(20,2) NOT NULL DEFAULT '0.00',
  `status` tinyint(4) NOT NULL DEFAULT '0' COMMENT '0: pending, 1: available',
  `done_at` timestamp NULL DEFAULT NULL,
  `ref_id` int(10) unsigned DEFAULT NULL COMMENT 'transactions.id',
  `created_at` timestamp NOT NULL DEFAULT '0000-00-00 00:00:00',
  `updated_at` timestamp NOT NULL DEFAULT '0000-00-00 00:00:00',
  PRIMARY KEY (`id`)
) ENGINE=InnoDB AUTO_INCREMENT=128 DEFAULT CHARSET=utf8 COLLATE=utf8_unicode_ci;

/*Data for the table `transactions` */

insert  into `transactions`(`id`,`type`,`for`,`user_id`,`contract_id`,`hourly_from`,`hourly_to`,`hourly_mins`,`note`,`amount`,`status`,`done_at`,`ref_id`,`created_at`,`updated_at`) values (1,2,1,7,4,'2016-03-21','2016-03-27',6000,'','-2556.00',1,'2016-03-28 11:42:39',2,'2016-03-28 11:42:39','2016-03-29 11:42:39'),(2,2,2,5,4,'2016-03-21','2016-03-27',6000,'','2300.40',1,'2016-03-30 15:22:49',1,'2016-03-29 11:48:38','2016-03-30 15:22:49'),(3,2,3,1,4,'2016-03-21','2016-03-27',6000,'','255.60',1,'2016-03-30 15:23:19',1,'2016-03-29 12:02:47','2016-03-30 15:23:19'),(4,3,1,7,4,NULL,NULL,0,'Your bonus','-100.00',1,'2016-03-29 15:54:05',5,'2016-03-29 15:54:05','2016-03-29 15:54:05'),(5,3,2,5,4,NULL,NULL,0,'Your bonus','90.00',1,'2016-03-29 15:54:30',4,'2016-03-29 15:54:30','2016-03-29 15:54:30'),(6,3,3,1,4,NULL,NULL,0,'Your bonus','10.00',1,'2016-03-29 15:54:59',4,'2016-03-29 15:54:59','2016-03-29 15:54:59'),(7,4,1,7,0,NULL,NULL,0,'','8000.00',1,'2016-03-03 01:05:33',0,'2016-03-01 01:02:35','0000-00-00 00:00:00'),(8,1,1,7,4,NULL,NULL,0,'test by paulz','-100.00',1,'2016-03-30 15:28:27',9,'2016-03-30 09:14:27','2016-03-30 15:28:27'),(9,1,2,5,4,NULL,NULL,0,'test by paulz','90.00',1,'2016-03-30 15:28:27',8,'2016-03-30 09:14:27','2016-03-30 15:28:27'),(10,1,3,1,4,NULL,NULL,0,'test by paulz','10.00',1,'2016-03-30 15:28:27',8,'2016-03-30 09:14:27','2016-03-30 15:28:27'),(11,1,1,7,7,NULL,NULL,0,'test by paulz','-60.38',1,'2016-03-30 15:22:49',12,'2016-03-30 09:15:20','2016-03-30 15:22:49'),(12,1,2,5,2,NULL,NULL,0,'test by paulz','54.00',1,'2016-03-30 15:22:49',11,'2016-03-30 09:15:20','2016-03-30 15:22:49'),(13,1,3,1,2,NULL,NULL,0,'test by paulz','6.38',1,'2016-03-30 15:23:19',11,'2016-03-30 09:15:20','2016-03-30 15:23:19'),(14,1,1,7,7,NULL,NULL,0,'Thanks, guy!','-80.00',1,'2016-03-30 15:22:49',15,'2016-03-30 11:05:24','2016-03-30 15:22:49'),(15,1,2,3,5,NULL,NULL,0,'Thanks, guy!','72.00',1,'2016-03-30 15:22:49',14,'2016-03-30 11:05:24','2016-03-30 15:22:49'),(16,1,3,1,5,NULL,NULL,0,'Thanks, guy!','8.00',1,'2016-03-30 15:23:19',14,'2016-03-30 11:05:24','2016-03-30 15:23:19'),(17,1,1,7,7,NULL,NULL,0,'Thanks, guy!','-80.00',1,'2016-03-30 15:22:50',18,'2016-03-30 11:06:36','2016-03-30 15:22:50'),(18,1,2,3,5,NULL,NULL,0,'Thanks, guy!','72.00',1,'2016-03-30 15:22:50',17,'2016-03-30 11:06:36','2016-03-30 15:22:50'),(19,1,3,1,5,NULL,NULL,0,'Thanks, guy!','8.00',1,'2016-03-30 15:23:19',17,'2016-03-30 11:06:36','2016-03-30 15:23:19'),(20,3,1,7,7,NULL,NULL,0,'This is bonus.','-80.00',1,'2016-03-30 15:22:50',21,'2016-03-30 11:06:55','2016-03-30 15:22:50'),(21,3,2,3,5,NULL,NULL,0,'This is bonus.','72.00',1,'2016-03-30 15:22:50',20,'2016-03-30 11:06:55','2016-03-30 15:22:50'),(22,3,3,1,5,NULL,NULL,0,'This is bonus.','8.00',1,'2016-03-30 15:23:19',20,'2016-03-30 11:06:55','2016-03-30 15:23:19'),(23,2,1,7,5,'2016-03-21','2016-03-27',320,'This is bonus.','-80.00',1,'2016-03-30 15:22:50',24,'2016-03-30 11:07:42','2016-03-30 15:22:50'),(24,2,2,3,5,'2016-03-21','2016-03-27',320,'This is bonus.','72.00',1,'2016-03-30 15:22:50',23,'2016-03-30 11:07:42','2016-03-30 15:22:50'),(25,2,3,1,5,'2016-03-21','2016-03-27',320,'This is bonus.','8.00',1,'2016-03-30 15:23:19',23,'2016-03-30 11:07:42','2016-03-30 15:23:19'),(27,4,1,7,0,NULL,NULL,0,'','110.00',1,'2016-04-01 11:26:43',NULL,'2016-03-30 14:00:19','2016-03-30 14:00:19'),(28,4,1,9,0,NULL,NULL,0,'','300.00',1,NULL,NULL,'2016-03-30 14:24:55','2016-03-30 14:24:55'),(29,5,1,9,0,NULL,NULL,0,'','-100.00',1,NULL,NULL,'2016-03-30 14:25:17','2016-03-30 14:25:17'),(30,5,3,1,0,NULL,NULL,0,'','1.00',1,NULL,NULL,'2016-03-30 14:25:17','2016-03-30 14:25:17'),(31,5,1,9,0,NULL,NULL,0,'','-100.00',1,NULL,NULL,'2016-03-30 14:26:35','2016-03-30 14:26:35'),(32,5,3,1,0,NULL,NULL,0,'','1.00',1,NULL,NULL,'2016-03-30 14:26:35','2016-03-30 14:26:35'),(42,6,1,7,5,NULL,NULL,0,'Over-tracked hourly time.','11.12',1,'2016-03-30 15:22:50',43,'2016-03-30 14:33:56','2016-03-30 15:22:50'),(43,6,2,3,5,NULL,NULL,0,'Over-tracked hourly time.','-10.00',1,'2016-03-30 15:22:50',42,'2016-03-30 14:33:56','2016-03-30 15:22:50'),(44,6,3,1,5,NULL,NULL,0,'Over-tracked hourly time.','-1.12',1,'2016-03-30 15:23:19',42,'2016-03-30 14:33:56','2016-03-30 15:23:19'),(47,4,1,7,0,NULL,NULL,0,'','1000.00',1,'2016-04-02 09:11:19',NULL,'2016-04-02 09:11:19','2016-04-02 09:11:19'),(48,1,1,7,6,NULL,NULL,0,'','-200.00',1,'2016-04-03 03:42:13',49,'2016-04-03 03:34:22','2016-04-03 03:42:13'),(49,1,2,3,6,NULL,NULL,0,'','180.00',1,'2016-04-03 03:42:13',48,'2016-04-03 03:34:23','2016-04-03 03:42:13'),(50,1,3,1,6,NULL,NULL,0,'','20.00',1,'2016-04-03 03:42:13',48,'2016-04-03 03:34:23','2016-04-03 03:42:13'),(51,1,1,7,7,NULL,NULL,0,'','-150.00',0,NULL,52,'2016-04-03 07:58:51','2016-04-03 07:58:51'),(52,1,2,5,7,NULL,NULL,0,'','135.00',0,NULL,51,'2016-04-03 07:58:51','2016-04-03 07:58:51'),(53,1,3,1,7,NULL,NULL,0,'','15.00',0,NULL,51,'2016-04-03 07:58:51','2016-04-03 07:58:51'),(54,3,1,7,7,NULL,NULL,0,'','-50.00',0,NULL,55,'2016-04-03 07:59:15','2016-04-03 07:59:15'),(55,3,2,5,7,NULL,NULL,0,'','45.00',0,NULL,54,'2016-04-03 07:59:15','2016-04-03 07:59:15'),(56,3,3,1,7,NULL,NULL,0,'','5.00',0,NULL,54,'2016-04-03 07:59:15','2016-04-03 07:59:15'),(57,1,1,7,7,NULL,NULL,0,'This is last payment on this task.','-250.00',0,NULL,58,'2016-04-03 08:14:44','2016-04-03 08:14:45'),(58,1,2,5,7,NULL,NULL,0,'This is last payment on this task.','225.00',0,NULL,57,'2016-04-03 08:14:45','2016-04-03 08:14:45'),(59,1,3,1,7,NULL,NULL,0,'This is last payment on this task.','25.00',0,NULL,57,'2016-04-03 08:14:45','2016-04-03 08:14:45'),(60,3,1,7,5,NULL,NULL,0,'Bonus for you.','-30.00',0,NULL,61,'2016-04-03 09:23:47','2016-04-03 09:23:47'),(61,3,2,3,5,NULL,NULL,0,'Bonus for you.','27.00',0,NULL,60,'2016-04-03 09:23:47','2016-04-03 09:23:47'),(62,3,3,1,5,NULL,NULL,0,'Bonus for you.','3.00',0,NULL,60,'2016-04-03 09:23:47','2016-04-03 09:23:47'),(63,2,2,2,4,'2016-03-21','2016-03-27',240,'','92.00',0,NULL,NULL,'2016-04-03 09:23:47','2016-04-03 09:23:47'),(64,5,2,2,0,NULL,NULL,0,'','-20.00',1,'2016-04-06 18:38:45',NULL,'2016-04-06 18:38:45','2016-04-06 18:38:45'),(65,5,3,1,0,NULL,NULL,0,'','1.00',1,'2016-04-06 18:38:45',NULL,'2016-04-06 18:38:45','2016-04-06 18:38:45'),(66,5,2,2,0,NULL,NULL,0,'','-15.00',1,'2016-04-07 18:19:39',NULL,'2016-04-07 18:19:39','2016-04-07 18:19:39'),(67,5,3,1,0,NULL,NULL,0,'','1.00',1,'2016-04-07 18:19:39',NULL,'2016-04-07 18:19:39','2016-04-07 18:19:39'),(68,5,2,2,0,NULL,NULL,0,'','-10.22',1,'2016-04-08 18:13:07',NULL,'2016-04-08 18:13:07','2016-04-08 18:13:07'),(69,5,3,1,0,NULL,NULL,0,'','1.00',1,'2016-04-08 18:13:07',NULL,'2016-04-08 18:13:07','2016-04-08 18:13:07'),(70,3,1,7,4,NULL,NULL,0,'잘살라','-150.00',0,NULL,71,'2016-04-08 07:44:51','2016-04-08 07:44:51'),(71,3,2,2,4,NULL,NULL,0,'잘살라','135.00',0,NULL,70,'2016-04-08 07:44:51','2016-04-08 07:44:51'),(72,3,3,1,4,NULL,NULL,0,'잘살라','15.00',0,NULL,70,'2016-04-08 07:44:51','2016-04-08 07:44:51'),(73,3,1,7,4,NULL,NULL,0,'잘살라','-150.00',0,NULL,74,'2016-04-08 07:46:18','2016-04-08 07:46:18'),(74,3,2,2,4,NULL,NULL,0,'잘살라','135.00',0,NULL,73,'2016-04-08 07:46:18','2016-04-08 07:46:18'),(75,3,3,1,4,NULL,NULL,0,'잘살라','15.00',0,NULL,73,'2016-04-08 07:46:18','2016-04-08 07:46:18'),(76,6,1,7,4,NULL,NULL,0,'','0.12',0,NULL,77,'2016-04-08 22:52:25','2016-04-08 22:52:25'),(77,6,2,2,4,NULL,NULL,0,'','-0.10',0,NULL,76,'2016-04-08 22:52:25','2016-04-08 22:52:25'),(78,6,3,1,4,NULL,NULL,0,'','-0.02',0,NULL,76,'2016-04-08 22:52:25','2016-04-08 22:52:25'),(79,6,1,7,4,NULL,NULL,0,'','0.12',0,NULL,80,'2016-04-08 22:55:55','2016-04-08 22:55:55'),(80,6,2,2,4,NULL,NULL,0,'','-0.10',0,NULL,79,'2016-04-08 22:55:55','2016-04-08 22:55:55'),(81,6,3,1,4,NULL,NULL,0,'','-0.02',0,NULL,79,'2016-04-08 22:55:55','2016-04-08 22:55:55'),(82,6,1,7,4,NULL,NULL,0,'REF','0.56',0,NULL,83,'2016-04-08 22:56:44','2016-04-08 22:56:44'),(83,6,2,2,4,NULL,NULL,0,'REF','-0.50',0,NULL,82,'2016-04-08 22:56:44','2016-04-08 22:56:44'),(84,6,3,1,4,NULL,NULL,0,'REF','-0.06',0,NULL,82,'2016-04-08 22:56:44','2016-04-08 22:56:44'),(85,3,1,7,4,NULL,NULL,0,'test','-11.11',0,NULL,86,'2016-04-08 07:55:50','2016-04-08 07:55:50'),(86,3,2,2,4,NULL,NULL,0,'test','9.99',0,NULL,85,'2016-04-08 07:55:50','2016-04-08 07:55:50'),(87,3,3,1,4,NULL,NULL,0,'test','1.12',0,NULL,85,'2016-04-08 07:55:50','2016-04-08 07:55:50'),(88,6,1,7,4,NULL,NULL,0,'','33.62',0,NULL,89,'2016-04-08 22:57:52','2016-04-08 22:57:52'),(89,6,2,2,4,NULL,NULL,0,'','-30.25',0,NULL,88,'2016-04-08 22:57:52','2016-04-08 22:57:52'),(90,6,3,1,4,NULL,NULL,0,'','-3.37',0,NULL,88,'2016-04-08 22:57:52','2016-04-08 22:57:52'),(91,6,1,7,4,NULL,NULL,0,'','111.34',0,NULL,92,'2016-04-08 23:01:41','2016-04-08 23:01:41'),(92,6,2,2,4,NULL,NULL,0,'','-100.20',0,NULL,91,'2016-04-08 23:01:41','2016-04-08 23:01:41'),(93,6,3,1,4,NULL,NULL,0,'','-11.14',0,NULL,91,'2016-04-08 23:01:41','2016-04-08 23:01:41'),(94,3,1,7,4,NULL,NULL,0,'','-800.00',0,NULL,95,'2016-04-08 08:02:33','2016-04-08 08:02:33'),(95,3,2,2,4,NULL,NULL,0,'','720.00',0,NULL,94,'2016-04-08 08:02:33','2016-04-08 08:02:33'),(96,3,3,1,4,NULL,NULL,0,'','80.00',0,NULL,94,'2016-04-08 08:02:33','2016-04-08 08:02:33'),(97,5,2,2,0,NULL,NULL,0,'','-10.22',1,'2016-04-22 17:53:57',NULL,'2016-04-22 17:53:57','2016-04-22 17:53:57'),(98,5,3,1,0,NULL,NULL,0,'','1.00',1,'2016-04-22 17:53:58',NULL,'2016-04-22 17:53:58','2016-04-22 17:53:58'),(99,5,2,2,0,NULL,NULL,0,'','-10.66',1,'2016-04-22 17:56:49',NULL,'2016-04-22 17:56:49','2016-04-22 17:56:49'),(100,5,3,1,0,NULL,NULL,0,'','1.00',1,'2016-04-22 17:56:50',NULL,'2016-04-22 17:56:50','2016-04-22 17:56:50'),(101,3,1,7,4,NULL,NULL,0,'This is for completing task','-10.00',0,NULL,102,'2016-04-23 08:34:09','2016-04-23 08:34:09'),(102,3,2,2,4,NULL,NULL,0,'This is for completing task','9.00',0,NULL,101,'2016-04-23 08:34:09','2016-04-23 08:34:09'),(103,3,3,1,4,NULL,NULL,0,'This is for completing task','1.00',0,NULL,101,'2016-04-23 08:34:09','2016-04-23 08:34:09'),(104,3,1,7,4,NULL,NULL,0,'This is for completing task','-10.00',0,NULL,105,'2016-04-23 08:35:49','2016-04-23 08:35:49'),(105,3,2,2,4,NULL,NULL,0,'This is for completing task','9.00',0,NULL,104,'2016-04-23 08:35:49','2016-04-23 08:35:49'),(106,3,3,1,4,NULL,NULL,0,'This is for completing task','1.00',0,NULL,104,'2016-04-23 08:35:49','2016-04-23 08:35:49'),(107,3,1,7,4,NULL,NULL,0,'another bonus','-10.00',0,NULL,108,'2016-04-23 08:36:29','2016-04-23 08:36:29'),(108,3,2,2,4,NULL,NULL,0,'another bonus','9.00',0,NULL,107,'2016-04-23 08:36:29','2016-04-23 08:36:29'),(109,3,3,1,4,NULL,NULL,0,'another bonus','1.00',0,NULL,107,'2016-04-23 08:36:29','2016-04-23 08:36:29'),(110,3,1,7,4,NULL,NULL,0,'another bonus','-10.00',0,NULL,111,'2016-04-23 08:37:16','2016-04-23 08:37:17'),(111,3,2,2,4,NULL,NULL,0,'another bonus','9.00',0,NULL,110,'2016-04-23 08:37:16','2016-04-23 08:37:16'),(112,3,3,1,4,NULL,NULL,0,'another bonus','1.00',0,NULL,110,'2016-04-23 08:37:17','2016-04-23 08:37:17'),(113,3,1,7,4,NULL,NULL,0,'Testing by paulz','-200.00',0,NULL,114,'2016-04-23 10:11:26','2016-04-23 10:11:26'),(114,3,2,2,4,NULL,NULL,0,'Testing by paulz','180.00',0,NULL,113,'2016-04-23 10:11:26','2016-04-23 10:11:26'),(115,3,3,1,4,NULL,NULL,0,'Testing by paulz','20.00',0,NULL,113,'2016-04-23 10:11:26','2016-04-23 10:11:26'),(116,3,1,7,5,NULL,NULL,0,'wahaha','-2999.99',0,NULL,117,'2016-04-23 10:28:09','2016-04-23 10:28:10'),(117,3,2,3,5,NULL,NULL,0,'wahaha','2699.99',0,NULL,116,'2016-04-23 10:28:09','2016-04-23 10:28:09'),(118,3,3,1,5,NULL,NULL,0,'wahaha','300.00',0,NULL,116,'2016-04-23 10:28:10','2016-04-23 10:28:10'),(119,3,1,7,5,NULL,NULL,0,'another','-250.00',0,NULL,120,'2016-04-23 10:31:57','2016-04-23 10:31:57'),(120,3,2,3,5,NULL,NULL,0,'another','225.00',0,NULL,119,'2016-04-23 10:31:57','2016-04-23 10:31:57'),(121,3,3,1,5,NULL,NULL,0,'another','25.00',0,NULL,119,'2016-04-23 10:31:57','2016-04-23 10:31:57'),(122,3,1,9,11,NULL,NULL,0,'testing','-99.00',0,NULL,123,'2016-05-21 07:08:37','2016-05-21 07:08:37'),(123,3,2,2,11,NULL,NULL,0,'testing','89.10',0,NULL,122,'2016-05-21 07:08:37','2016-05-21 07:08:37'),(124,3,3,1,11,NULL,NULL,0,'testing','9.90',0,NULL,122,'2016-05-21 07:08:37','2016-05-21 07:08:37'),(125,3,1,9,11,NULL,NULL,0,'我送你一点奖金。','-199.00',0,NULL,126,'2016-05-21 07:15:22','2016-05-21 07:15:22'),(126,3,2,2,11,NULL,NULL,0,'我送你一点奖金。','179.10',0,NULL,125,'2016-05-21 07:15:22','2016-05-21 07:15:22'),(127,3,3,1,11,NULL,NULL,0,'我送你一点奖金。','19.90',0,NULL,125,'2016-05-21 07:15:22','2016-05-21 07:15:22');

/*Table structure for table `user_analytics` */

DROP TABLE IF EXISTS `user_analytics`;

CREATE TABLE `user_analytics` (
  `id` int(10) unsigned NOT NULL AUTO_INCREMENT,
  `user_id` int(10) unsigned NOT NULL,
  `login_ipv4` varchar(16) COLLATE utf8_unicode_ci DEFAULT NULL,
  `logged_at` timestamp NULL DEFAULT NULL,
  PRIMARY KEY (`id`)
) ENGINE=InnoDB AUTO_INCREMENT=1205 DEFAULT CHARSET=utf8 COLLATE=utf8_unicode_ci;

/*Data for the table `user_analytics` */

insert  into `user_analytics`(`id`,`user_id`,`login_ipv4`,`logged_at`) values (1,2,'127.0.0.1','2016-03-28 09:39:21'),(2,1,'127.0.0.1','2016-03-28 10:08:46'),(3,1,'127.0.0.1','2016-03-29 02:24:43'),(4,7,'127.0.0.1','2016-03-29 02:29:32'),(5,7,'127.0.0.1','2016-03-29 19:22:22'),(6,1,'127.0.0.1','2016-03-29 06:43:32'),(7,2,'127.0.0.1','2016-03-29 21:46:52'),(8,7,'127.0.0.1','2016-03-30 01:52:38'),(9,2,'127.0.0.1','2016-03-30 03:16:33'),(10,7,'127.0.0.1','2016-03-30 03:40:18'),(11,1,'127.0.0.1','2016-03-30 03:46:22'),(12,7,'127.0.0.1','2016-03-30 03:48:26'),(13,4,'127.0.0.1','2016-03-30 03:48:57'),(14,1,'127.0.0.1','2016-03-30 03:51:01'),(15,7,'127.0.0.1','2016-03-30 04:30:19'),(16,1,'127.0.0.1','2016-03-30 06:40:32'),(17,1,'127.0.0.1','2016-03-30 10:21:54'),(18,4,'127.0.0.1','2016-03-30 10:44:23'),(19,6,'127.0.0.1','2016-03-30 10:44:45'),(20,7,'127.0.0.1','2016-03-30 12:08:11'),(21,1,'127.0.0.1','2016-03-30 13:55:50'),(22,9,'127.0.0.1','2016-03-30 14:08:35'),(23,9,'127.0.0.1','2016-03-30 14:08:45'),(24,9,'127.0.0.1','2016-03-30 14:08:55'),(25,9,'127.0.0.1','2016-03-30 14:09:31'),(26,1,'127.0.0.1','2016-03-30 14:09:38'),(27,9,'127.0.0.1','2016-03-30 14:09:59'),(28,9,'127.0.0.1','2016-03-30 14:21:26'),(29,9,'127.0.0.1','2016-03-30 14:22:50'),(30,1,'127.0.0.1','2016-03-30 14:24:50'),(31,2,'127.0.0.1','2016-03-30 15:51:42'),(32,7,'127.0.0.1','2016-03-31 01:51:54'),(33,1,'127.0.0.1','2016-03-31 02:16:56'),(34,7,'127.0.0.1','2016-03-31 02:19:06'),(35,2,'127.0.0.1','2016-03-31 02:19:18'),(36,1,'127.0.0.1','2016-03-31 02:25:04'),(37,2,'127.0.0.1','2016-03-31 17:32:05'),(38,6,'127.0.0.1','2016-03-31 02:40:28'),(39,1,'127.0.0.1','2016-03-31 02:44:02'),(40,1,'127.0.0.1','2016-03-31 02:57:37'),(41,6,'127.0.0.1','2016-03-31 02:57:58'),(42,7,'127.0.0.1','2016-03-31 02:58:17'),(43,2,'127.0.0.1','2016-03-31 03:02:14'),(44,1,'127.0.0.1','2016-03-31 02:59:17'),(45,5,'127.0.0.1','2016-03-31 03:04:00'),(46,7,'127.0.0.1','2016-03-31 03:15:12'),(47,2,'127.0.0.1','2016-03-31 03:15:37'),(48,1,'127.0.0.1','2016-03-31 03:34:11'),(49,3,'100.100.4.99','2016-03-31 03:51:28'),(50,3,'100.100.4.99','2016-03-31 03:51:38'),(51,3,'100.100.4.99','2016-03-31 03:52:07'),(52,3,'100.100.4.99','2016-03-31 03:52:17'),(53,3,'100.100.4.99','2016-03-31 03:52:52'),(54,1,'100.100.5.19','2016-03-31 03:53:50'),(55,3,'100.100.4.99','2016-03-31 03:54:09'),(56,3,'100.100.4.99','2016-03-31 03:54:39'),(57,3,'100.100.4.99','2016-03-31 03:54:46'),(58,3,'127.0.0.1','2016-03-31 03:59:31'),(59,3,'127.0.0.1','2016-03-31 04:02:05'),(60,3,'127.0.0.1','2016-03-31 04:03:05'),(61,3,'100.100.4.99','2016-03-31 04:05:49'),(62,3,'100.100.4.99','2016-03-31 04:06:10'),(63,5,'127.0.0.1','2016-03-31 04:11:56'),(64,2,'127.0.0.1','2016-03-31 04:13:44'),(65,3,'100.100.4.99','2016-03-31 04:15:36'),(66,3,'100.100.4.99','2016-03-31 04:15:41'),(67,1,'127.0.0.1','2016-03-31 04:33:20'),(68,3,'100.100.4.99','2016-03-31 04:35:52'),(69,7,'127.0.0.1','2016-03-31 04:37:24'),(70,2,'127.0.0.1','2016-03-31 04:37:37'),(71,7,'127.0.0.1','2016-03-31 04:42:00'),(72,8,'100.100.7.29','2016-03-31 04:58:02'),(73,9,'127.0.0.1','2016-03-31 06:52:02'),(74,2,'127.0.0.1','2016-03-31 22:13:15'),(75,5,'127.0.0.1','2016-03-31 07:18:28'),(76,2,'127.0.0.1','2016-03-31 07:22:39'),(77,7,'127.0.0.1','2016-03-31 22:28:45'),(78,5,'127.0.0.1','2016-03-31 22:56:46'),(79,7,'127.0.0.1','2016-03-31 23:07:51'),(80,5,'127.0.0.1','2016-03-31 23:11:54'),(81,7,'127.0.0.1','2016-03-31 23:13:00'),(82,5,'127.0.0.1','2016-03-31 23:16:44'),(83,7,'127.0.0.1','2016-03-31 23:17:23'),(84,1,'127.0.0.1','2016-03-31 23:41:19'),(85,2,'127.0.0.1','2016-04-01 01:12:03'),(86,9,'127.0.0.1','2016-03-31 10:14:36'),(87,7,'127.0.0.1','2016-04-01 01:26:24'),(88,7,'127.0.0.1','2016-04-01 01:36:31'),(89,5,'127.0.0.1','2016-03-31 11:28:13'),(90,2,'127.0.0.1','2016-03-31 11:28:33'),(91,3,'100.100.4.99','2016-04-01 01:41:12'),(92,3,'100.100.4.99','2016-04-01 02:01:16'),(93,7,'127.0.0.1','2016-04-01 02:01:38'),(94,3,'100.100.4.99','2016-04-01 02:02:11'),(95,2,'127.0.0.1','2016-04-01 17:05:12'),(96,3,'100.100.4.99','2016-04-01 02:04:10'),(97,3,'100.100.4.99','2016-04-01 02:05:16'),(98,3,'100.100.4.99','2016-04-01 02:06:34'),(99,3,'100.100.4.99','2016-04-01 02:07:33'),(100,9,'127.0.0.1','2016-04-01 02:08:19'),(101,7,'127.0.0.1','2016-04-01 17:09:44'),(102,5,'127.0.0.1','2016-04-01 03:07:51'),(103,7,'127.0.0.1','2016-04-01 03:09:12'),(104,7,'127.0.0.1','2016-04-01 03:09:22'),(105,7,'127.0.0.1','2016-04-01 03:24:07'),(106,7,'127.0.0.1','2016-04-01 03:31:11'),(107,3,'100.100.4.99','2016-04-01 03:36:13'),(108,3,'100.100.4.99','2016-04-01 03:36:34'),(109,3,'100.100.4.99','2016-04-01 03:38:38'),(110,3,'100.100.4.99','2016-04-01 03:53:58'),(111,3,'100.100.4.99','2016-04-01 03:54:03'),(112,3,'100.100.4.99','2016-04-01 04:27:43'),(113,2,'127.0.0.1','2016-04-01 04:31:33'),(114,7,'127.0.0.1','2016-04-01 04:31:46'),(115,3,'100.100.4.99','2016-04-01 04:38:10'),(116,7,'127.0.0.1','2016-04-01 04:44:53'),(117,1,'127.0.0.1','2016-04-01 04:45:45'),(118,3,'100.100.4.99','2016-04-01 04:54:13'),(119,3,'100.100.4.99','2016-04-01 04:54:32'),(120,3,'100.100.4.99','2016-04-01 04:55:06'),(121,3,'100.100.4.99','2016-04-01 04:56:07'),(122,3,'100.100.4.99','2016-04-01 04:56:13'),(123,2,'127.0.0.1','2016-04-01 21:39:32'),(124,7,'127.0.0.1','2016-04-01 06:59:24'),(125,3,'100.100.4.99','2016-04-01 07:26:37'),(126,3,'100.100.4.99','2016-04-01 07:27:57'),(127,3,'100.100.4.99','2016-04-01 07:31:14'),(128,3,'100.100.4.99','2016-04-01 07:35:05'),(129,2,'127.0.0.1','2016-04-01 07:47:31'),(130,3,'100.100.4.99','2016-04-01 07:54:33'),(131,3,'100.100.4.99','2016-04-01 07:54:40'),(132,3,'100.100.4.99','2016-04-01 07:54:46'),(133,3,'100.100.4.99','2016-04-01 07:55:29'),(134,3,'100.100.4.99','2016-04-01 07:55:52'),(135,3,'100.100.4.99','2016-04-01 07:56:08'),(136,5,'127.0.0.1','2016-04-01 08:44:11'),(137,2,'127.0.0.1','2016-04-01 09:21:01'),(138,1,'127.0.0.1','2016-04-01 09:22:01'),(139,5,'127.0.0.1','2016-04-02 00:41:19'),(140,8,'100.100.7.29','2016-04-01 10:45:55'),(141,1,'127.0.0.1','2016-04-02 06:23:31'),(142,7,'127.0.0.1','2016-04-02 06:39:19'),(143,5,'127.0.0.1','2016-04-02 21:50:55'),(144,2,'127.0.0.1','2016-04-02 22:04:45'),(145,3,'100.100.4.99','2016-04-02 07:07:09'),(146,7,'127.0.0.1','2016-04-02 07:17:34'),(147,7,'127.0.0.1','2016-04-02 07:19:14'),(148,7,'127.0.0.1','2016-04-02 07:25:44'),(149,3,'100.100.4.99','2016-04-02 07:39:40'),(150,3,'100.100.4.99','2016-04-02 07:44:12'),(151,3,'100.100.4.99','2016-04-02 07:47:36'),(152,8,'100.100.7.29','2016-04-02 08:28:24'),(153,3,'100.100.4.99','2016-04-02 08:31:17'),(154,5,'127.0.0.1','2016-04-02 08:37:32'),(155,3,'100.100.4.99','2016-04-02 08:39:35'),(156,7,'127.0.0.1','2016-04-02 08:48:04'),(157,1,'127.0.0.1','2016-04-02 09:22:50'),(158,5,'127.0.0.1','2016-04-03 00:26:43'),(159,7,'127.0.0.1','2016-04-02 09:41:37'),(160,3,'100.100.4.99','2016-04-02 09:49:55'),(161,3,'100.100.4.99','2016-04-02 09:50:36'),(162,3,'100.100.4.99','2016-04-02 09:53:37'),(163,7,'127.0.0.1','2016-04-02 09:57:38'),(164,1,'127.0.0.1','2016-04-02 10:03:15'),(165,7,'127.0.0.1','2016-04-02 10:04:36'),(166,7,'127.0.0.1','2016-04-03 01:41:35'),(167,5,'127.0.0.1','2016-04-03 17:09:08'),(168,7,'127.0.0.1','2016-04-03 17:09:17'),(169,5,'127.0.0.1','2016-04-03 17:14:55'),(170,7,'127.0.0.1','2016-04-03 17:17:16'),(171,7,'127.0.0.1','2016-04-03 02:34:15'),(172,1,'127.0.0.1','2016-04-03 02:56:22'),(173,8,'100.100.7.29','2016-04-03 03:19:51'),(174,7,'127.0.0.1','2016-04-03 18:40:55'),(175,5,'127.0.0.1','2016-04-03 18:42:09'),(176,7,'127.0.0.1','2016-04-03 03:44:35'),(177,7,'127.0.0.1','2016-04-03 18:59:38'),(178,9,'127.0.0.1','2016-04-03 04:45:51'),(179,3,'127.0.0.1','2016-04-03 04:47:52'),(180,1,'127.0.0.1','2016-04-03 06:41:44'),(181,7,'127.0.0.1','2016-04-03 06:41:55'),(182,7,'127.0.0.1','2016-04-03 21:59:32'),(183,5,'127.0.0.1','2016-04-03 22:01:20'),(184,7,'127.0.0.1','2016-04-03 22:05:12'),(185,2,'127.0.0.1','2016-04-03 22:13:34'),(186,2,'127.0.0.1','2016-04-03 07:18:49'),(187,9,'127.0.0.1','2016-04-03 07:19:01'),(188,7,'127.0.0.1','2016-04-03 07:28:20'),(189,13,'127.0.0.1','2016-04-03 07:45:44'),(190,13,'127.0.0.1','2016-04-03 07:46:11'),(191,15,'127.0.0.1','2016-04-03 07:58:02'),(192,7,'127.0.0.1','2016-04-03 07:57:59'),(193,16,'127.0.0.1','2016-04-03 08:04:10'),(194,7,'127.0.0.1','2016-04-03 08:07:09'),(195,7,'127.0.0.1','2016-04-03 08:10:56'),(196,1,'127.0.0.1','2016-04-03 09:05:38'),(197,7,'127.0.0.1','2016-04-03 09:12:40'),(198,1,'127.0.0.1','2016-04-03 09:15:35'),(199,5,'127.0.0.1','2016-04-03 09:29:20'),(200,2,'127.0.0.1','2016-04-03 09:36:56'),(201,1,'127.0.0.1','2016-04-03 09:42:03'),(202,5,'127.0.0.1','2016-04-03 09:40:07'),(203,2,'127.0.0.1','2016-04-03 09:43:37'),(204,7,'127.0.0.1','2016-04-03 09:51:18'),(205,6,'127.0.0.1','2016-04-03 10:03:19'),(206,16,'127.0.0.1','2016-04-03 10:22:23'),(207,5,'127.0.0.1','2016-04-03 10:23:40'),(208,6,'127.0.0.1','2016-04-04 02:02:31'),(209,1,'127.0.0.1','2016-04-04 02:32:52'),(210,7,'127.0.0.1','2016-04-04 02:33:20'),(211,7,'127.0.0.1','2016-04-04 02:35:43'),(212,9,'127.0.0.1','2016-04-04 07:14:14'),(213,2,'127.0.0.1','2016-04-04 23:01:26'),(214,1,'127.0.0.1','2016-04-04 08:10:44'),(215,1,'127.0.0.1','2016-04-04 08:13:23'),(216,7,'127.0.0.1','2016-04-04 23:14:53'),(217,2,'127.0.0.1','2016-04-04 08:41:11'),(218,9,'127.0.0.1','2016-04-04 08:47:47'),(219,1,'127.0.0.1','2016-04-04 08:52:35'),(220,2,'127.0.0.1','2016-04-05 00:15:06'),(221,2,'127.0.0.1','2016-04-04 09:28:02'),(222,9,'127.0.0.1','2016-04-04 09:29:33'),(223,2,'127.0.0.1','2016-04-05 17:16:43'),(224,2,'127.0.0.1','2016-04-05 17:34:53'),(225,2,'127.0.0.1','2016-04-05 17:40:22'),(226,1,'127.0.0.1','2016-04-05 02:48:08'),(227,7,'127.0.0.1','2016-04-05 02:59:19'),(228,7,'127.0.0.1','2016-04-05 03:48:35'),(229,1,'127.0.0.1','2016-04-05 03:51:15'),(230,7,'127.0.0.1','2016-04-05 18:49:45'),(231,1,'127.0.0.1','2016-04-05 18:49:58'),(232,7,'127.0.0.1','2016-04-05 18:52:58'),(233,2,'127.0.0.1','2016-04-05 18:53:10'),(234,7,'127.0.0.1','2016-04-05 04:06:01'),(235,1,'100.100.7.29','2016-04-05 04:57:58'),(236,1,'100.100.7.29','2016-04-05 04:57:59'),(237,1,'100.100.7.29','2016-04-05 05:04:59'),(238,7,'127.0.0.1','2016-04-05 06:13:06'),(239,2,'127.0.0.1','2016-04-05 21:41:10'),(240,2,'127.0.0.1','2016-04-05 22:06:47'),(241,7,'127.0.0.1','2016-04-05 22:07:34'),(242,2,'100.100.7.3','2016-04-05 07:44:46'),(243,3,'100.100.4.99','2016-04-05 08:01:12'),(244,2,'127.0.0.1','2016-04-05 23:00:04'),(245,2,'127.0.0.1','2016-04-05 23:06:45'),(246,7,'127.0.0.1','2016-04-05 23:06:53'),(247,2,'127.0.0.1','2016-04-05 23:07:07'),(248,2,'127.0.0.1','2016-04-05 23:23:11'),(249,7,'127.0.0.1','2016-04-05 23:23:18'),(250,3,'100.100.4.99','2016-04-05 09:01:50'),(251,7,'127.0.0.1','2016-04-06 00:07:34'),(252,7,'127.0.0.1','2016-04-05 09:29:32'),(253,7,'127.0.0.1','2016-04-05 09:34:26'),(254,7,'100.100.1.22','2016-04-06 00:30:41'),(255,7,'100.100.1.22','2016-04-05 09:40:25'),(256,7,'127.0.0.1','2016-04-05 09:39:27'),(257,7,'127.0.0.1','2016-04-05 09:42:50'),(258,2,'127.0.0.1','2016-04-06 00:47:10'),(259,7,'127.0.0.1','2016-04-06 01:07:55'),(260,3,'100.100.4.99','2016-04-05 10:21:50'),(261,7,'127.0.0.1','2016-04-05 10:22:03'),(262,5,'127.0.0.1','2016-04-06 01:23:24'),(263,7,'127.0.0.1','2016-04-06 01:47:18'),(264,3,'100.100.4.99','2016-04-05 10:53:37'),(265,7,'127.0.0.1','2016-04-06 01:51:14'),(266,2,'127.0.0.1','2016-04-06 01:51:54'),(267,7,'127.0.0.1','2016-04-06 01:52:17'),(268,7,'127.0.0.1','2016-04-06 01:59:07'),(269,2,'127.0.0.1','2016-04-06 17:56:38'),(270,7,'127.0.0.1','2016-04-06 17:53:06'),(271,7,'127.0.0.1','2016-04-06 02:55:42'),(272,5,'127.0.0.1','2016-04-06 17:53:37'),(273,7,'127.0.0.1','2016-04-06 03:05:45'),(274,7,'127.0.0.1','2016-04-06 18:20:21'),(275,7,'127.0.0.1','2016-04-06 18:21:23'),(276,7,'127.0.0.1','2016-04-06 03:27:45'),(277,7,'127.0.0.1','2016-04-06 03:27:45'),(278,2,'127.0.0.1','2016-04-06 03:28:03'),(279,7,'127.0.0.1','2016-04-06 18:31:30'),(280,7,'127.0.0.1','2016-04-06 18:31:35'),(281,7,'127.0.0.1','2016-04-06 04:42:09'),(282,1,'127.0.0.1','2016-04-06 04:42:18'),(283,8,'100.100.7.29','2016-04-06 06:47:46'),(284,7,'127.0.0.1','2016-04-06 22:27:05'),(285,7,'127.0.0.1','2016-04-06 22:27:41'),(286,7,'127.0.0.1','2016-04-06 07:31:00'),(287,5,'127.0.0.1','2016-04-06 22:33:21'),(288,2,'127.0.0.1','2016-04-06 22:45:27'),(289,7,'127.0.0.1','2016-04-06 07:43:57'),(290,1,'100.100.7.29','2016-04-06 07:47:35'),(291,2,'100.100.7.29','2016-04-06 07:48:00'),(292,1,'100.100.7.29','2016-04-06 07:48:17'),(293,2,'127.0.0.1','2016-04-06 07:50:18'),(294,7,'127.0.0.1','2016-04-06 08:12:19'),(295,2,'100.100.7.29','2016-04-06 08:59:36'),(296,7,'127.0.0.1','2016-04-07 00:19:29'),(297,1,'100.100.7.29','2016-04-06 09:45:50'),(298,2,'100.100.7.29','2016-04-06 09:46:01'),(299,3,'100.100.4.99','2016-04-06 10:54:32'),(300,1,'100.100.7.29','2016-04-06 11:08:54'),(301,1,'100.100.7.29','2016-04-07 02:10:37'),(302,2,'127.0.0.1','2016-04-07 18:08:01'),(303,1,'127.0.0.1','2016-04-07 03:56:10'),(304,7,'127.0.0.1','2016-04-07 03:53:34'),(305,17,'100.100.6.91','2016-04-07 04:15:35'),(306,2,'100.100.7.29','2016-04-07 04:22:51'),(307,1,'127.0.0.1','2016-04-07 04:30:17'),(308,7,'127.0.0.1','2016-04-07 04:30:30'),(309,7,'127.0.0.1','2016-04-07 19:38:25'),(310,5,'127.0.0.1','2016-04-07 19:39:28'),(311,7,'127.0.0.1','2016-04-07 06:58:47'),(312,7,'127.0.0.1','2016-04-07 07:09:41'),(313,1,'100.100.7.29','2016-04-07 07:36:16'),(314,2,'100.100.7.29','2016-04-07 07:41:57'),(315,7,'127.0.0.1','2016-04-07 07:51:56'),(316,5,'127.0.0.1','2016-04-07 23:01:05'),(317,1,'100.100.5.19','2016-04-07 08:37:02'),(318,1,'100.100.5.35','2016-04-07 08:43:59'),(319,3,'100.100.4.99','2016-04-07 09:09:55'),(320,3,'100.100.4.99','2016-04-07 09:11:36'),(321,3,'100.100.4.99','2016-04-07 09:22:50'),(322,5,'127.0.0.1','2016-04-08 00:57:29'),(323,7,'127.0.0.1','2016-04-07 10:37:37'),(324,1,'127.0.0.1','2016-04-07 10:53:58'),(325,1,'127.0.0.1','2016-04-07 11:06:50'),(326,7,'127.0.0.1','2016-04-07 11:07:10'),(327,7,'127.0.0.1','2016-04-07 11:29:47'),(328,2,'127.0.0.1','2016-04-07 11:35:13'),(329,7,'127.0.0.1','2016-04-07 11:37:12'),(330,7,'127.0.0.1','2016-04-08 02:37:28'),(331,5,'127.0.0.1','2016-04-08 17:40:43'),(332,2,'127.0.0.1','2016-04-08 17:52:41'),(333,7,'127.0.0.1','2016-04-08 17:58:53'),(334,1,'100.100.5.19','2016-04-08 02:59:27'),(335,7,'127.0.0.1','2016-04-08 18:21:22'),(336,5,'127.0.0.1','2016-04-08 18:31:45'),(337,7,'127.0.0.1','2016-04-08 18:32:06'),(338,1,'127.0.0.1','2016-04-08 03:42:01'),(339,1,'127.0.0.1','2016-04-08 03:42:57'),(340,7,'127.0.0.1','2016-04-08 03:43:12'),(341,5,'127.0.0.1','2016-04-08 18:37:44'),(342,7,'127.0.0.1','2016-04-08 18:39:42'),(343,7,'127.0.0.1','2016-04-08 18:39:50'),(344,2,'127.0.0.1','2016-04-08 04:06:14'),(345,1,'127.0.0.1','2016-04-08 04:13:14'),(346,3,'100.100.4.16','2016-04-08 04:28:09'),(347,3,'100.100.4.16','2016-04-08 04:29:16'),(348,2,'100.100.1.22','2016-04-08 04:33:40'),(349,7,'127.0.0.1','2016-04-08 04:33:14'),(350,2,'127.0.0.1','2016-04-08 04:33:25'),(351,2,'100.100.1.22','2016-04-08 04:41:19'),(352,1,'127.0.0.1','2016-04-08 04:41:32'),(353,2,'127.0.0.1','2016-04-08 04:41:49'),(354,1,'127.0.0.1','2016-04-08 04:44:21'),(355,1,'127.0.0.1','2016-04-08 04:44:28'),(356,1,'127.0.0.1','2016-04-08 04:44:35'),(357,3,'100.100.7.100','2016-04-08 04:45:48'),(358,3,'127.0.0.1','2016-04-08 04:43:25'),(359,3,'100.100.4.99','2016-04-08 04:52:01'),(360,3,'100.100.4.99','2016-04-08 04:55:11'),(361,7,'127.0.0.1','2016-04-08 21:37:38'),(362,1,'127.0.0.1','2016-04-08 06:51:32'),(363,7,'127.0.0.1','2016-04-08 21:45:54'),(364,7,'127.0.0.1','2016-04-08 06:53:15'),(365,3,'127.0.0.1','2016-04-08 06:58:09'),(366,1,'127.0.0.1','2016-04-08 07:01:35'),(367,2,'127.0.0.1','2016-04-08 22:01:43'),(368,3,'100.100.4.99','2016-04-08 07:09:34'),(369,3,'100.100.4.99','2016-04-08 07:10:01'),(370,3,'100.100.4.99','2016-04-08 07:11:32'),(371,7,'127.0.0.1','2016-04-08 22:45:15'),(372,3,'100.100.4.99','2016-04-08 07:58:34'),(373,3,'100.100.4.99','2016-04-08 07:58:58'),(374,3,'100.100.4.99','2016-04-08 08:04:18'),(375,5,'127.0.0.1','2016-04-08 23:02:07'),(376,7,'127.0.0.1','2016-04-09 01:00:00'),(377,5,'127.0.0.1','2016-04-09 01:03:21'),(378,3,'100.100.4.99','2016-04-08 10:11:31'),(379,7,'127.0.0.1','2016-04-09 01:10:53'),(380,3,'100.100.4.99','2016-04-08 10:14:58'),(381,3,'100.100.4.99','2016-04-08 10:25:25'),(382,3,'100.100.4.99','2016-04-08 10:27:21'),(383,3,'100.100.4.99','2016-04-08 10:37:27'),(384,1,'100.100.5.19','2016-04-09 06:57:54'),(385,1,'127.0.0.1','2016-04-09 07:56:53'),(386,7,'127.0.0.1','2016-04-09 08:32:44'),(387,2,'127.0.0.1','2016-04-10 00:07:18'),(388,7,'127.0.0.1','2016-04-09 09:05:53'),(389,7,'127.0.0.1','2016-04-09 09:10:27'),(390,7,'127.0.0.1','2016-04-09 09:11:04'),(391,2,'127.0.0.1','2016-04-10 00:16:42'),(392,1,'127.0.0.1','2016-04-09 09:36:05'),(393,1,'127.0.0.1','2016-04-09 09:45:57'),(394,7,'127.0.0.1','2016-04-09 09:56:18'),(395,1,'127.0.0.1','2016-04-09 09:57:18'),(396,3,'100.100.4.99','2016-04-09 10:19:43'),(397,3,'100.100.4.99','2016-04-09 10:25:06'),(398,7,'127.0.0.1','2016-04-09 11:10:43'),(399,2,'127.0.0.1','2016-04-09 11:19:38'),(400,1,'100.100.5.35','2016-04-09 11:18:52'),(401,3,'100.100.4.99','2016-04-09 11:25:57'),(402,3,'100.100.4.99','2016-04-09 11:27:33'),(403,3,'100.100.4.99','2016-04-09 11:27:55'),(404,7,'127.0.0.1','2016-04-09 11:28:36'),(405,7,'127.0.0.1','2016-04-10 02:35:45'),(406,1,'127.0.0.1','2016-04-10 02:47:18'),(407,3,'100.100.4.99','2016-04-10 02:44:25'),(408,7,'127.0.0.1','2016-04-10 02:49:57'),(409,3,'100.100.4.99','2016-04-10 02:51:58'),(410,7,'127.0.0.1','2016-04-10 06:20:21'),(411,1,'127.0.0.1','2016-04-10 06:20:32'),(412,7,'127.0.0.1','2016-04-10 08:21:43'),(413,1,'127.0.0.1','2016-04-10 10:57:11'),(414,7,'127.0.0.1','2016-04-11 02:20:56'),(415,7,'127.0.0.1','2016-04-11 07:14:03'),(416,3,'100.100.4.99','2016-04-11 08:34:55'),(417,3,'100.100.4.99','2016-04-11 08:37:41'),(418,3,'100.100.4.99','2016-04-11 08:37:48'),(419,4,'127.0.0.1','2016-04-11 08:46:10'),(420,2,'127.0.0.1','2016-04-11 08:46:21'),(421,3,'127.0.0.1','2016-04-11 08:46:37'),(422,3,'127.0.0.1','2016-04-11 08:47:17'),(423,3,'127.0.0.1','2016-04-11 08:47:26'),(424,3,'127.0.0.1','2016-04-11 08:47:39'),(425,2,'100.100.4.99','2016-04-11 08:49:42'),(426,3,'100.100.4.99','2016-04-11 08:49:49'),(427,3,'100.100.4.99','2016-04-11 09:02:00'),(428,2,'100.100.4.99','2016-04-11 09:02:07'),(429,3,'100.100.4.99','2016-04-11 09:08:47'),(430,4,'127.0.0.1','2016-04-11 09:11:26'),(431,3,'127.0.0.1','2016-04-11 09:11:35'),(432,3,'127.0.0.1','2016-04-11 09:13:37'),(433,3,'127.0.0.1','2016-04-11 09:25:07'),(434,2,'127.0.0.1','2016-04-11 09:28:43'),(435,3,'127.0.0.1','2016-04-11 09:28:45'),(436,2,'127.0.0.1','2016-04-11 09:31:59'),(437,2,'100.100.1.22','2016-04-11 09:32:26'),(438,7,'100.100.7.120','2016-04-11 09:34:26'),(439,3,'100.100.7.120','2016-04-11 09:34:42'),(440,3,'100.100.4.99','2016-04-11 09:43:06'),(441,3,'100.100.4.99','2016-04-11 09:45:22'),(442,3,'100.100.4.99','2016-04-11 10:01:36'),(443,7,'127.0.0.1','2016-04-11 10:05:02'),(444,2,'127.0.0.1','2016-04-11 10:06:22'),(445,1,'127.0.0.1','2016-04-11 10:06:48'),(446,5,'127.0.0.1','2016-04-11 10:07:25'),(447,2,'127.0.0.1','2016-04-12 01:12:03'),(448,3,'100.100.4.99','2016-04-11 10:13:14'),(449,3,'100.100.4.99','2016-04-11 10:16:13'),(450,3,'100.100.4.99','2016-04-11 10:21:00'),(451,3,'100.100.4.99','2016-04-11 10:23:54'),(452,3,'100.100.4.99','2016-04-11 10:25:40'),(453,3,'100.100.7.120','2016-04-11 10:29:23'),(454,3,'100.100.7.120','2016-04-11 10:43:13'),(455,1,'127.0.0.1','2016-04-11 10:54:00'),(456,3,'100.100.4.99','2016-04-12 01:47:20'),(457,3,'100.100.4.99','2016-04-12 02:01:04'),(458,2,'127.0.0.1','2016-04-12 08:39:05'),(459,3,'100.100.4.99','2016-04-12 02:05:31'),(460,3,'100.100.4.99','2016-04-12 02:05:47'),(461,7,'100.100.7.120','2016-04-12 02:08:20'),(462,7,'127.0.0.1','2016-04-12 17:06:33'),(463,2,'127.0.0.1','2016-04-12 17:11:54'),(464,18,'127.0.0.1','2016-04-12 17:24:20'),(465,7,'100.100.7.120','2016-04-12 02:26:59'),(466,2,'100.100.7.120','2016-04-12 02:28:38'),(467,7,'127.0.0.1','2016-04-12 17:41:49'),(468,5,'127.0.0.1','2016-04-12 17:42:27'),(469,7,'127.0.0.1','2016-04-12 03:03:00'),(470,20,'127.0.0.1','2016-04-12 18:12:55'),(471,1,'127.0.0.1','2016-04-12 03:20:13'),(472,7,'127.0.0.1','2016-04-12 03:23:42'),(473,2,'127.0.0.1','2016-04-12 03:24:01'),(474,5,'127.0.0.1','2016-04-12 18:46:21'),(475,5,'127.0.0.1','2016-04-12 18:56:38'),(476,3,'127.0.0.1','2016-04-12 04:02:13'),(477,2,'127.0.0.1','2016-04-12 19:08:01'),(478,2,'127.0.0.1','2016-04-12 19:10:11'),(479,3,'100.100.4.99','2016-04-12 04:10:36'),(480,5,'127.0.0.1','2016-04-12 19:12:59'),(481,3,'100.100.7.120','2016-04-12 04:24:29'),(482,3,'100.100.7.120','2016-04-12 04:24:39'),(483,7,'100.100.7.120','2016-04-12 04:26:06'),(484,3,'127.0.0.1','2016-04-12 04:30:20'),(485,3,'127.0.0.1','2016-04-12 04:54:15'),(486,2,'127.0.0.1','2016-04-12 07:24:26'),(487,7,'127.0.0.1','2016-04-12 07:27:43'),(488,1,'127.0.0.1','2016-04-12 07:39:04'),(489,2,'127.0.0.1','2016-04-12 07:57:26'),(490,3,'127.0.0.1','2016-04-12 08:22:38'),(491,3,'127.0.0.1','2016-04-12 08:24:54'),(492,1,'100.100.5.19','2016-04-12 08:49:20'),(493,22,'127.0.0.1','2016-04-13 00:04:28'),(494,3,'127.0.0.1','2016-04-12 09:05:54'),(495,3,'127.0.0.1','2016-04-12 09:07:52'),(496,3,'100.100.4.99','2016-04-12 10:54:48'),(497,3,'100.100.4.99','2016-04-12 10:57:26'),(498,2,'127.0.0.1','2016-04-12 11:04:20'),(499,7,'127.0.0.1','2016-04-12 11:27:38'),(500,2,'127.0.0.1','2016-04-12 11:28:18'),(501,5,'127.0.0.1','2016-04-13 17:18:54'),(502,7,'127.0.0.1','2016-04-13 02:23:32'),(503,1,'100.100.5.19','2016-04-13 02:29:44'),(504,5,'127.0.0.1','2016-04-13 17:34:16'),(505,7,'127.0.0.1','2016-04-13 17:38:55'),(506,2,'127.0.0.1','2016-04-13 02:46:57'),(507,7,'127.0.0.1','2016-04-13 02:49:10'),(508,7,'127.0.0.1','2016-04-13 17:45:05'),(509,2,'127.0.0.1','2016-04-13 02:51:18'),(510,1,'127.0.0.1','2016-04-13 02:54:09'),(511,2,'127.0.0.1','2016-04-13 18:01:38'),(512,2,'127.0.0.1','2016-04-13 03:22:51'),(513,23,'127.0.0.1','2016-04-13 18:42:17'),(514,5,'127.0.0.1','2016-04-13 03:47:13'),(515,5,'127.0.0.1','2016-04-13 03:47:37'),(516,7,'127.0.0.1','2016-04-13 03:48:47'),(517,7,'127.0.0.1','2016-04-13 19:45:30'),(518,7,'127.0.0.1','2016-04-13 07:10:35'),(519,7,'127.0.0.1','2016-04-13 23:37:57'),(520,5,'127.0.0.1','2016-04-13 09:17:32'),(521,7,'127.0.0.1','2016-04-13 09:18:19'),(522,7,'127.0.0.1','2016-04-13 09:18:45'),(523,7,'127.0.0.1','2016-04-14 00:41:47'),(524,7,'127.0.0.1','2016-04-14 00:46:59'),(525,7,'127.0.0.1','2016-04-13 10:09:51'),(526,1,'127.0.0.1','2016-04-13 10:14:39'),(527,7,'127.0.0.1','2016-04-13 10:17:01'),(528,2,'127.0.0.1','2016-04-13 10:19:07'),(529,7,'127.0.0.1','2016-04-13 10:34:02'),(530,7,'127.0.0.1','2016-04-13 10:34:09'),(531,2,'127.0.0.1','2016-04-13 10:37:47'),(532,3,'127.0.0.1','2016-04-13 10:36:30'),(533,2,'127.0.0.1','2016-04-14 01:41:10'),(534,3,'100.100.4.99','2016-04-13 11:17:48'),(535,3,'127.0.0.1','2016-04-14 03:36:49'),(536,2,'127.0.0.1','2016-04-14 04:04:06'),(537,3,'127.0.0.1','2016-04-14 04:09:06'),(538,3,'127.0.0.1','2016-04-14 04:11:35'),(539,5,'100.100.7.100','2016-04-14 04:27:47'),(540,2,'127.0.0.1','2016-04-14 18:51:22'),(541,5,'127.0.0.1','2016-04-14 06:29:51'),(542,1,'127.0.0.1','2016-04-14 07:13:36'),(543,7,'100.100.1.222','2016-04-14 07:29:51'),(544,7,'127.0.0.1','2016-04-14 07:40:48'),(545,7,'127.0.0.1','2016-04-14 22:38:36'),(546,2,'127.0.0.1','2016-04-14 09:11:24'),(547,7,'127.0.0.1','2016-04-15 01:25:59'),(548,1,'127.0.0.1','2016-04-14 10:31:14'),(549,7,'127.0.0.1','2016-04-17 18:05:48'),(550,7,'127.0.0.1','2016-04-17 19:37:18'),(551,7,'127.0.0.1','2016-04-17 21:44:23'),(552,2,'127.0.0.1','2016-04-17 07:19:06'),(553,1,'127.0.0.1','2016-04-17 08:40:58'),(554,5,'127.0.0.1','2016-04-17 08:42:20'),(555,5,'127.0.0.1','2016-04-17 09:49:09'),(556,5,'127.0.0.1','2016-04-18 02:59:54'),(557,7,'127.0.0.1','2016-04-18 18:12:37'),(558,2,'127.0.0.1','2016-04-18 03:37:34'),(559,5,'127.0.0.1','2016-04-18 03:52:31'),(560,2,'127.0.0.1','2016-04-18 06:38:56'),(561,7,'127.0.0.1','2016-04-18 07:03:08'),(562,5,'127.0.0.1','2016-04-18 07:32:38'),(563,7,'127.0.0.1','2016-04-18 07:44:30'),(564,3,'127.0.0.1','2016-04-18 07:44:40'),(565,9,'127.0.0.1','2016-04-18 07:44:47'),(566,5,'127.0.0.1','2016-04-18 07:52:31'),(567,2,'127.0.0.1','2016-04-18 07:53:29'),(568,2,'100.100.1.22','2016-04-18 07:59:53'),(569,22,'100.100.6.19','2016-04-18 08:53:39'),(570,2,'127.0.0.1','2016-04-18 11:15:38'),(571,7,'127.0.0.1','2016-04-19 02:43:59'),(572,2,'127.0.0.1','2016-04-19 02:52:47'),(573,3,'127.0.0.1','2016-04-19 02:58:29'),(574,7,'127.0.0.1','2016-04-19 18:15:14'),(575,5,'127.0.0.1','2016-04-19 18:16:56'),(576,7,'127.0.0.1','2016-04-19 03:47:27'),(577,2,'127.0.0.1','2016-04-19 04:04:44'),(578,5,'127.0.0.1','2016-04-19 04:44:21'),(579,7,'127.0.0.1','2016-04-19 07:18:05'),(580,5,'127.0.0.1','2016-04-19 22:24:44'),(581,7,'127.0.0.1','2016-04-19 22:28:10'),(582,7,'127.0.0.1','2016-04-19 22:28:10'),(583,2,'127.0.0.1','2016-04-19 08:05:21'),(584,26,'127.0.0.1','2016-04-19 08:20:59'),(585,2,'127.0.0.1','2016-04-19 08:32:34'),(586,7,'127.0.0.1','2016-04-19 08:50:59'),(587,2,'127.0.0.1','2016-04-19 08:53:23'),(588,5,'127.0.0.1','2016-04-19 09:43:25'),(589,7,'127.0.0.1','2016-04-19 10:01:07'),(590,5,'127.0.0.1','2016-04-20 00:58:55'),(591,7,'127.0.0.1','2016-04-19 10:02:10'),(592,7,'127.0.0.1','2016-04-20 00:59:54'),(593,2,'127.0.0.1','2016-04-20 00:06:19'),(594,7,'127.0.0.1','2016-04-20 01:02:28'),(595,7,'127.0.0.1','2016-04-19 10:24:31'),(596,7,'127.0.0.1','2016-04-20 01:30:45'),(597,1,'127.0.0.1','2016-04-20 01:33:06'),(598,7,'127.0.0.1','2016-04-19 10:36:46'),(599,7,'127.0.0.1','2016-04-20 01:34:44'),(600,1,'127.0.0.1','2016-04-19 10:37:30'),(601,1,'127.0.0.1','2016-04-20 01:36:48'),(602,7,'127.0.0.1','2016-04-20 01:37:27'),(603,1,'127.0.0.1','2016-04-19 10:44:57'),(604,1,'127.0.0.1','2016-04-19 10:47:31'),(605,2,'127.0.0.1','2016-04-19 10:47:54'),(606,5,'127.0.0.1','2016-04-19 10:58:32'),(607,5,'127.0.0.1','2016-04-19 10:58:39'),(608,7,'127.0.0.1','2016-04-19 10:58:47'),(609,1,'127.0.0.1','2016-04-19 11:17:58'),(610,2,'127.0.0.1','2016-04-19 11:19:03'),(611,1,'127.0.0.1','2016-04-20 02:15:04'),(612,5,'127.0.0.1','2016-04-20 02:15:45'),(613,7,'127.0.0.1','2016-04-20 02:16:08'),(614,5,'127.0.0.1','2016-04-20 02:18:58'),(615,2,'127.0.0.1','2016-04-20 16:46:56'),(616,5,'127.0.0.1','2016-04-20 18:37:10'),(617,7,'127.0.0.1','2016-04-20 18:40:46'),(618,5,'127.0.0.1','2016-04-20 03:44:57'),(619,5,'127.0.0.1','2016-04-20 03:45:09'),(620,1,'127.0.0.1','2016-04-20 04:05:52'),(621,5,'127.0.0.1','2016-04-20 21:25:17'),(622,7,'127.0.0.1','2016-04-20 21:25:42'),(623,5,'127.0.0.1','2016-04-20 21:32:10'),(624,4,'127.0.0.1','2016-04-20 21:33:01'),(625,7,'127.0.0.1','2016-04-20 21:39:13'),(626,7,'127.0.0.1','2016-04-20 22:03:44'),(627,5,'127.0.0.1','2016-04-20 22:13:49'),(628,7,'127.0.0.1','2016-04-20 22:14:11'),(629,5,'127.0.0.1','2016-04-20 22:35:03'),(630,7,'127.0.0.1','2016-04-20 22:35:24'),(631,5,'127.0.0.1','2016-04-20 22:45:52'),(632,7,'127.0.0.1','2016-04-20 07:49:47'),(633,7,'127.0.0.1','2016-04-20 22:50:04'),(634,7,'127.0.0.1','2016-04-20 22:51:05'),(635,7,'127.0.0.1','2016-04-20 22:51:47'),(636,5,'127.0.0.1','2016-04-20 22:51:58'),(637,7,'127.0.0.1','2016-04-20 08:04:54'),(638,2,'127.0.0.1','2016-04-20 08:35:21'),(639,1,'100.100.5.19','2016-04-20 08:38:37'),(640,5,'127.0.0.1','2016-04-20 09:04:09'),(641,7,'127.0.0.1','2016-04-20 09:26:42'),(642,7,'127.0.0.1','2016-04-20 09:27:22'),(643,5,'127.0.0.1','2016-04-20 09:30:44'),(644,7,'127.0.0.1','2016-04-20 09:30:53'),(645,7,'127.0.0.1','2016-04-20 09:36:21'),(646,5,'127.0.0.1','2016-04-21 00:39:29'),(647,5,'127.0.0.1','2016-04-21 00:42:25'),(648,7,'127.0.0.1','2016-04-20 10:07:59'),(649,5,'127.0.0.1','2016-04-21 01:07:58'),(650,7,'127.0.0.1','2016-04-21 01:15:24'),(651,5,'127.0.0.1','2016-04-21 01:17:33'),(652,7,'127.0.0.1','2016-04-20 10:23:28'),(653,7,'127.0.0.1','2016-04-21 01:21:40'),(654,4,'127.0.0.1','2016-04-21 01:27:12'),(655,3,'127.0.0.1','2016-04-21 01:27:24'),(656,7,'127.0.0.1','2016-04-20 11:10:45'),(657,3,'127.0.0.1','2016-04-21 18:28:47'),(658,4,'127.0.0.1','2016-04-21 18:28:56'),(659,7,'127.0.0.1','2016-04-21 18:29:03'),(660,2,'127.0.0.1','2016-04-21 18:29:38'),(661,7,'127.0.0.1','2016-04-21 03:55:40'),(662,2,'127.0.0.1','2016-04-21 04:01:07'),(663,7,'127.0.0.1','2016-04-21 19:00:27'),(664,2,'127.0.0.1','2016-04-21 19:00:45'),(665,7,'127.0.0.1','2016-04-21 04:03:34'),(666,7,'127.0.0.1','2016-04-21 19:01:54'),(667,7,'127.0.0.1','2016-04-21 04:04:39'),(668,7,'127.0.0.1','2016-04-21 19:05:17'),(669,5,'127.0.0.1','2016-04-21 19:06:53'),(670,6,'127.0.0.1','2016-04-21 19:11:31'),(671,7,'127.0.0.1','2016-04-21 19:17:17'),(672,7,'127.0.0.1','2016-04-21 04:30:20'),(673,5,'127.0.0.1','2016-04-21 05:03:58'),(674,5,'127.0.0.1','2016-04-21 05:04:22'),(675,7,'127.0.0.1','2016-04-21 05:04:30'),(676,5,'127.0.0.1','2016-04-21 05:16:06'),(677,7,'127.0.0.1','2016-04-21 05:21:55'),(678,5,'127.0.0.1','2016-04-21 05:24:05'),(679,7,'127.0.0.1','2016-04-21 06:41:17'),(680,2,'127.0.0.1','2016-04-21 07:00:49'),(681,7,'127.0.0.1','2016-04-21 07:02:05'),(682,3,'100.100.4.99','2016-04-21 07:12:05'),(683,3,'100.100.4.99','2016-04-21 07:12:16'),(684,3,'100.100.4.99','2016-04-21 07:12:18'),(685,3,'100.100.4.99','2016-04-21 07:12:21'),(686,3,'100.100.4.99','2016-04-21 07:12:22'),(687,2,'127.0.0.1','2016-04-21 07:41:24'),(688,7,'127.0.0.1','2016-04-21 07:37:55'),(689,7,'127.0.0.1','2016-04-21 07:50:37'),(690,7,'127.0.0.1','2016-04-21 07:53:43'),(691,5,'127.0.0.1','2016-04-21 07:56:22'),(692,1,'127.0.0.1','2016-04-21 08:11:03'),(693,7,'127.0.0.1','2016-04-21 08:11:51'),(694,5,'127.0.0.1','2016-04-21 08:12:12'),(695,4,'127.0.0.1','2016-04-21 08:18:36'),(696,4,'127.0.0.1','2016-04-21 08:22:19'),(697,7,'127.0.0.1','2016-04-21 08:28:22'),(698,7,'127.0.0.1','2016-04-21 08:28:48'),(699,1,'100.100.5.19','2016-04-21 08:38:15'),(700,7,'127.0.0.1','2016-04-21 08:57:46'),(701,7,'127.0.0.1','2016-04-21 08:58:01'),(702,1,'127.0.0.1','2016-04-21 09:06:19'),(703,5,'127.0.0.1','2016-04-21 10:25:52'),(704,9,'127.0.0.1','2016-04-21 10:30:19'),(705,2,'127.0.0.1','2016-04-21 11:19:46'),(706,3,'100.100.4.99','2016-04-21 11:22:39'),(707,3,'100.100.4.99','2016-04-21 11:23:01'),(708,3,'100.100.4.99','2016-04-22 01:44:49'),(709,3,'100.100.4.99','2016-04-22 01:46:02'),(710,3,'100.100.4.99','2016-04-22 01:47:52'),(711,3,'100.100.4.99','2016-04-22 02:01:24'),(712,3,'100.100.4.99','2016-04-22 02:01:44'),(713,3,'100.100.4.99','2016-04-22 02:05:47'),(714,3,'100.100.4.99','2016-04-22 03:05:36'),(715,3,'100.100.4.99','2016-04-22 03:05:44'),(716,2,'127.0.0.1','2016-04-22 03:15:42'),(717,3,'100.100.4.99','2016-04-22 03:20:37'),(718,3,'100.100.4.99','2016-04-22 03:22:10'),(719,22,'127.0.0.1','2016-04-22 03:25:32'),(720,22,'127.0.0.1','2016-04-22 03:25:50'),(721,22,'127.0.0.1','2016-04-22 03:26:18'),(722,22,'127.0.0.1','2016-04-22 03:26:27'),(723,22,'127.0.0.1','2016-04-22 03:26:40'),(724,22,'127.0.0.1','2016-04-22 03:26:51'),(725,3,'100.100.4.99','2016-04-22 03:27:05'),(726,22,'127.0.0.1','2016-04-22 03:26:58'),(727,22,'127.0.0.1','2016-04-22 03:27:11'),(728,22,'127.0.0.1','2016-04-22 03:27:23'),(729,3,'100.100.4.99','2016-04-22 03:27:52'),(730,3,'100.100.4.99','2016-04-22 03:27:54'),(731,3,'100.100.4.99','2016-04-22 03:27:57'),(732,7,'127.0.0.1','2016-04-22 03:28:07'),(733,3,'100.100.4.99','2016-04-22 03:28:38'),(734,2,'127.0.0.1','2016-04-22 17:14:06'),(735,4,'127.0.0.1','2016-04-22 03:39:23'),(736,1,'127.0.0.1','2016-04-22 03:41:32'),(737,4,'127.0.0.1','2016-04-22 03:43:03'),(738,5,'127.0.0.1','2016-04-22 03:43:43'),(739,5,'127.0.0.1','2016-04-22 03:48:30'),(740,4,'127.0.0.1','2016-04-22 03:48:31'),(741,7,'127.0.0.1','2016-04-22 03:55:57'),(742,3,'100.100.4.99','2016-04-22 04:21:50'),(743,3,'127.0.0.1','2016-04-22 04:31:07'),(744,3,'127.0.0.1','2016-04-22 04:31:16'),(745,3,'100.100.4.99','2016-04-22 04:33:26'),(746,3,'100.100.4.99','2016-04-22 04:45:50'),(747,3,'100.100.4.99','2016-04-22 07:04:59'),(748,3,'100.100.4.99','2016-04-22 07:06:24'),(749,2,'127.0.0.1','2016-04-22 07:10:52'),(750,3,'100.100.4.99','2016-04-22 07:07:41'),(751,3,'100.100.4.99','2016-04-22 07:10:06'),(752,3,'100.100.4.99','2016-04-22 07:11:08'),(753,3,'100.100.4.99','2016-04-22 07:12:03'),(754,5,'127.0.0.1','2016-04-22 07:14:55'),(755,2,'127.0.0.1','2016-04-22 22:17:40'),(756,7,'127.0.0.1','2016-04-22 07:16:56'),(757,3,'100.100.4.99','2016-04-22 07:18:19'),(758,5,'127.0.0.1','2016-04-22 07:18:59'),(759,7,'127.0.0.1','2016-04-22 07:23:50'),(760,7,'127.0.0.1','2016-04-22 07:37:53'),(761,9,'127.0.0.1','2016-04-22 07:56:21'),(762,5,'127.0.0.1','2016-04-22 07:59:38'),(763,9,'127.0.0.1','2016-04-22 08:00:48'),(764,3,'100.100.4.99','2016-04-22 08:55:34'),(765,3,'100.100.4.99','2016-04-22 08:58:28'),(766,3,'100.100.4.99','2016-04-22 09:04:53'),(767,3,'100.100.4.99','2016-04-22 09:19:12'),(768,3,'100.100.4.99','2016-04-22 09:19:44'),(769,3,'100.100.4.99','2016-04-22 09:20:56'),(770,3,'100.100.4.99','2016-04-22 09:22:50'),(771,3,'100.100.4.99','2016-04-22 09:35:32'),(772,3,'100.100.4.99','2016-04-22 09:43:39'),(773,2,'127.0.0.1','2016-04-22 09:47:03'),(774,3,'100.100.4.99','2016-04-22 09:44:21'),(775,3,'100.100.4.99','2016-04-22 09:46:34'),(776,1,'127.0.0.1','2016-04-22 10:22:21'),(777,2,'127.0.0.1','2016-04-22 10:29:19'),(778,1,'127.0.0.1','2016-04-22 10:37:58'),(779,2,'127.0.0.1','2016-04-22 10:42:51'),(780,4,'127.0.0.1','2016-04-22 10:55:31'),(781,1,'127.0.0.1','2016-04-23 07:37:14'),(782,2,'127.0.0.1','2016-04-23 07:49:57'),(783,7,'127.0.0.1','2016-04-23 22:47:36'),(784,2,'127.0.0.1','2016-04-23 22:54:23'),(785,2,'127.0.0.1','2016-04-23 08:14:02'),(786,1,'127.0.0.1','2016-04-23 08:20:52'),(787,7,'127.0.0.1','2016-04-23 08:24:48'),(788,2,'127.0.0.1','2016-04-23 08:38:21'),(789,2,'127.0.0.1','2016-04-23 08:38:43'),(790,7,'127.0.0.1','2016-04-23 23:44:25'),(791,3,'100.100.4.99','2016-04-23 08:49:25'),(792,3,'100.100.4.99','2016-04-23 08:49:37'),(793,3,'100.100.4.99','2016-04-23 08:50:27'),(794,3,'100.100.4.99','2016-04-23 08:50:35'),(795,2,'100.100.4.99','2016-04-23 08:50:49'),(796,2,'127.0.0.1','2016-04-23 23:50:36'),(797,7,'127.0.0.1','2016-04-24 00:01:25'),(798,2,'127.0.0.1','2016-04-24 00:02:25'),(799,5,'127.0.0.1','2016-04-24 00:05:52'),(800,5,'127.0.0.1','2016-04-24 00:05:53'),(801,1,'127.0.0.1','2016-04-23 09:12:01'),(802,7,'127.0.0.1','2016-04-24 00:06:10'),(803,2,'127.0.0.1','2016-04-24 00:06:39'),(804,2,'127.0.0.1','2016-04-23 09:14:53'),(805,1,'127.0.0.1','2016-04-23 09:16:20'),(806,4,'127.0.0.1','2016-04-23 09:16:42'),(807,2,'127.0.0.1','2016-04-23 09:19:39'),(808,4,'127.0.0.1','2016-04-23 09:20:27'),(809,3,'100.100.4.99','2016-04-23 09:19:55'),(810,3,'100.100.4.99','2016-04-23 09:20:56'),(811,3,'100.100.4.99','2016-04-23 09:57:36'),(812,2,'127.0.0.1','2016-04-23 10:01:29'),(813,3,'100.100.4.99','2016-04-23 09:58:35'),(814,3,'100.100.4.99','2016-04-23 10:04:58'),(815,3,'100.100.4.99','2016-04-23 10:06:24'),(816,7,'127.0.0.1','2016-04-23 10:11:06'),(817,2,'127.0.0.1','2016-04-23 10:12:34'),(818,1,'127.0.0.1','2016-04-23 10:15:34'),(819,1,'127.0.0.1','2016-04-23 10:22:12'),(820,3,'100.100.4.99','2016-04-23 10:18:58'),(821,7,'127.0.0.1','2016-04-23 10:27:43'),(822,3,'127.0.0.1','2016-04-23 10:28:26'),(823,3,'100.100.4.99','2016-04-23 10:30:01'),(824,3,'100.100.4.99','2016-04-23 10:38:44'),(825,3,'100.100.4.99','2016-04-23 10:39:42'),(826,2,'127.0.0.1','2016-04-24 17:37:12'),(827,7,'127.0.0.1','2016-04-24 02:40:58'),(828,2,'127.0.0.1','2016-04-24 02:48:13'),(829,7,'127.0.0.1','2016-04-24 17:50:50'),(830,5,'127.0.0.1','2016-04-24 03:03:28'),(831,2,'127.0.0.1','2016-04-24 06:12:32'),(832,5,'127.0.0.1','2016-04-24 06:54:01'),(833,3,'100.100.4.99','2016-04-24 07:06:43'),(834,3,'100.100.4.99','2016-04-24 07:10:28'),(835,3,'100.100.4.99','2016-04-24 07:11:10'),(836,3,'100.100.4.99','2016-04-24 07:14:40'),(837,3,'100.100.4.99','2016-04-24 07:24:05'),(838,3,'100.100.4.99','2016-04-24 07:41:59'),(839,3,'100.100.4.99','2016-04-24 07:44:55'),(840,3,'100.100.4.99','2016-04-24 08:45:18'),(841,3,'100.100.4.99','2016-04-24 08:47:20'),(842,3,'100.100.4.99','2016-04-24 08:48:29'),(843,3,'100.100.4.99','2016-04-25 02:05:40'),(844,3,'100.100.4.99','2016-04-25 02:07:41'),(845,3,'100.100.4.99','2016-04-25 02:13:47'),(846,2,'127.0.0.1','2016-04-25 02:18:54'),(847,3,'100.100.4.99','2016-04-25 02:49:01'),(848,3,'100.100.4.99','2016-04-25 03:16:05'),(849,3,'100.100.4.99','2016-04-25 03:26:12'),(850,3,'100.100.4.99','2016-04-25 03:28:50'),(851,3,'100.100.4.99','2016-04-25 03:31:15'),(852,3,'100.100.4.99','2016-04-25 03:34:10'),(853,3,'100.100.4.99','2016-04-25 03:37:47'),(854,3,'100.100.4.99','2016-04-25 03:40:15'),(855,3,'100.100.4.99','2016-04-25 03:42:46'),(856,7,'127.0.0.1','2016-04-25 18:40:22'),(857,7,'127.0.0.1','2016-04-25 03:54:12'),(858,7,'127.0.0.1','2016-04-25 03:54:19'),(859,5,'127.0.0.1','2016-04-25 03:58:32'),(860,3,'127.0.0.1','2016-04-25 04:03:22'),(861,3,'100.100.4.99','2016-04-25 04:06:10'),(862,3,'100.100.4.99','2016-04-25 04:06:17'),(863,3,'100.100.4.99','2016-04-25 04:06:25'),(864,3,'100.100.4.99','2016-04-25 04:07:35'),(865,3,'100.100.4.99','2016-04-25 04:40:32'),(866,3,'100.100.4.99','2016-04-25 04:41:34'),(867,3,'100.100.4.99','2016-04-25 04:42:23'),(868,3,'100.100.4.99','2016-04-25 07:32:52'),(869,7,'127.0.0.1','2016-04-25 23:31:28'),(870,3,'100.100.4.99','2016-04-26 03:42:26'),(871,3,'100.100.4.99','2016-04-26 03:43:13'),(872,3,'100.100.4.99','2016-04-26 03:43:50'),(873,3,'100.100.4.99','2016-04-26 03:44:27'),(874,3,'100.100.4.99','2016-04-26 03:44:59'),(875,3,'100.100.4.99','2016-04-26 03:46:51'),(876,3,'100.100.4.99','2016-04-26 03:53:47'),(877,3,'100.100.4.99','2016-04-26 04:30:07'),(878,3,'100.100.4.99','2016-04-26 04:30:30'),(879,3,'100.100.4.99','2016-04-26 04:52:17'),(880,2,'127.0.0.1','2016-04-26 06:46:55'),(881,2,'127.0.0.1','2016-04-26 22:02:34'),(882,27,'100.100.6.91','2016-04-26 09:15:44'),(883,3,'100.100.4.99','2016-04-26 11:22:42'),(884,3,'100.100.4.99','2016-04-27 03:04:31'),(885,2,'127.0.0.1','2016-04-27 03:16:34'),(886,3,'100.100.4.99','2016-04-27 03:16:19'),(887,3,'100.100.4.99','2016-04-27 03:16:34'),(888,2,'127.0.0.1','2016-04-27 03:25:51'),(889,3,'100.100.4.99','2016-04-27 03:55:22'),(890,3,'100.100.4.99','2016-04-27 07:36:35'),(891,3,'100.100.4.99','2016-04-27 08:17:43'),(892,5,'127.0.0.1','2016-04-27 09:19:56'),(893,5,'127.0.0.1','2016-04-27 09:21:20'),(894,5,'127.0.0.1','2016-04-27 09:22:12'),(895,5,'127.0.0.1','2016-04-27 09:45:07'),(896,3,'127.0.0.1','2016-04-27 09:46:18'),(897,7,'127.0.0.1','2016-04-27 09:46:36'),(898,5,'127.0.0.1','2016-04-27 09:47:13'),(899,5,'127.0.0.1','2016-04-27 09:50:01'),(900,5,'127.0.0.1','2016-04-27 09:50:19'),(901,9,'127.0.0.1','2016-04-27 09:52:19'),(902,28,'127.0.0.1','2016-04-27 09:54:23'),(903,29,'127.0.0.1','2016-04-27 09:57:28'),(904,5,'127.0.0.1','2016-04-27 09:58:49'),(905,31,'127.0.0.1','2016-04-27 10:04:11'),(906,29,'127.0.0.1','2016-04-27 10:05:17'),(907,31,'127.0.0.1','2016-04-27 10:10:24'),(908,29,'127.0.0.1','2016-04-28 02:57:56'),(909,31,'127.0.0.1','2016-04-28 02:58:25'),(910,2,'127.0.0.1','2016-04-28 18:04:30'),(911,2,'127.0.0.1','2016-04-28 18:38:29'),(912,5,'127.0.0.1','2016-04-28 04:13:55'),(913,31,'127.0.0.1','2016-04-28 04:15:24'),(914,3,'127.0.0.1','2016-04-28 04:15:29'),(915,3,'127.0.0.1','2016-04-28 04:19:14'),(916,5,'127.0.0.1','2016-04-28 04:19:29'),(917,2,'127.0.0.1','2016-04-28 04:22:01'),(918,2,'127.0.0.1','2016-04-28 06:19:58'),(919,2,'127.0.0.1','2016-04-28 06:44:05'),(920,29,'127.0.0.1','2016-04-28 07:40:33'),(921,31,'127.0.0.1','2016-04-28 07:44:28'),(922,2,'127.0.0.1','2016-04-28 22:47:19'),(923,2,'127.0.0.1','2016-04-28 22:51:14'),(924,2,'127.0.0.1','2016-04-28 08:32:50'),(925,3,'127.0.0.1','2016-04-28 08:34:56'),(926,2,'127.0.0.1','2016-04-28 08:49:48'),(927,9,'127.0.0.1','2016-04-28 08:59:34'),(928,4,'127.0.0.1','2016-04-28 09:25:04'),(929,7,'127.0.0.1','2016-04-28 09:31:03'),(930,6,'127.0.0.1','2016-04-28 09:31:26'),(931,9,'127.0.0.1','2016-04-28 09:31:53'),(932,2,'127.0.0.1','2016-04-28 09:41:39'),(933,2,'127.0.0.1','2016-04-28 09:42:26'),(934,7,'127.0.0.1','2016-04-28 09:44:21'),(935,2,'127.0.0.1','2016-04-28 09:46:50'),(936,2,'127.0.0.1','2016-04-28 10:19:42'),(937,1,'127.0.0.1','2016-04-28 10:22:44'),(938,2,'127.0.0.1','2016-04-28 10:24:26'),(939,7,'127.0.0.1','2016-04-28 10:28:16'),(940,1,'127.0.0.1','2016-04-28 10:30:24'),(941,2,'127.0.0.1','2016-04-28 10:31:48'),(942,2,'127.0.0.1','2016-04-28 10:52:10'),(943,7,'127.0.0.1','2016-04-28 10:53:21'),(944,2,'127.0.0.1','2016-04-28 10:54:25'),(945,2,'127.0.0.1','2016-04-29 17:15:13'),(946,6,'127.0.0.1','2016-04-29 17:25:44'),(947,3,'100.100.4.99','2016-04-29 02:53:46'),(948,3,'100.100.4.99','2016-04-29 03:02:15'),(949,3,'100.100.4.99','2016-04-29 03:02:19'),(950,3,'100.100.4.99','2016-04-29 03:02:23'),(951,2,'100.100.4.99','2016-04-29 03:02:29'),(952,9,'127.0.0.1','2016-04-29 03:07:57'),(953,31,'127.0.0.1','2016-04-29 03:11:14'),(954,5,'127.0.0.1','2016-04-29 03:11:23'),(955,3,'127.0.0.1','2016-04-29 03:11:37'),(956,2,'100.100.4.99','2016-04-29 03:14:51'),(957,2,'127.0.0.1','2016-04-29 12:25:27'),(958,3,'127.0.0.1','2016-04-29 03:41:00'),(959,7,'127.0.0.1','2016-04-29 03:46:03'),(960,5,'100.100.4.99','2016-04-29 03:55:02'),(961,5,'100.100.4.99','2016-04-29 03:59:22'),(962,3,'100.100.4.99','2016-04-29 04:01:45'),(963,5,'100.100.4.99','2016-04-29 04:02:13'),(964,3,'100.100.4.99','2016-04-29 04:02:19'),(965,3,'100.100.4.99','2016-04-29 04:02:55'),(966,3,'100.100.4.99','2016-04-29 04:04:23'),(967,3,'100.100.4.99','2016-04-29 04:04:43'),(968,3,'100.100.4.99','2016-04-29 04:09:17'),(969,9,'127.0.0.1','2016-04-29 06:50:02'),(970,3,'127.0.0.1','2016-04-29 07:15:04'),(971,3,'127.0.0.1','2016-04-29 07:16:31'),(972,5,'127.0.0.1','2016-04-29 07:16:42'),(973,3,'127.0.0.1','2016-04-29 07:18:08'),(974,5,'127.0.0.1','2016-04-29 07:18:54'),(975,2,'127.0.0.1','2016-04-29 07:19:06'),(976,2,'127.0.0.1','2016-04-29 07:23:14'),(977,2,'127.0.0.1','2016-04-29 07:31:50'),(978,2,'127.0.0.1','2016-04-30 08:40:31'),(979,2,'127.0.0.1','2016-04-30 08:41:01'),(980,9,'127.0.0.1','2016-05-02 02:08:10'),(981,2,'127.0.0.1','2016-05-02 02:15:16'),(982,7,'127.0.0.1','2016-05-02 04:59:57'),(983,3,'127.0.0.1','2016-05-02 08:39:19'),(984,3,'127.0.0.1','2016-05-02 08:39:32'),(985,2,'127.0.0.1','2016-05-02 09:01:37'),(986,3,'127.0.0.1','2016-05-02 10:24:50'),(987,5,'127.0.0.1','2016-05-02 10:25:12'),(988,3,'127.0.0.1','2016-05-02 10:26:12'),(989,5,'127.0.0.1','2016-05-02 10:27:22'),(990,31,'127.0.0.1','2016-05-02 10:27:38'),(991,2,'127.0.0.1','2016-05-02 10:27:46'),(992,3,'127.0.0.1','2016-05-02 10:30:52'),(993,2,'127.0.0.1','2016-05-02 10:30:56'),(994,2,'127.0.0.1','2016-05-03 23:48:38'),(995,2,'127.0.0.1','2016-05-04 05:03:48'),(996,3,'127.0.0.1','2016-05-04 05:05:40'),(997,3,'127.0.0.1','2016-05-04 05:10:00'),(998,3,'127.0.0.1','2016-05-04 08:04:43'),(999,9,'127.0.0.1','2016-05-04 09:36:02'),(1000,9,'127.0.0.1','2016-05-06 00:07:13'),(1001,3,'127.0.0.1','2016-05-06 00:12:39'),(1002,3,'127.0.0.1','2016-05-06 00:20:14'),(1003,2,'127.0.0.1','2016-05-06 01:39:26'),(1004,3,'127.0.0.1','2016-05-06 02:56:47'),(1005,2,'127.0.0.1','2016-05-06 03:02:21'),(1006,3,'127.0.0.1','2016-05-06 05:12:22'),(1007,7,'127.0.0.1','2016-05-06 06:12:46'),(1008,7,'127.0.0.1','2016-05-06 05:13:04'),(1009,3,'100.100.4.99','2016-05-06 07:16:27'),(1010,3,'100.100.4.99','2016-05-06 07:17:02'),(1011,3,'100.100.4.99','2016-05-06 07:17:13'),(1012,2,'100.100.4.99','2016-05-06 07:17:25'),(1013,2,'100.100.4.99','2016-05-06 07:19:05'),(1014,3,'100.100.4.99','2016-05-06 07:19:12'),(1015,3,'100.100.4.99','2016-05-06 07:42:51'),(1016,3,'100.100.4.99','2016-05-06 07:43:14'),(1017,3,'100.100.4.99','2016-05-06 07:44:33'),(1018,3,'127.0.0.1','2016-05-06 07:49:18'),(1019,3,'127.0.0.1','2016-05-06 07:50:20'),(1020,2,'127.0.0.1','2016-05-06 07:50:32'),(1021,3,'127.0.0.1','2016-05-06 07:50:45'),(1022,2,'127.0.0.1','2016-05-06 07:50:53'),(1023,5,'127.0.0.1','2016-05-06 07:51:07'),(1024,5,'127.0.0.1','2016-05-06 07:54:31'),(1025,3,'127.0.0.1','2016-05-06 07:54:37'),(1026,3,'127.0.0.1','2016-05-06 07:55:17'),(1027,2,'127.0.0.1','2016-05-07 06:07:55'),(1028,2,'127.0.0.1','2016-05-07 08:15:22'),(1029,3,'127.0.0.1','2016-05-07 07:33:37'),(1030,5,'127.0.0.1','2016-05-07 07:33:47'),(1031,2,'127.0.0.1','2016-05-07 07:34:01'),(1032,3,'100.100.4.99','2016-05-08 00:23:45'),(1033,3,'100.100.4.99','2016-05-08 00:31:39'),(1034,2,'127.0.0.1','2016-05-10 04:05:30'),(1035,1,'127.0.0.1','2016-05-10 04:06:02'),(1036,9,'127.0.0.1','2016-05-11 01:29:00'),(1037,9,'127.0.0.1','2016-05-12 01:34:24'),(1038,9,'127.0.0.1','2016-05-13 02:12:30'),(1039,9,'127.0.0.1','2016-05-13 02:23:31'),(1040,9,'127.0.0.1','2016-05-13 02:33:39'),(1041,9,'127.0.0.1','2016-05-17 00:28:27'),(1042,2,'127.0.0.1','2016-05-17 16:28:21'),(1043,7,'127.0.0.1','2016-05-17 01:30:50'),(1044,1,'127.0.0.1','2016-05-17 01:47:45'),(1045,1,'127.0.0.1','2016-05-17 01:58:43'),(1046,2,'127.0.0.1','2016-05-17 01:58:50'),(1047,1,'127.0.0.1','2016-05-17 02:09:27'),(1048,1,'127.0.0.1','2016-05-17 05:55:06'),(1049,1,'127.0.0.1','2016-05-18 01:41:56'),(1050,2,'127.0.0.1','2016-05-18 02:06:48'),(1051,1,'127.0.0.1','2016-05-18 02:08:02'),(1052,2,'127.0.0.1','2016-05-18 02:08:22'),(1053,1,'127.0.0.1','2016-05-18 02:25:27'),(1054,1,'127.0.0.1','2016-05-18 02:59:21'),(1055,9,'127.0.0.1','2016-05-18 05:34:08'),(1056,1,'127.0.0.1','2016-05-18 07:03:05'),(1057,2,'127.0.0.1','2016-05-18 07:22:25'),(1058,1,'127.0.0.1','2016-05-18 07:22:42'),(1059,2,'127.0.0.1','2016-05-18 07:26:06'),(1060,1,'127.0.0.1','2016-05-18 07:26:35'),(1061,2,'127.0.0.1','2016-05-18 07:37:44'),(1062,1,'127.0.0.1','2016-05-18 07:38:15'),(1063,2,'127.0.0.1','2016-05-18 07:56:07'),(1064,9,'127.0.0.1','2016-05-18 07:06:10'),(1065,1,'127.0.0.1','2016-05-18 08:10:50'),(1066,2,'127.0.0.1','2016-05-18 08:59:21'),(1067,1,'127.0.0.1','2016-05-18 08:59:46'),(1068,7,'127.0.0.1','2016-05-18 09:05:34'),(1069,9,'127.0.0.1','2016-05-19 00:20:35'),(1070,7,'127.0.0.1','2016-05-19 01:31:54'),(1071,2,'127.0.0.1','2016-05-19 01:36:19'),(1072,1,'127.0.0.1','2016-05-19 01:36:28'),(1073,2,'127.0.0.1','2016-05-19 01:46:16'),(1074,1,'127.0.0.1','2016-05-19 01:46:48'),(1075,2,'127.0.0.1','2016-05-19 16:45:06'),(1076,7,'127.0.0.1','2016-05-19 01:50:31'),(1077,2,'127.0.0.1','2016-05-19 02:06:25'),(1078,7,'127.0.0.1','2016-05-19 02:08:17'),(1079,7,'127.0.0.1','2016-05-19 02:14:30'),(1080,7,'127.0.0.1','2016-05-19 02:19:42'),(1081,2,'127.0.0.1','2016-05-19 02:35:10'),(1082,7,'127.0.0.1','2016-05-19 02:32:58'),(1083,1,'127.0.0.1','2016-05-19 02:56:38'),(1084,7,'127.0.0.1','2016-05-19 03:07:34'),(1085,7,'127.0.0.1','2016-05-19 03:21:43'),(1086,2,'127.0.0.1','2016-05-19 03:30:44'),(1087,5,'127.0.0.1','2016-05-19 03:07:27'),(1088,9,'127.0.0.1','2016-05-19 03:07:39'),(1089,7,'127.0.0.1','2016-05-19 04:49:17'),(1090,2,'127.0.0.1','2016-05-19 04:49:25'),(1091,2,'127.0.0.1','2016-05-19 04:51:21'),(1092,2,'127.0.0.1','2016-05-19 04:52:30'),(1093,2,'127.0.0.1','2016-05-19 04:53:34'),(1094,7,'127.0.0.1','2016-05-19 04:54:18'),(1095,1,'127.0.0.1','2016-05-19 06:11:26'),(1096,2,'127.0.0.1','2016-05-19 06:34:46'),(1097,1,'127.0.0.1','2016-05-19 07:00:05'),(1098,2,'127.0.0.1','2016-05-19 07:01:16'),(1099,1,'127.0.0.1','2016-05-19 07:16:22'),(1100,2,'127.0.0.1','2016-05-19 07:18:27'),(1101,29,'127.0.0.1','2016-05-19 07:31:51'),(1102,2,'127.0.0.1','2016-05-19 07:47:28'),(1103,1,'127.0.0.1','2016-05-19 07:47:48'),(1104,2,'127.0.0.1','2016-05-19 07:52:42'),(1105,1,'127.0.0.1','2016-05-19 07:53:01'),(1106,2,'127.0.0.1','2016-05-19 08:17:43'),(1107,9,'127.0.0.1','2016-05-20 00:09:57'),(1108,1,'127.0.0.1','2016-05-20 01:15:07'),(1109,2,'127.0.0.1','2016-05-20 01:18:54'),(1110,1,'127.0.0.1','2016-05-20 01:29:12'),(1111,7,'127.0.0.1','2016-05-20 02:20:37'),(1112,2,'127.0.0.1','2016-05-20 02:45:02'),(1113,2,'127.0.0.1','2016-05-20 17:52:51'),(1114,2,'127.0.0.1','2016-05-20 21:16:42'),(1115,2,'127.0.0.1','2016-05-20 21:20:09'),(1116,1,'127.0.0.1','2016-05-20 06:27:32'),(1117,2,'127.0.0.1','2016-05-20 06:38:56'),(1118,1,'127.0.0.1','2016-05-20 07:52:27'),(1119,2,'127.0.0.1','2016-05-20 07:54:19'),(1120,1,'127.0.0.1','2016-05-20 08:00:38'),(1121,2,'127.0.0.1','2016-05-20 08:01:06'),(1122,1,'127.0.0.1','2016-05-20 09:14:39'),(1123,2,'127.0.0.1','2016-05-20 09:29:59'),(1124,9,'127.0.0.1','2016-05-21 01:51:13'),(1125,5,'127.0.0.1','2016-05-21 05:06:53'),(1126,1,'127.0.0.1','2016-05-21 05:07:09'),(1127,1,'127.0.0.1','2016-05-21 06:45:30'),(1128,5,'127.0.0.1','2016-05-21 06:45:39'),(1129,5,'127.0.0.1','2016-05-21 06:52:56'),(1130,1,'127.0.0.1','2016-05-21 06:56:50'),(1131,5,'127.0.0.1','2016-05-21 07:04:52'),(1132,1,'127.0.0.1','2016-05-21 07:05:26'),(1133,5,'127.0.0.1','2016-05-21 07:07:38'),(1134,9,'127.0.0.1','2016-05-21 07:07:58'),(1135,2,'127.0.0.1','2016-05-21 07:08:47'),(1136,1,'127.0.0.1','2016-05-21 07:16:26'),(1137,7,'127.0.0.1','2016-05-21 08:30:18'),(1138,7,'127.0.0.1','2016-05-21 08:31:53'),(1139,7,'127.0.0.1','2016-05-21 08:40:09'),(1140,7,'127.0.0.1','2016-05-21 08:52:53'),(1141,7,'127.0.0.1','2016-05-21 08:59:57'),(1142,7,'127.0.0.1','2016-05-21 09:01:32'),(1143,7,'127.0.0.1','2016-05-21 09:05:17'),(1144,7,'127.0.0.1','2016-05-21 09:25:36'),(1145,2,'127.0.0.1','2016-05-21 09:32:13'),(1146,2,'127.0.0.1','2016-05-21 09:32:57'),(1147,9,'127.0.0.1','2016-05-21 08:45:20'),(1148,2,'127.0.0.1','2016-05-21 08:45:30'),(1149,1,'127.0.0.1','2016-05-21 08:45:53'),(1150,1,'127.0.0.1','2016-05-21 08:50:46'),(1151,7,'127.0.0.1','2016-05-21 10:10:24'),(1152,2,'127.0.0.1','2016-05-21 10:28:32'),(1153,1,'127.0.0.1','2016-05-22 00:01:49'),(1154,5,'127.0.0.1','2016-05-22 00:02:40'),(1155,1,'127.0.0.1','2016-05-24 01:29:50'),(1156,2,'127.0.0.1','2016-05-24 02:31:45'),(1157,5,'127.0.0.1','2016-05-24 02:11:49'),(1158,2,'127.0.0.1','2016-05-24 06:24:13'),(1159,2,'127.0.0.1','2016-05-24 06:42:01'),(1160,2,'127.0.0.1','2016-05-24 06:43:57'),(1161,5,'127.0.0.1','2016-05-24 05:57:59'),(1162,2,'127.0.0.1','2016-05-24 06:21:21'),(1163,7,'127.0.0.1','2016-05-24 07:22:07'),(1164,2,'127.0.0.1','2016-05-24 07:22:28'),(1165,2,'127.0.0.1','2016-05-24 08:25:48'),(1166,9,'127.0.0.1','2016-05-24 07:24:17'),(1167,9,'127.0.0.1','2016-05-24 07:24:52'),(1168,5,'127.0.0.1','2016-05-24 07:25:02'),(1169,2,'127.0.0.1','2016-05-24 07:25:09'),(1170,2,'127.0.0.1','2016-05-24 08:30:40'),(1171,2,'127.0.0.1','2016-05-25 00:52:25'),(1172,2,'127.0.0.1','2016-05-25 02:06:53'),(1173,7,'127.0.0.1','2016-05-25 02:10:00'),(1174,2,'127.0.0.1','2016-05-25 02:23:34'),(1175,7,'127.0.0.1','2016-05-25 02:24:48'),(1176,7,'127.0.0.1','2016-05-25 02:25:40'),(1177,7,'127.0.0.1','2016-05-25 02:26:51'),(1178,2,'127.0.0.1','2016-05-25 02:28:05'),(1179,7,'127.0.0.1','2016-05-25 02:29:31'),(1180,7,'127.0.0.1','2016-05-25 02:33:39'),(1181,7,'127.0.0.1','2016-05-25 06:02:21'),(1182,2,'127.0.0.1','2016-05-25 07:14:15'),(1183,2,'127.0.0.1','2016-05-25 07:14:25'),(1184,2,'127.0.0.1','2016-05-25 08:54:51'),(1185,1,'127.0.0.1','2016-05-25 09:35:44'),(1186,2,'127.0.0.1','2016-05-26 02:14:03'),(1187,2,'127.0.0.1','2016-05-26 02:28:41'),(1188,2,'127.0.0.1','2016-05-26 03:35:19'),(1189,9,'127.0.0.1','2016-05-26 02:35:34'),(1190,5,'127.0.0.1','2016-05-26 02:35:55'),(1191,2,'127.0.0.1','2016-05-26 06:18:12'),(1192,7,'127.0.0.1','2016-05-26 06:19:32'),(1193,2,'127.0.0.1','2016-05-26 05:28:32'),(1194,9,'127.0.0.1','2016-05-26 05:48:11'),(1195,1,'127.0.0.1','2016-05-26 05:57:12'),(1196,9,'127.0.0.1','2016-05-26 05:59:03'),(1197,2,'127.0.0.1','2016-05-26 06:20:35'),(1198,9,'127.0.0.1','2016-05-26 06:20:59'),(1199,1,'127.0.0.1','2016-05-26 06:39:08'),(1200,9,'127.0.0.1','2016-05-26 07:11:22'),(1201,2,'127.0.0.1','2016-05-26 07:18:24'),(1202,9,'127.0.0.1','2016-05-26 07:18:50'),(1203,2,'127.0.0.1','2016-05-26 07:22:58'),(1204,32,'127.0.0.1','2016-05-26 07:24:05');

/*Table structure for table `user_contacts` */

DROP TABLE IF EXISTS `user_contacts`;

CREATE TABLE `user_contacts` (
  `id` int(10) unsigned NOT NULL AUTO_INCREMENT,
  `user_id` int(10) unsigned NOT NULL,
  `first_name` varchar(48) COLLATE utf8_unicode_ci NOT NULL,
  `last_name` varchar(48) COLLATE utf8_unicode_ci NOT NULL,
  `gender` tinyint(1) NOT NULL DEFAULT '0',
  `birthday` date DEFAULT NULL,
  `country_code` varchar(2) COLLATE utf8_unicode_ci DEFAULT NULL,
  `state` varchar(48) COLLATE utf8_unicode_ci DEFAULT NULL,
  `city` varchar(48) COLLATE utf8_unicode_ci DEFAULT NULL,
  `address` varchar(128) COLLATE utf8_unicode_ci DEFAULT NULL,
  `address2` varchar(128) COLLATE utf8_unicode_ci DEFAULT NULL,
  `zipcode` varchar(16) COLLATE utf8_unicode_ci DEFAULT NULL,
  `phone` varchar(24) COLLATE utf8_unicode_ci DEFAULT NULL,
  `fax` varchar(24) COLLATE utf8_unicode_ci DEFAULT NULL,
  `timezone_id` int(10) unsigned DEFAULT NULL,
  `website` varchar(128) COLLATE utf8_unicode_ci DEFAULT NULL,
  `skype` varchar(128) COLLATE utf8_unicode_ci DEFAULT NULL,
  `yahoo` varchar(128) COLLATE utf8_unicode_ci DEFAULT NULL,
  `qq` varchar(128) COLLATE utf8_unicode_ci DEFAULT NULL,
  `deleted_at` timestamp NULL DEFAULT NULL,
  PRIMARY KEY (`id`),
  KEY `user_contacts_user_id_index` (`user_id`),
  KEY `user_contacts_country_code_index` (`country_code`),
  KEY `user_contacts_timezone_id_index` (`timezone_id`)
) ENGINE=InnoDB AUTO_INCREMENT=30 DEFAULT CHARSET=utf8 COLLATE=utf8_unicode_ci;

/*Data for the table `user_contacts` */

insert  into `user_contacts`(`id`,`user_id`,`first_name`,`last_name`,`gender`,`birthday`,`country_code`,`state`,`city`,`address`,`address2`,`zipcode`,`phone`,`fax`,`timezone_id`,`website`,`skype`,`yahoo`,`qq`,`deleted_at`) values (1,1,'Job','Waw',0,'0000-00-00','CN',NULL,NULL,NULL,NULL,NULL,NULL,NULL,32,NULL,NULL,NULL,NULL,NULL),(2,2,'GC','Jin',0,'1984-10-01','FR',NULL,'','','','','','',11,NULL,NULL,NULL,NULL,NULL),(3,3,'YongJin','Son',0,'1984-09-22','CN',NULL,NULL,NULL,NULL,NULL,NULL,NULL,22,NULL,NULL,NULL,NULL,NULL),(4,4,'MyongSon','Jo',0,'1987-01-02','CN',NULL,NULL,NULL,NULL,NULL,NULL,NULL,4,NULL,NULL,NULL,NULL,NULL),(5,5,'Kwang','So',0,'1977-11-29','CN',NULL,'Dalian',NULL,NULL,NULL,NULL,NULL,33,NULL,NULL,NULL,NULL,NULL),(6,6,'MyongJin','Pak',0,'1990-03-28','KP',NULL,'Pyongyang',NULL,NULL,NULL,NULL,NULL,64,NULL,NULL,NULL,NULL,NULL),(7,7,'CholMin','Ri',0,'1984-05-28','CN',NULL,NULL,NULL,NULL,NULL,NULL,NULL,64,NULL,NULL,NULL,NULL,NULL),(8,8,'km','jon',0,'0000-00-00','PE',NULL,'Lisbon','','','934029','','',57,NULL,NULL,NULL,NULL,NULL),(9,9,'Paul','Zheng',0,'1990-04-29','KP',NULL,'Pyongyang','Central District','Kyogu','02429','02-378-1111','02-378-2222',32,NULL,NULL,NULL,NULL,NULL),(15,15,'josh5','stein5',0,NULL,'CN',NULL,NULL,NULL,NULL,NULL,NULL,NULL,NULL,NULL,NULL,NULL,NULL,NULL),(16,16,'josh6','stein6',0,NULL,'CN',NULL,NULL,NULL,NULL,NULL,NULL,NULL,NULL,NULL,NULL,NULL,NULL,NULL),(17,17,'Andrew','Jin',0,NULL,'CN',NULL,NULL,NULL,NULL,NULL,NULL,NULL,NULL,NULL,NULL,NULL,NULL,NULL),(18,18,'Somsak','Ri',0,NULL,'TH',NULL,NULL,NULL,NULL,NULL,NULL,NULL,NULL,NULL,NULL,NULL,NULL,NULL),(19,19,'Somsak','Ri',0,NULL,'CN',NULL,NULL,NULL,NULL,NULL,NULL,NULL,NULL,NULL,NULL,NULL,NULL,NULL),(20,20,'Somsak','Ri',0,NULL,'CN',NULL,NULL,NULL,NULL,NULL,NULL,NULL,NULL,NULL,NULL,NULL,NULL,NULL),(21,22,'','',0,NULL,'',NULL,NULL,NULL,NULL,NULL,NULL,NULL,NULL,NULL,NULL,NULL,NULL,NULL),(22,23,'Somsak','Ri',0,NULL,'DZ',NULL,NULL,NULL,NULL,NULL,NULL,NULL,NULL,NULL,NULL,NULL,NULL,NULL),(23,25,'  abcd','  abcd',0,NULL,'CN',NULL,NULL,NULL,NULL,NULL,NULL,NULL,NULL,NULL,NULL,NULL,NULL,NULL),(24,26,'Tom','Michael',0,NULL,'CM',NULL,NULL,NULL,NULL,NULL,NULL,NULL,NULL,NULL,NULL,NULL,NULL,NULL),(25,27,'Andrew','JIn',0,NULL,'CN',NULL,NULL,NULL,NULL,NULL,NULL,NULL,NULL,NULL,NULL,NULL,NULL,NULL),(26,29,'Brice','Yu',0,NULL,'HK',NULL,NULL,NULL,NULL,NULL,NULL,NULL,NULL,NULL,NULL,NULL,NULL,NULL),(27,30,'Kennith','Riad',0,NULL,'BW',NULL,NULL,NULL,NULL,NULL,NULL,NULL,NULL,NULL,NULL,NULL,NULL,NULL),(28,31,'Paul','Waw',0,NULL,'SE',NULL,NULL,NULL,NULL,NULL,NULL,NULL,NULL,NULL,NULL,NULL,NULL,NULL),(29,32,'Zi','Kong',0,NULL,'CN',NULL,'上海','上海市什么街道哪个区','未知小区','101010','041-2938-9341',NULL,NULL,NULL,NULL,NULL,NULL,NULL);

/*Table structure for table `user_educations` */

DROP TABLE IF EXISTS `user_educations`;

CREATE TABLE `user_educations` (
  `id` int(10) unsigned NOT NULL AUTO_INCREMENT,
  `user_id` int(10) unsigned NOT NULL,
  `school` varchar(512) COLLATE utf8_unicode_ci NOT NULL,
  `degree` varchar(128) COLLATE utf8_unicode_ci NOT NULL,
  `major` varchar(128) COLLATE utf8_unicode_ci NOT NULL,
  `minor` varchar(128) COLLATE utf8_unicode_ci NOT NULL,
  `desc` varchar(1024) COLLATE utf8_unicode_ci NOT NULL,
  `from` date NOT NULL,
  `to` date NOT NULL,
  `is_verified` tinyint(1) NOT NULL DEFAULT '0',
  `is_active` tinyint(1) NOT NULL DEFAULT '0',
  `deleted_at` timestamp NULL DEFAULT NULL,
  PRIMARY KEY (`id`),
  KEY `user_educations_user_id_index` (`user_id`)
) ENGINE=InnoDB AUTO_INCREMENT=24 DEFAULT CHARSET=utf8 COLLATE=utf8_unicode_ci;

/*Data for the table `user_educations` */

insert  into `user_educations`(`id`,`user_id`,`school`,`degree`,`major`,`minor`,`desc`,`from`,`to`,`is_verified`,`is_active`,`deleted_at`) values (21,27,'Dalian Technology college','Programming','web','web','I am a  web developer','2005-01-01','2010-01-01',0,0,NULL),(23,2,'1','2','3','4','5','1986-01-01','1997-01-01',0,0,NULL);

/*Table structure for table `user_employments` */

DROP TABLE IF EXISTS `user_employments`;

CREATE TABLE `user_employments` (
  `id` int(10) unsigned NOT NULL AUTO_INCREMENT,
  `user_id` int(10) unsigned NOT NULL,
  `company` varchar(512) COLLATE utf8_unicode_ci NOT NULL,
  `position` varchar(128) COLLATE utf8_unicode_ci NOT NULL,
  `desc` varchar(1024) COLLATE utf8_unicode_ci NOT NULL,
  `from` date NOT NULL,
  `to` date NOT NULL,
  `is_verified` tinyint(1) NOT NULL DEFAULT '0',
  `is_active` tinyint(1) NOT NULL DEFAULT '0',
  `deleted_at` timestamp NULL DEFAULT NULL,
  PRIMARY KEY (`id`),
  KEY `user_employments_user_id_index` (`user_id`)
) ENGINE=InnoDB AUTO_INCREMENT=23 DEFAULT CHARSET=utf8 COLLATE=utf8_unicode_ci;

/*Data for the table `user_employments` */

insert  into `user_employments`(`id`,`user_id`,`company`,`position`,`desc`,`from`,`to`,`is_verified`,`is_active`,`deleted_at`) values (22,2,'1','2','3','1950-01-01','1950-01-01',0,0,NULL);

/*Table structure for table `user_groups` */

DROP TABLE IF EXISTS `user_groups`;

CREATE TABLE `user_groups` (
  `id` int(10) unsigned NOT NULL AUTO_INCREMENT,
  `user_id` int(10) unsigned NOT NULL DEFAULT '0' COMMENT 'User ID',
  `group_id` smallint(5) unsigned NOT NULL DEFAULT '0' COMMENT 'Group ID (a user can belong to multiple groups)',
  PRIMARY KEY (`id`)
) ENGINE=InnoDB AUTO_INCREMENT=8 DEFAULT CHARSET=latin1;

/*Data for the table `user_groups` */

insert  into `user_groups`(`id`,`user_id`,`group_id`) values (1,5,1),(2,5,2),(3,5,5),(4,2,2),(5,2,4),(6,2,6),(7,2,7);

/*Table structure for table `user_notifications` */

DROP TABLE IF EXISTS `user_notifications`;

CREATE TABLE `user_notifications` (
  `id` int(10) unsigned NOT NULL AUTO_INCREMENT,
  `notification_id` int(10) unsigned NOT NULL,
  `notification` varchar(1024) COLLATE utf8_unicode_ci NOT NULL,
  `sender_id` int(10) unsigned NOT NULL,
  `receiver_id` int(10) unsigned NOT NULL,
  `notified_at` timestamp NULL DEFAULT NULL,
  `read_at` timestamp NULL DEFAULT NULL,
  `valid_date` timestamp NULL DEFAULT NULL,
  PRIMARY KEY (`id`),
  KEY `user_notifications_notification_id_index` (`notification_id`),
  KEY `user_notifications_sender_id_index` (`sender_id`),
  KEY `user_notifications_receiver_id_index` (`receiver_id`)
) ENGINE=InnoDB AUTO_INCREMENT=38 DEFAULT CHARSET=utf8 COLLATE=utf8_unicode_ci CHECKSUM=1 DELAY_KEY_WRITE=1 ROW_FORMAT=DYNAMIC;

/*Data for the table `user_notifications` */

insert  into `user_notifications`(`id`,`notification_id`,`notification`,`sender_id`,`receiver_id`,`notified_at`,`read_at`,`valid_date`) values (3,9,'{\"EN\":{\"buyer_name\":\"CholMin Ri\",\"amount\":\"10.00\"}}',1,2,'2016-04-23 08:37:17','2016-04-27 09:53:14',NULL),(4,9,'{\"EN\":{\"buyer_name\":\"CholMin Ri\",\"amount\":-200}}',1,2,'2016-04-23 10:11:26','2016-04-23 10:14:17',NULL),(7,9,'{\"EN\":{\"buyer_name\":\"CholMin Ri\",\"amount\":\"2,999.99\"}}',1,3,'2016-04-23 10:28:10',NULL,NULL),(10,9,'{\"EN\":{\"buyer_name\":\"CholMin Ri\",\"amount\":\"250.00\"}}',1,3,'2016-04-23 10:31:57',NULL,NULL),(11,6,'{\"EN\":{\"buyer_fullname\":\"Brice Yu\",\"job_title\":\"Wawjob\\ud504\\ub85c\\uc81d\\ud2b8\\uc5d0 \\ub300\\ud55c \\ud1b5\\ud569\\uac80\\uc0ac\"}}',1,2,'2016-04-28 08:19:18','2016-04-28 23:20:40',NULL),(12,6,'{\"EN\":{\"buyer_fullname\":\"Brice Yu\",\"job_title\":\"Wawjob\\ud504\\ub85c\\uc81d\\ud2b8\\uc5d0 \\ub300\\ud55c \\ud1b5\\ud569\\uac80\\uc0ac\"}}',1,4,'2016-04-28 08:25:56',NULL,NULL),(13,6,'{\"EN\":{\"buyer_fullname\":\"Brice Yu\",\"job_title\":\"Wawjob\\ud504\\ub85c\\uc81d\\ud2b8\\uc5d0 \\ub300\\ud55c \\ud1b5\\ud569\\uac80\\uc0ac\"}}',1,2,'2016-04-28 08:26:26','2016-04-28 08:32:58',NULL),(14,6,'{\"EN\":{\"buyer_fullname\":\"Brice Yu\",\"job_title\":\"Wawjob\\ud504\\ub85c\\uc81d\\ud2b8\\uc5d0 \\ub300\\ud55c \\ud1b5\\ud569\\uac80\\uc0ac\"}}',1,5,'2016-04-28 08:26:39',NULL,NULL),(15,6,'{\"EN\":{\"buyer_fullname\":\"Brice Yu\",\"job_title\":\"Creative Writing - \\uae30\\uc0ac\\uc694\\uccad\"}}',1,2,'2016-04-28 08:28:57','2016-04-28 09:42:54',NULL),(16,5,'{\"EN\":{\"buyer_fullname\":\"Brice Yu\",\"job_title\":\"Creative Writing - \\uae30\\uc0ac\\uc694\\uccad\"}}',1,2,'2016-04-28 08:29:18','2016-04-28 08:32:54',NULL),(17,6,'{\"EN\":{\"buyer_fullname\":\"Brice Yu\",\"job_title\":\"Creative Writing - \\uae30\\uc0ac\\uc694\\uccad\"}}',1,3,'2016-04-28 08:34:38',NULL,NULL),(18,5,'{\"EN\":{\"buyer_fullname\":\"Brice Yu\",\"job_title\":\"Creative Writing - \\uae30\\uc0ac\\uc694\\uccad\"}}',1,3,'2016-04-28 08:34:47',NULL,NULL),(19,6,'{\"EN\":{\"buyer_fullname\":\"Paul Zheng\",\"job_title\":\"\\uc11c\\uad11\\ub3d9\\uc9c0\\uc640 \\uba85\\uc120\\ub3d9\\uc9c0\\uc5d0\\uac8c - HTML escaping\"}}',1,4,'2016-04-28 09:02:53',NULL,NULL),(20,6,'{\"EN\":{\"buyer_fullname\":\"Paul Zheng\",\"job_title\":\"\\uc11c\\uad11\\ub3d9\\uc9c0\\uc640 \\uba85\\uc120\\ub3d9\\uc9c0\\uc5d0\\uac8c - HTML escaping\"}}',1,5,'2016-04-28 09:03:12',NULL,NULL),(21,24,'{\"EN\":{\"sender_name\":\"GC Jin\"}}',1,2,'2016-04-28 10:18:52','2016-04-28 10:19:54',NULL),(27,24,'{\"EN\":{\"sender_name\":\"GC Jin\"}}',1,2,'2016-04-28 10:54:15','2016-04-28 10:54:41',NULL),(28,24,'{\"EN\":{\"sender_name\":\"Kwang So\"}}',1,5,'2016-04-29 03:47:19','2016-05-21 06:50:10',NULL),(29,24,'{\"EN\":{\"sender_name\":\"YongJin Son\"}}',1,3,'2016-05-13 02:10:37',NULL,NULL),(30,6,'{\"EN\":{\"buyer_fullname\":\"Paul Zheng\",\"job_title\":\"HTML\\/CSS Cutting Task\"}}',1,2,'2016-05-13 02:40:48','2016-05-18 02:08:32',NULL),(32,3,'{\"EN\":null}',1,2,'2016-05-20 02:44:51','2016-05-20 02:45:16',NULL),(34,2,'{\"EN\":null}',1,2,'2016-05-20 08:01:00','2016-05-20 08:01:13',NULL),(35,25,'{\"EN\":{\"freelancer_name\":\"GC Jin\",\"amount\":99}}',1,9,'2016-05-21 07:08:37',NULL,NULL),(36,9,'{\"EN\":{\"buyer_name\":\"Paul Zheng\",\"amount\":99}}',1,2,'2016-05-21 07:08:37','2016-05-21 07:09:12',NULL),(37,25,'{\"EN\":{\"freelancer_name\":\"GC Jin\",\"amount\":199}}',1,9,'2016-05-21 07:15:22',NULL,NULL);

/*Table structure for table `user_portfolios` */

DROP TABLE IF EXISTS `user_portfolios`;

CREATE TABLE `user_portfolios` (
  `id` int(10) unsigned NOT NULL AUTO_INCREMENT,
  `user_id` int(10) unsigned NOT NULL,
  `title` varchar(512) COLLATE utf8_unicode_ci NOT NULL,
  `url` varchar(512) COLLATE utf8_unicode_ci NOT NULL,
  `cat_id` int(10) DEFAULT NULL,
  PRIMARY KEY (`id`),
  KEY `user_portfolios_user_id_index` (`user_id`)
) ENGINE=InnoDB AUTO_INCREMENT=7 DEFAULT CHARSET=utf8 COLLATE=utf8_unicode_ci;

/*Data for the table `user_portfolios` */

insert  into `user_portfolios`(`id`,`user_id`,`title`,`url`,`cat_id`) values (2,27,'Homepage','',3),(3,27,'Homepage','',3),(4,27,'Homepage','',3),(5,27,'Homepage','',3),(6,27,'homepage','http://wawjob.com',3);

/*Table structure for table `user_profiles` */

DROP TABLE IF EXISTS `user_profiles`;

CREATE TABLE `user_profiles` (
  `id` int(10) unsigned NOT NULL AUTO_INCREMENT,
  `user_id` int(10) unsigned NOT NULL,
  `title` varchar(256) COLLATE utf8_unicode_ci DEFAULT NULL,
  `desc` varchar(1028) COLLATE utf8_unicode_ci DEFAULT NULL,
  `rate` decimal(10,2) DEFAULT NULL,
  `en_level` tinyint(3) unsigned NOT NULL DEFAULT '0',
  `share` tinyint(3) unsigned NOT NULL DEFAULT '0',
  `availability` tinyint(1) unsigned NOT NULL DEFAULT '0' COMMENT '0: > 30hrs, 1: 10~30 hrs, 2: Not Available',
  `last6_total_mins` int(10) unsigned NOT NULL DEFAULT '0' COMMENT 'Total minutes during last 6 months',
  `total_mins` int(10) unsigned NOT NULL DEFAULT '0' COMMENT 'Total minutes by now',
  `total_score` decimal(3,2) DEFAULT '0.00' COMMENT 'Total score (not-available when NULL)',
  `metered_at` timestamp NULL DEFAULT NULL COMMENT 'Last timestamp when total minutes were metered.',
  `deleted_at` timestamp NULL DEFAULT NULL,
  PRIMARY KEY (`id`),
  KEY `user_profiles_user_id_index` (`user_id`)
) ENGINE=InnoDB AUTO_INCREMENT=33 DEFAULT CHARSET=utf8 COLLATE=utf8_unicode_ci;

/*Data for the table `user_profiles` */

insert  into `user_profiles`(`id`,`user_id`,`title`,`desc`,`rate`,`en_level`,`share`,`availability`,`last6_total_mins`,`total_mins`,`total_score`,`metered_at`,`deleted_at`) values (1,1,'Administrator','As a programmer, chances are you’ve had to access a file system at some\r\npoint: reading files, writing files, renaming and deleting files. We’ll start our\r\nNode.js journey in this familiar area, creating useful, asynchronous file utili-ties. Along the way we’ll explore the following aspects of Node development.','20.00',0,0,0,0,0,'0.00',NULL,NULL),(2,2,'Welcome','Let’s enhance our file-watching example program even further by having it&nbsp;spawn a child process in response to a change. \r\nTo do this, we’ll bring in Node’s&nbsp;child-processmodule and dive into some Node patterns and classes. You’ll also&nbsp;learn how to use streams to pipe data around.<div>\r\nTo keep things simple, we’ll make our script invoke the lscommand with the&nbsp;-lhoptions.\r\n&nbsp;This will give us some information about the target file whenever&nbsp;it changes. You can use the same technique to spawn other kinds of processes,as well.\r\nOpen your editor and enter this:</div>','20.00',0,0,0,850,100,'4.00','2016-05-26 06:12:27',NULL),(3,5,'Senior Filemaker developer','a\r\nb\r\n\r\n','300.00',0,0,1,180,20,'1.39','2016-05-26 06:12:28',NULL),(4,3,'Php King!','Node.js couples JavaScript with an event loopfor quickly dispatching opera-tions when events occur. Many JavaScript environments use an event loop,\r\nbut it is a core feature of Node.js.\r\nNode’s philosophy is to give you low-level access to the event loop and to\r\nsystem resources. Or, in the words of core committer Felix Geisendörfer, in\r\nNode “everything runs in parallel except your code.”\r\n1\r\nIf this seems a little backwards to you, don’t worry. The following figure shows\r\nhow the event loop works.','22.00',0,0,0,0,0,'3.63','2016-05-26 06:12:28',NULL),(5,4,'?Nodejs Ghost?','The REQ/REP (request/reply) pattern is quite common in networked program-ming, particularly in Node. We’ll use this pattern often in the next couple of\r\nchapters, and ØMQ has great support for it. As you’ll see in a minute, this is\r\nwhere the “Q”of ØMQ becomes apparent.\r\nIn ØMQ, a REQ/REP pair communicates in lockstep. A request comes in,\r\nthen a reply goes out. Additional incoming requests are queuedand later\r\ndispatched by ØMQ. Your application, however, is only aware of one request\r\nat a time.\r\nLet’s see how this works, again using the file system as a source of information\r\nfor building a service. In this scenario, a responder waits for a request for file\r\ndata, then serves up the content when asked. We’ll start with the responder\r\n—the REP (reply) part of the REQ/REP pair.','25.00',0,0,0,0,0,'0.00','2016-05-26 06:12:28',NULL),(6,6,'Angular Prince','In multithreaded systems, doing more work in parallel means spinning up\r\nmore threads. But Node.js uses a single-threaded event loop, so to take\r\nadvantage of multiple cores or multiple processors on the same computer,\r\nyou have to spin up more Node processes.\r\nThis is called clusteringand it’s what Node’s built-in clustermodule does.\r\nClustering is a useful technique for scaling up your Node application when\r\nthere’s unused CPU capacity available. Scaling a Node application is a big\r\ntopic with lots of choices based on your particular scenario, but no matter\r\nhow you end up doing it, you’ll probably start with clustering.','38.00',0,0,0,0,0,'0.00','2016-04-17 22:52:38',NULL),(16,9,'Buyer (paulz)','I\'m a buyer.','0.00',0,0,0,60,60,'0.41','2016-04-04 08:12:00',NULL),(17,14,NULL,NULL,NULL,0,0,0,0,0,'0.00',NULL,NULL),(18,15,NULL,NULL,NULL,0,0,0,0,0,'0.00',NULL,NULL),(19,16,'6th freelancer created by paulz','6th freelancer created by paulz','36.00',0,1,0,0,0,'0.00','2016-04-04 09:25:19',NULL),(20,17,NULL,NULL,NULL,0,0,0,0,0,'0.00',NULL,NULL),(21,18,NULL,NULL,NULL,0,0,0,0,0,'0.00',NULL,NULL),(22,19,NULL,NULL,NULL,0,0,0,0,0,'0.00',NULL,NULL),(23,20,NULL,NULL,NULL,0,0,0,0,0,'0.00',NULL,NULL),(24,22,NULL,NULL,NULL,0,0,0,0,0,'0.00',NULL,NULL),(25,23,NULL,NULL,NULL,0,0,0,0,0,'0.00',NULL,NULL),(26,25,NULL,NULL,NULL,0,0,0,0,0,'0.00',NULL,NULL),(27,26,NULL,NULL,NULL,0,0,0,0,0,'0.00',NULL,NULL),(28,27,'Wordpress and Magento Developer','I have been developing the wordpress and magento sites for ten years.&nbsp;','0.00',0,0,0,0,0,'0.00','2016-04-26 09:43:28',NULL),(29,29,NULL,NULL,NULL,0,0,0,0,0,'0.00',NULL,NULL),(30,30,NULL,NULL,NULL,0,0,0,0,0,'0.00',NULL,NULL),(31,31,'Senior Filemaker Developer','During last 5 years, I have been working as a filemaker developer.\r\nPlease do not hestitate to \r\n','44.00',0,0,0,0,0,'0.00','2016-05-07 01:32:02',NULL),(32,32,NULL,NULL,NULL,0,0,0,0,0,'0.00',NULL,NULL);

/*Table structure for table `user_skills` */

DROP TABLE IF EXISTS `user_skills`;

CREATE TABLE `user_skills` (
  `id` int(10) unsigned NOT NULL AUTO_INCREMENT,
  `user_id` int(10) unsigned NOT NULL,
  `skill_id` int(10) unsigned NOT NULL,
  `priority` tinyint(3) unsigned NOT NULL DEFAULT '0',
  `level` tinyint(3) unsigned NOT NULL DEFAULT '0',
  `is_verified` tinyint(1) NOT NULL DEFAULT '0',
  `is_active` tinyint(1) NOT NULL DEFAULT '1',
  PRIMARY KEY (`id`),
  KEY `user_skills_user_id_skill_id_index` (`user_id`,`skill_id`),
  KEY `user_skills_user_id_index` (`user_id`),
  KEY `user_skills_skill_id_index` (`skill_id`)
) ENGINE=InnoDB AUTO_INCREMENT=267 DEFAULT CHARSET=utf8 COLLATE=utf8_unicode_ci;

/*Data for the table `user_skills` */

insert  into `user_skills`(`id`,`user_id`,`skill_id`,`priority`,`level`,`is_verified`,`is_active`) values (1,4,1,0,0,0,1),(2,4,2,0,0,0,1),(3,4,5,0,0,0,1),(4,4,6,0,0,0,1),(245,27,1,0,0,0,1),(246,27,2,0,0,0,1),(247,27,3,0,0,0,1),(248,27,4,0,0,0,1),(249,27,7,0,0,0,1),(250,27,8,0,0,0,1),(251,31,1,0,0,0,1),(252,31,3,0,0,0,1),(253,31,7,0,0,0,1),(254,31,8,0,0,0,1),(260,2,1,0,0,0,1),(261,2,3,0,0,0,1),(262,2,4,0,0,0,1),(263,2,6,0,0,0,1),(264,2,8,0,0,0,1),(265,5,7,0,0,0,1),(266,5,10,0,0,0,1);

/*Table structure for table `user_tokens` */

DROP TABLE IF EXISTS `user_tokens`;

CREATE TABLE `user_tokens` (
  `id` int(10) unsigned NOT NULL AUTO_INCREMENT,
  `user_id` int(10) unsigned NOT NULL,
  `api_v1_token` varchar(128) COLLATE utf8_unicode_ci NOT NULL DEFAULT '',
  `reset_pwd_token` varchar(128) COLLATE utf8_unicode_ci NOT NULL DEFAULT '',
  `reset_pwd_at` timestamp NULL DEFAULT NULL,
  `deleted_at` timestamp NULL DEFAULT NULL,
  PRIMARY KEY (`id`),
  KEY `user_tokens_user_id_index` (`user_id`),
  KEY `reset_pwd_token` (`reset_pwd_token`),
  KEY `api_v1_token` (`api_v1_token`)
) ENGINE=InnoDB AUTO_INCREMENT=7 DEFAULT CHARSET=utf8 COLLATE=utf8_unicode_ci;

/*Data for the table `user_tokens` */

insert  into `user_tokens`(`id`,`user_id`,`api_v1_token`,`reset_pwd_token`,`reset_pwd_at`,`deleted_at`) values (1,3,'','',NULL,NULL),(2,2,'','a037d2302f8bef4b730faa4952a600e7e8e8608b0a2a83eaa81ed37f21453d61','2016-04-23 08:14:15',NULL),(3,2,'','','2016-04-22 12:57:49',NULL),(4,4,'','',NULL,NULL),(5,5,'','',NULL,NULL),(6,31,'','',NULL,NULL);

/*Table structure for table `users` */

DROP TABLE IF EXISTS `users`;

CREATE TABLE `users` (
  `id` int(10) unsigned NOT NULL AUTO_INCREMENT,
  `username` varchar(128) COLLATE utf8_unicode_ci NOT NULL,
  `email` varchar(128) COLLATE utf8_unicode_ci NOT NULL,
  `password` varchar(128) COLLATE utf8_unicode_ci NOT NULL,
  `question_id` int(10) unsigned DEFAULT NULL,
  `answer` varchar(128) COLLATE utf8_unicode_ci DEFAULT NULL,
  `status` tinyint(3) unsigned NOT NULL DEFAULT '0',
  `remember_token` varchar(100) COLLATE utf8_unicode_ci DEFAULT NULL,
  `locale` varchar(8) COLLATE utf8_unicode_ci DEFAULT NULL,
  `created_at` timestamp NOT NULL DEFAULT '0000-00-00 00:00:00',
  `updated_at` timestamp NOT NULL DEFAULT '0000-00-00 00:00:00',
  `deleted_at` timestamp NULL DEFAULT NULL,
  PRIMARY KEY (`id`),
  UNIQUE KEY `users_username_unique` (`username`),
  UNIQUE KEY `users_email_unique` (`email`),
  KEY `users_username_password_index` (`username`,`password`),
  KEY `users_email_password_index` (`email`,`password`)
) ENGINE=InnoDB AUTO_INCREMENT=33 DEFAULT CHARSET=utf8 COLLATE=utf8_unicode_ci;

/*Data for the table `users` */

insert  into `users`(`id`,`username`,`email`,`password`,`question_id`,`answer`,`status`,`remember_token`,`locale`,`created_at`,`updated_at`,`deleted_at`) values (1,'admin','admin@wawjob.com','$2y$10$bW9YifrZZVNBBCiCnjJZcuJQ5IkiFz..I.Uqvzb/nJiAKVhDcbqn.',NULL,NULL,1,'ejuBnGmAFMcH2Ak26LNKQ4fHR5MeIXCiyifxzzZDFRyCrQRvMiSytQ6q7C1Y',NULL,'2016-03-16 06:47:10','2016-05-26 07:11:17',NULL),(2,'jin','jin@wawjob.com','$2y$10$kB8VfzH6M3XEXTfU/2o84OJPbC1/Z8fUurxEPKdQNwfCrg5IqLpx.',NULL,NULL,1,'pvTtpd8ZOVhElHMHCDuZkWkjpOThk2hJjPYaiKtwWAEzWRDZdr3pHKWRQVGp','ch','2016-03-16 06:47:10','2016-05-26 07:23:03',NULL),(3,'son','son@wawjob.com','$2y$10$TaM2kwXVhozW2B5kehmNxu1.ReuU0lXFOZHECa9jSd8.WNaF4khOe',NULL,NULL,1,'eeKMhGZyyu87lRsgDkJVMXFPfEtFXf7m8lVqyprPh5gEWeJwCjwRy9DW7dwb',NULL,'2016-03-16 06:47:10','2016-05-06 05:12:57',NULL),(4,'jo','jo@wawjob.com','$2y$10$mDrtYU3p3Wvtdfg9GZRfB.S1cKt3uG5wTScqk.5HTt8Mat7Uw7D9q',NULL,NULL,1,'or81HAekgI9hIHglShd7r7pCQkdGTNY4VdxU5qXnIMXYO50lvjF8iyHoEjRy',NULL,'2016-03-16 06:47:10','2016-04-28 09:30:58',NULL),(5,'so','so@wawjob.com','$2y$10$9m8jzCHdfVndVwnJq7zbve5HzUMsp8B1GHnqPbki/9xueYcTdizx2',NULL,NULL,1,'zRKptueVoZ4llWXm3dUf2nwIYBGR8qVDHRZAwUmDDb0HiJAh8oxovVJcb7mF','ch','2016-03-16 06:47:10','2016-05-26 02:36:45',NULL),(6,'pak','pak@wawjob.com','$2y$10$K.ZebGMI4ba5cRNRORCgAuDiD0YPSeKXBMtz3G8aEtovqWJAKMUci',NULL,NULL,1,'0J8OTYPNqoCvx49Eda1M8ZpJpRW0bEY29M4kmWlDR97CWVZRbaPcKjUrPLqY',NULL,'2016-03-16 06:47:10','2016-04-28 09:31:43',NULL),(7,'ri','ri@wawjob.com','$2y$10$xw/Ph2K3gJL2IlebRxonVucgZtQzPt5QOs1RV.HvTQkrSQTYfoyoi',NULL,NULL,1,'oRx6MSAVXdDD318BnfSP0faxFDMPTV1iMwlxAfYjoUoH2PwJLoDZYzUCwxY0','ch','2016-03-16 06:47:10','2016-05-26 03:35:15',NULL),(8,'k','km@wawjob.com','$2y$10$PpJ2H52dN2/dXLy2xXk9kuEztq/CMdPNzjHY1dwOelBJr0i7Jh3oK',NULL,NULL,0,'NuIQ5qqhs6WOBSnQE9XoUvq084jIraDKfX4AhVaFm49HwoH7brvLwM9onK0a',NULL,'2016-03-20 07:33:09','2016-03-28 08:03:53',NULL),(9,'paulz','mypaulzdomain@gmail.com','$2y$10$B9wbKvOLk7WhnEjG5IaW8e3dYNq8Uvi0sPF1BPWLhv1bwvJvZsYx6',NULL,NULL,1,'azaLogfwsZ5Q5a9h1x29LzGDMbGE9GimoeHYLnAiZBzh4kZ9rozouliCEWOH','ch','2016-03-30 14:07:13','2016-05-26 07:22:55',NULL),(15,'josh5','josh5@gmail.com','$2y$10$B67wGTaX2vyvyhVhjMMmIemb7SkFVOr7/p0/OVMJL47fXEwnd99/G',NULL,NULL,0,NULL,NULL,'2016-04-03 07:57:58','2016-04-03 07:57:58',NULL),(16,'josh6','josh6@gmail.com','$2y$10$OZk9bLAYcr3DJmsw3xj4b.pbe7LX4OqmcngXUYBofv0bHL7x6yhVO',NULL,NULL,0,'GtMwMxtMgAINyg9YDk8RlETCUpqc3XBBVsqY9mCvxfGEakhfwS9eJUJW9cng',NULL,'2016-04-03 08:04:05','2016-04-03 10:23:31',NULL),(17,'andrewjin520','andrewjin@gmail.com','$2y$10$Un8VZNAcLJZf6a3XZ2iJD.Fs5cjVL4Hi9y/t1PrZxshjD3vfOWLgm',NULL,NULL,0,'fuYsB80uOcbHI1Zx3MIHqjHpbujbWPt7hEuLVeuGmGttOUcMgyUz0bDdFd38',NULL,'2016-04-07 04:14:56','2016-04-07 04:15:35',NULL),(20,'risomsak','risomsak@gmail.com','$2y$10$N8Zhp7FWRXZ6J.2eKMq.NeiJ97xEq9WRxZoyFzAXHv0234eFybgha',NULL,NULL,0,'oU5SsUcj9CiVgXuRmSCE8uwGmSDOeclKYFy9FySc9GPVsJpjZOtoyskMrxW1',NULL,'2016-04-12 18:12:55','2016-04-22 17:14:01',NULL),(21,'risomsak1','risomsk@gmail.com','$2y$10$741cXpmAXbhqmdR/dOJk6OqiFBisJjB8CjnO6.94rO6k.zeJlX.YK',1,NULL,0,NULL,NULL,'2016-04-12 18:51:43','2016-04-12 18:51:43',NULL),(23,'sdjfsadufksadfksd','ri@gmail.com','$2y$10$8PB9nr7cfWdVMnqrJVAcfe0XqMcW1u/6bHk2bu26Y/kWY76jhsWhK',1,NULL,0,NULL,NULL,'2016-04-13 18:42:16','2016-04-13 18:42:16',NULL),(25,'  abc','mydoc@gmail.com','$2y$10$zXTLV5hiM1cZXmFLowr1Ve1Qi/QJ.QC9hTGqr2OO.jLAD6awftcdy',NULL,NULL,0,NULL,NULL,'2016-04-14 06:57:58','2016-04-14 06:57:58',NULL),(26,'tomi','tomi@gmail.com','$2y$10$Pqqg7ClYZvW6Q2ZLGGtAM.0v/FXs0sel7am7qaf/F9qcnseJogrMK',NULL,NULL,0,'LlrYyvJgTCAyNg9OEb6w8LNSU3ixL7sgOyCqsuWfI8FsanIcG27UA86NahqX',NULL,'2016-04-19 08:20:48','2016-04-19 08:22:48',NULL),(27,'andrewjin1990','andrewjin1990@gmail.com','$2y$10$IyGq6mQhIubhLD/iCnF4S.dm8eyRiBJ9tYGcY3doeCuVmk.AmS/O.',NULL,NULL,0,NULL,NULL,'2016-04-26 09:15:23','2016-04-26 09:15:23',NULL),(29,'brice','briceyu@wawjob.com','$2y$10$HxDDYSuigCsgZ37pUgcQgu988Sgw1AVdtmwLdUS7y6mNny4JGnu7y',1,NULL,0,'SWFcDRapFWcGetJzMMCrOosQP7dg2kmjavhPnnGaPUadp4EAyW97DcisONbr',NULL,'2016-04-27 09:55:10','2016-05-19 07:47:22',NULL),(30,'kennith','kennith@wawjob.com','$2y$10$8huEYWD/63zmN9JEfe8y0uRfZYlzj4YdITxfLu6ClLwaKYo0TLCW.',1,NULL,0,NULL,NULL,'2016-04-27 09:57:20','2016-04-27 09:57:20',NULL),(31,'paulw','paulwaw@wawjob.com','$2y$10$V6Gpl1Jb6MirnzhzB7cj3OoRuRxR7rhxQQlpIPN0zivFsFH.E7Kie',NULL,NULL,0,'0YWuVhum2VQXB1Ib2ZvpqSOUqfUhxKVMjluG1TxKYmbnH1scRaNk3IMJ6lTc',NULL,'2016-04-27 10:03:59','2016-04-28 08:32:45',NULL),(32,'kongzi','kongzi@163.com','$2y$10$KXrV2D1HPnhf6DKCkitQxudXHTW5jczCYllBbgde6qJ8h7LVl84gK',NULL,NULL,0,NULL,NULL,'2016-05-26 07:24:00','2016-05-26 07:24:00',NULL);

/*Table structure for table `users_languages` */

DROP TABLE IF EXISTS `users_languages`;

CREATE TABLE `users_languages` (
  `id` int(10) unsigned NOT NULL AUTO_INCREMENT,
  `user_id` int(11) NOT NULL,
  `lang_id` int(11) NOT NULL,
  `deleted_at` timestamp NULL DEFAULT NULL,
  PRIMARY KEY (`id`),
  UNIQUE KEY `users_languages_user_id_lang_id_unique` (`user_id`,`lang_id`)
) ENGINE=InnoDB AUTO_INCREMENT=209 DEFAULT CHARSET=utf8 COLLATE=utf8_unicode_ci;

/*Data for the table `users_languages` */

insert  into `users_languages`(`id`,`user_id`,`lang_id`,`deleted_at`) values (1,4,8,NULL),(2,4,13,NULL),(195,27,35,NULL),(196,27,62,NULL),(197,31,35,NULL),(198,31,63,NULL),(203,2,1,NULL),(204,2,2,NULL),(205,2,5,NULL),(206,2,79,NULL),(207,5,8,NULL),(208,5,14,NULL);

/*Table structure for table `users_roles` */

DROP TABLE IF EXISTS `users_roles`;

CREATE TABLE `users_roles` (
  `id` int(10) unsigned NOT NULL AUTO_INCREMENT,
  `user_id` int(11) NOT NULL,
  `role_id` int(11) NOT NULL,
  PRIMARY KEY (`id`)
) ENGINE=InnoDB AUTO_INCREMENT=26 DEFAULT CHARSET=utf8 COLLATE=utf8_unicode_ci;

/*Data for the table `users_roles` */

insert  into `users_roles`(`id`,`user_id`,`role_id`) values (1,1,2),(2,2,5),(3,3,5),(4,4,5),(5,5,5),(6,6,4),(7,7,4),(8,8,2),(9,9,4),(10,16,5),(11,17,5),(12,18,5),(13,19,5),(14,20,5),(15,21,4),(16,22,4),(17,23,4),(18,25,5),(19,26,5),(20,27,5),(21,28,4),(22,29,4),(23,30,4),(24,31,5),(25,32,5);

/*Table structure for table `wallet_history` */

DROP TABLE IF EXISTS `wallet_history`;

CREATE TABLE `wallet_history` (
  `id` int(10) unsigned NOT NULL AUTO_INCREMENT,
  `user_id` int(10) unsigned NOT NULL,
  `date` date NOT NULL,
  `balance` decimal(10,2) NOT NULL DEFAULT '0.00',
  `created_at` timestamp NOT NULL DEFAULT CURRENT_TIMESTAMP ON UPDATE CURRENT_TIMESTAMP,
  PRIMARY KEY (`id`)
) ENGINE=InnoDB DEFAULT CHARSET=latin1;

/*Data for the table `wallet_history` */

/*Table structure for table `wallets` */

DROP TABLE IF EXISTS `wallets`;

CREATE TABLE `wallets` (
  `id` int(10) unsigned NOT NULL AUTO_INCREMENT,
  `user_id` int(10) unsigned NOT NULL,
  `amount` decimal(20,2) unsigned NOT NULL DEFAULT '0.00',
  `status` tinyint(1) NOT NULL DEFAULT '1',
  `created_at` timestamp NOT NULL DEFAULT '0000-00-00 00:00:00',
  `updated_at` timestamp NOT NULL DEFAULT '0000-00-00 00:00:00',
  `deleted_at` timestamp NULL DEFAULT NULL,
  PRIMARY KEY (`id`),
  KEY `wallets_user_id_index` (`user_id`)
) ENGINE=InnoDB AUTO_INCREMENT=30 DEFAULT CHARSET=utf8 COLLATE=utf8_unicode_ci;

/*Data for the table `wallets` */

insert  into `wallets`(`id`,`user_id`,`amount`,`status`,`created_at`,`updated_at`,`deleted_at`) values (1,2,'20.90',1,'0000-00-00 00:00:00','2016-04-22 17:56:49',NULL),(2,3,'1914.00',1,'0000-00-00 00:00:00','2016-04-03 03:42:13',NULL),(3,4,'800.00',1,'0000-00-00 00:00:00','0000-00-00 00:00:00',NULL),(4,5,'9563.60',1,'2016-03-30 03:13:33','2016-03-30 15:22:49',NULL),(5,6,'0.00',1,'0000-00-00 00:00:00','0000-00-00 00:00:00',NULL),(6,7,'4584.74',1,'2016-03-30 13:00:26','2016-04-03 03:42:13',NULL),(7,9,'98.00',1,'2016-03-30 14:07:13','2016-03-30 14:26:34',NULL),(9,1,'432.86',1,'0000-00-00 00:00:00','2016-04-03 03:42:13',NULL),(10,10,'0.00',1,'2016-04-03 07:31:35','2016-04-03 07:31:35',NULL),(11,11,'0.00',1,'2016-04-03 07:38:20','2016-04-03 07:38:20',NULL),(12,12,'0.00',1,'2016-04-03 07:41:10','2016-04-03 07:41:10',NULL),(13,13,'0.00',1,'2016-04-03 07:45:32','2016-04-03 07:45:32',NULL),(14,14,'0.00',1,'2016-04-03 07:47:34','2016-04-03 07:47:34',NULL),(15,15,'0.00',1,'2016-04-03 07:57:58','2016-04-03 07:57:58',NULL),(16,16,'0.00',1,'2016-04-03 08:04:06','2016-04-03 08:04:06',NULL),(17,17,'0.00',1,'2016-04-07 04:14:57','2016-04-07 04:14:57',NULL),(18,18,'0.00',1,'2016-04-12 17:23:20','2016-04-12 17:23:20',NULL),(19,19,'0.00',1,'2016-04-12 18:11:30','2016-04-12 18:11:30',NULL),(20,20,'0.00',1,'2016-04-12 18:12:55','2016-04-12 18:12:55',NULL),(21,22,'0.00',1,'2016-04-13 00:04:28','2016-04-13 00:04:28',NULL),(22,23,'0.00',1,'2016-04-13 18:42:17','2016-04-13 18:42:17',NULL),(23,25,'0.00',1,'2016-04-14 06:58:00','2016-04-14 06:58:00',NULL),(24,26,'0.00',1,'2016-04-19 08:20:49','2016-04-19 08:20:49',NULL),(25,27,'0.00',1,'2016-04-26 09:15:24','2016-04-26 09:15:24',NULL),(26,29,'0.00',1,'2016-04-27 09:55:10','2016-04-27 09:55:10',NULL),(27,30,'0.00',1,'2016-04-27 09:57:21','2016-04-27 09:57:21',NULL),(28,31,'0.00',1,'2016-04-27 10:04:00','2016-04-27 10:04:00',NULL),(29,32,'0.00',1,'2016-05-26 07:24:00','2016-05-26 07:24:00',NULL);

/*!40101 SET SQL_MODE=@OLD_SQL_MODE */;
/*!40014 SET FOREIGN_KEY_CHECKS=@OLD_FOREIGN_KEY_CHECKS */;
